<?xml version="1.0"?>
<gpx xmlns="http://www.topografix.com/GPX/1/1" xmlns:xsi="http://www.w3.org/2001/XMLSchema-instance" xmlns:wptx1="http://www.garmin.com/xmlschemas/WaypointExtension/v1" xmlns:gpxtrx="http://www.garmin.com/xmlschemas/GpxExtensions/v3" xmlns:gpxtpx="http://www.garmin.com/xmlschemas/TrackPointExtension/v1" xmlns:gpxx="http://www.garmin.com/xmlschemas/GpxExtensions/v3" xmlns:trp="http://www.garmin.com/xmlschemas/TripExtensions/v1" xmlns:adv="http://www.garmin.com/xmlschemas/AdventuresExtensions/v1" xmlns:prs="http://www.garmin.com/xmlschemas/PressureExtension/v1" xmlns:tmd="http://www.garmin.com/xmlschemas/TripMetaDataExtensions/v1" xmlns:vptm="http://www.garmin.com/xmlschemas/ViaPointTransportationModeExtensions/v1" xmlns:ctx="http://www.garmin.com/xmlschemas/CreationTimeExtension/v1" xmlns:gpxacc="http://www.garmin.com/xmlschemas/AccelerationExtension/v1" xmlns:gpxpx="http://www.garmin.com/xmlschemas/PowerExtension/v1" xmlns:vidx1="http://www.garmin.com/xmlschemas/VideoExtension/v1" creator="Garmin Desktop App" version="1.1" xsi:schemaLocation="http://www.topografix.com/GPX/1/1 http://www.topografix.com/GPX/1/1/gpx.xsd http://www.garmin.com/xmlschemas/WaypointExtension/v1 http://www8.garmin.com/xmlschemas/WaypointExtensionv1.xsd http://www.garmin.com/xmlschemas/TrackPointExtension/v1 http://www.garmin.com/xmlschemas/TrackPointExtensionv1.xsd http://www.garmin.com/xmlschemas/GpxExtensions/v3 http://www8.garmin.com/xmlschemas/GpxExtensionsv3.xsd http://www.garmin.com/xmlschemas/ActivityExtension/v1 http://www8.garmin.com/xmlschemas/ActivityExtensionv1.xsd http://www.garmin.com/xmlschemas/AdventuresExtensions/v1 http://www8.garmin.com/xmlschemas/AdventuresExtensionv1.xsd http://www.garmin.com/xmlschemas/PressureExtension/v1 http://www.garmin.com/xmlschemas/PressureExtensionv1.xsd http://www.garmin.com/xmlschemas/TripExtensions/v1 http://www.garmin.com/xmlschemas/TripExtensionsv1.xsd http://www.garmin.com/xmlschemas/TripMetaDataExtensions/v1 http://www.garmin.com/xmlschemas/TripMetaDataExtensionsv1.xsd http://www.garmin.com/xmlschemas/ViaPointTransportationModeExtensions/v1 http://www.garmin.com/xmlschemas/ViaPointTransportationModeExtensionsv1.xsd http://www.garmin.com/xmlschemas/CreationTimeExtension/v1 http://www.garmin.com/xmlschemas/CreationTimeExtensionsv1.xsd http://www.garmin.com/xmlschemas/AccelerationExtension/v1 http://www.garmin.com/xmlschemas/AccelerationExtensionv1.xsd http://www.garmin.com/xmlschemas/PowerExtension/v1 http://www.garmin.com/xmlschemas/PowerExtensionv1.xsd http://www.garmin.com/xmlschemas/VideoExtension/v1 http://www.garmin.com/xmlschemas/VideoExtensionv1.xsd">
  <metadata>
    <link href="http://www.garmin.com">
      <text>Garmin International</text>
    </link>
    <time>2026-06-22T12:22:13Z</time>
    <bounds maxlat="-33.913769982755184" maxlon="18.459144243970513" minlat="-34.198540952056646" minlon="18.315383456647396"/>
  </metadata>
  <trk>
    <name>06 UTCT Miler Baskloof 2025 002</name>
    <link href="https://www.strava.com/routes/3287328774992918140"/>
    <link href="https://www.strava.com/routes/2996443940327712060"/>
    <link href="https://www.strava.com/routes/3216370258224371324"/>
    <link href="https://www.strava.com/routes/2996443940327712060"/>
    <link href="https://www.strava.com/routes/2996443940327712060"/>
    <link href="https://www.strava.com/routes/3216370258224371324"/>
    <link href="https://www.strava.com/routes/2996443940327712060"/>
    <link href="https://www.strava.com/routes/2996443940327712060"/>
    <link href="https://www.strava.com/routes/3216370258224371324"/>
    <link href="https://www.strava.com/routes/2996443940327712060"/>
    <link href="https://www.strava.com/routes/2996443940327712060"/>
    <link href="https://www.strava.com/routes/3216370258224371324"/>
    <link href="https://www.strava.com/routes/2996443940327712060"/>
    <link href="https://www.strava.com/routes/3287328774992918140"/>
    <link href="https://www.strava.com/routes/2996443940327712060"/>
    <link href="https://www.strava.com/routes/3216370258224371324"/>
    <link href="https://www.strava.com/routes/2996443940327712060"/>
    <link href="https://www.strava.com/routes/2996443940327712060"/>
    <link href="https://www.strava.com/routes/3216370258224371324"/>
    <link href="https://www.strava.com/routes/2996443940327712060"/>
    <link href="https://www.strava.com/routes/2996443940327712060"/>
    <link href="https://www.strava.com/routes/3216370258224371324"/>
    <link href="https://www.strava.com/routes/2996443940327712060"/>
    <link href="https://www.strava.com/routes/2996443940327712060"/>
    <link href="https://www.strava.com/routes/3216370258224371324"/>
    <link href="https://www.strava.com/routes/2996443940327712060"/>
    <link href="https://www.strava.com/routes/3287328774992918140"/>
    <link href="https://www.strava.com/routes/2996443940327712060"/>
    <link href="https://www.strava.com/routes/3216370258224371324"/>
    <link href="https://www.strava.com/routes/2996443940327712060"/>
    <link href="https://www.strava.com/routes/2996443940327712060"/>
    <link href="https://www.strava.com/routes/3216370258224371324"/>
    <link href="https://www.strava.com/routes/2996443940327712060"/>
    <link href="https://www.strava.com/routes/2996443940327712060"/>
    <link href="https://www.strava.com/routes/3216370258224371324"/>
    <link href="https://www.strava.com/routes/2996443940327712060"/>
    <link href="https://www.strava.com/routes/2996443940327712060"/>
    <link href="https://www.strava.com/routes/3216370258224371324"/>
    <link href="https://www.strava.com/routes/2996443940327712060"/>
    <link href="https://www.strava.com/routes/3287328774992918140"/>
    <link href="https://www.strava.com/routes/2996443940327712060"/>
    <link href="https://www.strava.com/routes/3216370258224371324"/>
    <link href="https://www.strava.com/routes/2996443940327712060"/>
    <link href="https://www.strava.com/routes/2996443940327712060"/>
    <link href="https://www.strava.com/routes/3216370258224371324"/>
    <link href="https://www.strava.com/routes/2996443940327712060"/>
    <link href="https://www.strava.com/routes/2996443940327712060"/>
    <link href="https://www.strava.com/routes/3216370258224371324"/>
    <link href="https://www.strava.com/routes/2996443940327712060"/>
    <link href="https://www.strava.com/routes/2996443940327712060"/>
    <link href="https://www.strava.com/routes/3216370258224371324"/>
    <link href="https://www.strava.com/routes/2996443940327712060"/>
    <extensions>
      <gpxx:TrackExtension>
        <gpxx:DisplayColor>Magenta</gpxx:DisplayColor>
      </gpxx:TrackExtension>
    </extensions>
    <trkseg>
      <trkpt lat="-33.944417824968696" lon="18.414556458592415">
        <ele>143.359375</ele>
      </trkpt>
      <trkpt lat="-33.944204924628139" lon="18.41376026161015">
        <ele>144.48046875</ele>
      </trkpt>
      <trkpt lat="-33.944099815562367" lon="18.413651715964079">
        <ele>145.28515625</ele>
      </trkpt>
      <trkpt lat="-33.943854561075568" lon="18.413651715964079">
        <ele>143.87890625</ele>
      </trkpt>
      <trkpt lat="-33.943843748420477" lon="18.413842488080263">
        <ele>141.75390625</ele>
      </trkpt>
      <trkpt lat="-33.94388691522181" lon="18.414062932133675">
        <ele>140.32421875</ele>
      </trkpt>
      <trkpt lat="-33.943929998204112" lon="18.414489990100265">
        <ele>139.25</ele>
      </trkpt>
      <trkpt lat="-33.943994706496596" lon="18.41491830535233">
        <ele>140.5234375</ele>
      </trkpt>
      <trkpt lat="-33.944009961560369" lon="18.415049985051155">
        <ele>141.64453125</ele>
      </trkpt>
      <trkpt lat="-33.943850034847856" lon="18.415530016645789">
        <ele>141.2578125</ele>
      </trkpt>
      <trkpt lat="-33.944020019844174" lon="18.415560023859143">
        <ele>143.70703125</ele>
      </trkpt>
      <trkpt lat="-33.944169972091913" lon="18.415630012750626">
        <ele>145.3984375</ele>
      </trkpt>
      <trkpt lat="-33.944239960983396" lon="18.415700001642108">
        <ele>146.15625</ele>
      </trkpt>
      <trkpt lat="-33.94429000094533" lon="18.415799997746944">
        <ele>146.66796875</ele>
      </trkpt>
      <trkpt lat="-33.944459985941648" lon="18.416310036554933">
        <ele>147.3125</ele>
      </trkpt>
      <trkpt lat="-33.944629970937967" lon="18.416819991543889">
        <ele>144.64453125</ele>
      </trkpt>
      <trkpt lat="-33.944910010322928" lon="18.416789984330535">
        <ele>148.8515625</ele>
      </trkpt>
      <trkpt lat="-33.944970024749637" lon="18.416770035400987">
        <ele>149.859375</ele>
      </trkpt>
      <trkpt lat="-33.945049988105893" lon="18.416710020974278">
        <ele>151.44140625</ele>
      </trkpt>
      <trkpt lat="-33.945089969784021" lon="18.416619999334216">
        <ele>152.66796875</ele>
      </trkpt>
      <trkpt lat="-33.945179991424084" lon="18.41579002328217">
        <ele>159.2890625</ele>
      </trkpt>
      <trkpt lat="-33.945289961993694" lon="18.4156399872154">
        <ele>160.90234375</ele>
      </trkpt>
      <trkpt lat="-33.945360034704208" lon="18.415630012750626">
        <ele>162.08984375</ele>
      </trkpt>
      <trkpt lat="-33.945839982479811" lon="18.415620038285851">
        <ele>169.25390625</ele>
      </trkpt>
      <trkpt lat="-33.945960011333227" lon="18.414785033091903">
        <ele>172.83984375</ele>
      </trkpt>
      <trkpt lat="-33.946080040186644" lon="18.413950027897954">
        <ele>179.125</ele>
      </trkpt>
      <trkpt lat="-33.946099989116192" lon="18.41389998793602">
        <ele>179.6640625</ele>
      </trkpt>
      <trkpt lat="-33.946239966899157" lon="18.413760010153055">
        <ele>182.54296875</ele>
      </trkpt>
      <trkpt lat="-33.946390002965927" lon="18.412960041314363">
        <ele>185.7578125</ele>
      </trkpt>
      <trkpt lat="-33.946339963003993" lon="18.412810005247593">
        <ele>186.05078125</ele>
      </trkpt>
      <trkpt lat="-33.946259999647737" lon="18.412740016356111">
        <ele>185.2265625</ele>
      </trkpt>
      <trkpt lat="-33.94613997079432" lon="18.412629961967468">
        <ele>184.9765625</ele>
      </trkpt>
      <trkpt lat="-33.946060007438064" lon="18.412600038573146">
        <ele>184.36328125</ele>
      </trkpt>
      <trkpt lat="-33.94594500772655" lon="18.412069967016578">
        <ele>189.8828125</ele>
      </trkpt>
      <trkpt lat="-33.945830008015037" lon="18.411539979279041">
        <ele>193.109375</ele>
      </trkpt>
      <trkpt lat="-33.945800000801682" lon="18.411439983174205">
        <ele>194.36328125</ele>
      </trkpt>
      <trkpt lat="-33.945519961416721" lon="18.411060031503439">
        <ele>197.453125</ele>
      </trkpt>
      <trkpt lat="-33.945470005273819" lon="18.410759959369898">
        <ele>198.7421875</ele>
      </trkpt>
      <trkpt lat="-33.945379983633757" lon="18.410319993272424">
        <ele>198.58203125</ele>
      </trkpt>
      <trkpt lat="-33.945370009168983" lon="18.410159982740879">
        <ele>199.2265625</ele>
      </trkpt>
      <trkpt lat="-33.945360034704208" lon="18.409769972786307">
        <ele>202.87890625</ele>
      </trkpt>
      <trkpt lat="-33.945104973390698" lon="18.409269992262125">
        <ele>210.078125</ele>
      </trkpt>
      <trkpt lat="-33.94484999589622" lon="18.408770011737943">
        <ele>214.76953125</ele>
      </trkpt>
      <trkpt lat="-33.94461496733129" lon="18.408114966005087">
        <ele>215.71484375</ele>
      </trkpt>
      <trkpt lat="-33.944380022585392" lon="18.407460004091263">
        <ele>211.33984375</ele>
      </trkpt>
      <trkpt lat="-33.944459985941648" lon="18.4073699824512">
        <ele>213.16015625</ele>
      </trkpt>
      <trkpt lat="-33.944599963724613" lon="18.407269986346364">
        <ele>216.5703125</ele>
      </trkpt>
      <trkpt lat="-33.944510025903583" lon="18.406240018084645">
        <ele>222.01953125</ele>
      </trkpt>
      <trkpt lat="-33.944529974833131" lon="18.406119989231229">
        <ele>222.91796875</ele>
      </trkpt>
      <trkpt lat="-33.944599963724613" lon="18.406029967591166">
        <ele>225.078125</ele>
      </trkpt>
      <trkpt lat="-33.944929959252477" lon="18.405910022556782">
        <ele>231.2421875</ele>
      </trkpt>
      <trkpt lat="-33.945030039176345" lon="18.405989985913038">
        <ele>232.359375</ele>
      </trkpt>
      <trkpt lat="-33.945159958675504" lon="18.405980011448264">
        <ele>234.359375</ele>
      </trkpt>
      <trkpt lat="-33.945230031386018" lon="18.405870040878654">
        <ele>236.27734375</ele>
      </trkpt>
      <trkpt lat="-33.945319969207048" lon="18.405650015920401">
        <ele>239.30078125</ele>
      </trkpt>
      <trkpt lat="-33.94570997916162" lon="18.405309962108731">
        <ele>249.09765625</ele>
      </trkpt>
      <trkpt lat="-33.946099989116192" lon="18.404969992116094">
        <ele>259.41796875</ele>
      </trkpt>
      <trkpt lat="-33.946099989116192" lon="18.404969992116094">
        <ele>259.41796875</ele>
      </trkpt>
      <trkpt lat="-33.945939978584647" lon="18.404779974371195">
        <ele>258.63671875</ele>
      </trkpt>
      <trkpt lat="-33.945800000801682" lon="18.404649971053004">
        <ele>258.0234375</ele>
      </trkpt>
      <trkpt lat="-33.945539994165301" lon="18.40461996383965">
        <ele>255.80078125</ele>
      </trkpt>
      <trkpt lat="-33.945470005273819" lon="18.404549974948168">
        <ele>255.875</ele>
      </trkpt>
      <trkpt lat="-33.945179991424084" lon="18.404070027172565">
        <ele>255.37890625</ele>
      </trkpt>
      <trkpt lat="-33.945159958675504" lon="18.403970031067729">
        <ele>255.8203125</ele>
      </trkpt>
      <trkpt lat="-33.945140009745955" lon="18.40365001000464">
        <ele>258.22265625</ele>
      </trkpt>
      <trkpt lat="-33.945089969784021" lon="18.403420010581613">
        <ele>259.96875</ele>
      </trkpt>
      <trkpt lat="-33.945019980892539" lon="18.40332998894155">
        <ele>259.75390625</ele>
      </trkpt>
      <trkpt lat="-33.944819988682866" lon="18.403269974514842">
        <ele>256.26953125</ele>
      </trkpt>
      <trkpt lat="-33.944619996473193" lon="18.403139971196651">
        <ele>254.17578125</ele>
      </trkpt>
      <trkpt lat="-33.944369964301586" lon="18.402820033952594">
        <ele>253.23828125</ele>
      </trkpt>
      <trkpt lat="-33.94429000094533" lon="18.402779968455434">
        <ele>251.69921875</ele>
      </trkpt>
      <trkpt lat="-33.944199979305267" lon="18.402549969032407">
        <ele>251.703125</ele>
      </trkpt>
      <trkpt lat="-33.944080034270883" lon="18.402379984036088">
        <ele>250.2578125</ele>
      </trkpt>
      <trkpt lat="-33.943929998204112" lon="18.402249980717897">
        <ele>248.7578125</ele>
      </trkpt>
      <trkpt lat="-33.943790020421147" lon="18.402079995721579">
        <ele>248.1796875</ele>
      </trkpt>
      <trkpt lat="-33.943590028211474" lon="18.401565011590719">
        <ele>249.03515625</ele>
      </trkpt>
      <trkpt lat="-33.943390036001801" lon="18.40105002745986">
        <ele>249.83203125</ele>
      </trkpt>
      <trkpt lat="-33.943189959973097" lon="18.400699999183416">
        <ele>248.66796875</ele>
      </trkpt>
      <trkpt lat="-33.942889971658587" lon="18.400409985333681">
        <ele>240.6171875</ele>
      </trkpt>
      <trkpt lat="-33.942359983921051" lon="18.399559976533055">
        <ele>232.89453125</ele>
      </trkpt>
      <trkpt lat="-33.94225001335144" lon="18.399480013176799">
        <ele>230.5859375</ele>
      </trkpt>
      <trkpt lat="-33.942150017246604" lon="18.399450005963445">
        <ele>228.26171875</ele>
      </trkpt>
      <trkpt lat="-33.942310027778149" lon="18.39888003654778">
        <ele>228.30859375</ele>
      </trkpt>
      <trkpt lat="-33.942380016669631" lon="18.398679960519075">
        <ele>225.671875</ele>
      </trkpt>
      <trkpt lat="-33.942429972812533" lon="18.398590022698045">
        <ele>224.22265625</ele>
      </trkpt>
      <trkpt lat="-33.942524353042245" lon="18.398523051291704">
        <ele>223.83203125</ele>
      </trkpt>
      <trkpt lat="-33.942598029971123" lon="18.398351976647973">
        <ele>222.23046875</ele>
      </trkpt>
      <trkpt lat="-33.942695092409849" lon="18.39810848236084">
        <ele>223.078125</ele>
      </trkpt>
      <trkpt lat="-33.94270003773272" lon="18.397879991680384">
        <ele>224.03515625</ele>
      </trkpt>
      <trkpt lat="-33.942705821245909" lon="18.397582098841667">
        <ele>227.46484375</ele>
      </trkpt>
      <trkpt lat="-33.942640023306012" lon="18.39744002558291">
        <ele>227.1796875</ele>
      </trkpt>
      <trkpt lat="-33.942559976130724" lon="18.39712000451982">
        <ele>229.38671875</ele>
      </trkpt>
      <trkpt lat="-33.942519994452596" lon="18.397059990093112">
        <ele>228.98828125</ele>
      </trkpt>
      <trkpt lat="-33.942519994452596" lon="18.397020008414984">
        <ele>229.48828125</ele>
      </trkpt>
      <trkpt lat="-33.942559976130724" lon="18.396880030632019">
        <ele>232.26953125</ele>
      </trkpt>
      <trkpt lat="-33.942740019410849" lon="18.396490020677447">
        <ele>240.8125</ele>
      </trkpt>
      <trkpt lat="-33.942859964445233" lon="18.396330010145903">
        <ele>244.84375</ele>
      </trkpt>
      <trkpt lat="-33.942629965022206" lon="18.395889960229397">
        <ele>240.40625</ele>
      </trkpt>
      <trkpt lat="-33.942629965022206" lon="18.395749982446432">
        <ele>241.41796875</ele>
      </trkpt>
      <trkpt lat="-33.942619655281305" lon="18.3956980984658">
        <ele>241.4453125</ele>
      </trkpt>
      <trkpt lat="-33.942565759643912" lon="18.395557701587677">
        <ele>240.97265625</ele>
      </trkpt>
      <trkpt lat="-33.942493926733732" lon="18.395323008298874">
        <ele>241.609375</ele>
      </trkpt>
      <trkpt lat="-33.942359983921051" lon="18.395129973068833">
        <ele>241.21875</ele>
      </trkpt>
      <trkpt lat="-33.942291587591171" lon="18.395003490149975">
        <ele>241.5703125</ele>
      </trkpt>
      <trkpt lat="-33.942264597862959" lon="18.394937692210078">
        <ele>241.91015625</ele>
      </trkpt>
      <trkpt lat="-33.942253869026899" lon="18.394917910918593">
        <ele>242</ele>
      </trkpt>
      <trkpt lat="-33.942235177382827" lon="18.39491288177669">
        <ele>241.90625</ele>
      </trkpt>
      <trkpt lat="-33.942148927599192" lon="18.39490408077836">
        <ele>241.36328125</ele>
      </trkpt>
      <trkpt lat="-33.942080698907375" lon="18.395048836246133">
        <ele>239.484375</ele>
      </trkpt>
      <trkpt lat="-33.942014146596193" lon="18.394952360540628">
        <ele>240.76953125</ele>
      </trkpt>
      <trkpt lat="-33.941942313686013" lon="18.394989660009742">
        <ele>240.625</ele>
      </trkpt>
      <trkpt lat="-33.94188841804862" lon="18.394939200952649">
        <ele>241.36328125</ele>
      </trkpt>
      <trkpt lat="-33.941989000886679" lon="18.394605768844485">
        <ele>242.8515625</ele>
      </trkpt>
      <trkpt lat="-33.942012386396527" lon="18.394395215436816">
        <ele>243.44140625</ele>
      </trkpt>
      <trkpt lat="-33.941730000078678" lon="18.394330004230142">
        <ele>246.37890625</ele>
      </trkpt>
      <trkpt lat="-33.94121996127069" lon="18.39452002197504">
        <ele>253.08203125</ele>
      </trkpt>
      <trkpt lat="-33.940659966319799" lon="18.394609959796071">
        <ele>260.9453125</ele>
      </trkpt>
      <trkpt lat="-33.940627025440335" lon="18.39456201530993">
        <ele>262.16796875</ele>
      </trkpt>
      <trkpt lat="-33.940594671294093" lon="18.394483057782054">
        <ele>263.9140625</ele>
      </trkpt>
      <trkpt lat="-33.940577488392591" lon="18.394438130781054">
        <ele>264.91796875</ele>
      </trkpt>
      <trkpt lat="-33.940564915537834" lon="18.394430419430137">
        <ele>265.25390625</ele>
      </trkpt>
      <trkpt lat="-33.939741142094135" lon="18.394445842131972">
        <ele>278.625</ele>
      </trkpt>
      <trkpt lat="-33.93904946744442" lon="18.394445842131972">
        <ele>286.765625</ele>
      </trkpt>
      <trkpt lat="-33.938691057264805" lon="18.394438130781054">
        <ele>290.3046875</ele>
      </trkpt>
      <trkpt lat="-33.938590390607715" lon="18.394560925662518">
        <ele>287.421875</ele>
      </trkpt>
      <trkpt lat="-33.938326360657811" lon="18.394518094137311">
        <ele>291.3984375</ele>
      </trkpt>
      <trkpt lat="-33.938111616298556" lon="18.394479705020785">
        <ele>294.6328125</ele>
      </trkpt>
      <trkpt lat="-33.937339978292584" lon="18.394669974222779">
        <ele>296.67578125</ele>
      </trkpt>
      <trkpt lat="-33.937739711254835" lon="18.394321789965034">
        <ele>304.03515625</ele>
      </trkpt>
      <trkpt lat="-33.938195016235113" lon="18.393860030919313">
        <ele>316.50390625</ele>
      </trkpt>
      <trkpt lat="-33.938571698963642" lon="18.393464824184775">
        <ele>326.859375</ele>
      </trkpt>
      <trkpt lat="-33.938638167455792" lon="18.393412185832858">
        <ele>327.890625</ele>
      </trkpt>
      <trkpt lat="-33.938654344528913" lon="18.393385866656899">
        <ele>328.5859375</ele>
      </trkpt>
      <trkpt lat="-33.938849978148937" lon="18.393180007115006">
        <ele>332.97265625</ele>
      </trkpt>
      <trkpt lat="-33.93904997035861" lon="18.393029971048236">
        <ele>334.96875</ele>
      </trkpt>
      <trkpt lat="-33.939298577606678" lon="18.392937099561095">
        <ele>335.58203125</ele>
      </trkpt>
      <trkpt lat="-33.939486667513847" lon="18.392737777903676">
        <ele>336.8203125</ele>
      </trkpt>
      <trkpt lat="-33.939669979736209" lon="18.392150038853288">
        <ele>349.28515625</ele>
      </trkpt>
      <trkpt lat="-33.939959993585944" lon="18.391830017790198">
        <ele>349.05859375</ele>
      </trkpt>
      <trkpt lat="-33.939990168437362" lon="18.391608400270343">
        <ele>350.73046875</ele>
      </trkpt>
      <trkpt lat="-33.939850023016334" lon="18.39131997898221">
        <ele>357.9375</ele>
      </trkpt>
      <trkpt lat="-33.939469987526536" lon="18.390899961814284">
        <ele>370.69140625</ele>
      </trkpt>
      <trkpt lat="-33.939290028065443" lon="18.390320017933846">
        <ele>374.58203125</ele>
      </trkpt>
      <trkpt lat="-33.938990039750934" lon="18.389890026301146">
        <ele>382.5234375</ele>
      </trkpt>
      <trkpt lat="-33.938710000365973" lon="18.389500016346574">
        <ele>388.9453125</ele>
      </trkpt>
      <trkpt lat="-33.938440019264817" lon="18.3889149595052">
        <ele>397.50390625</ele>
      </trkpt>
      <trkpt lat="-33.938170038163662" lon="18.388329986482859">
        <ele>404.796875</ele>
      </trkpt>
      <trkpt lat="-33.937929980456829" lon="18.38816000148654">
        <ele>409.75</ele>
      </trkpt>
      <trkpt lat="-33.937120037153363" lon="18.38813996873796">
        <ele>427.015625</ele>
      </trkpt>
      <trkpt lat="-33.936740001663566" lon="18.388090012595057">
        <ele>434.25</ele>
      </trkpt>
      <trkpt lat="-33.93644998781383" lon="18.388009965419769">
        <ele>441.34375</ele>
      </trkpt>
      <trkpt lat="-33.936200039461255" lon="18.387899994850159">
        <ele>446.77734375</ele>
      </trkpt>
      <trkpt lat="-33.935940032824874" lon="18.387700002640486">
        <ele>449.1171875</ele>
      </trkpt>
      <trkpt lat="-33.935490008443594" lon="18.387660020962358">
        <ele>462.9140625</ele>
      </trkpt>
      <trkpt lat="-33.935109972953796" lon="18.387519959360361">
        <ele>462.80078125</ele>
      </trkpt>
      <trkpt lat="-33.934500021860003" lon="18.387149982154369">
        <ele>461.88671875</ele>
      </trkpt>
      <trkpt lat="-33.934259964153171" lon="18.386700041592121">
        <ele>448.47265625</ele>
      </trkpt>
      <trkpt lat="-33.934164829552174" lon="18.386609768494964">
        <ele>446.64453125</ele>
      </trkpt>
      <trkpt lat="-33.933978248387575" lon="18.386575570330024">
        <ele>447.78125</ele>
      </trkpt>
      <trkpt lat="-33.93369996920228" lon="18.387019978836179">
        <ele>461.390625</ele>
      </trkpt>
      <trkpt lat="-33.933559991419315" lon="18.38727998547256">
        <ele>464.13671875</ele>
      </trkpt>
      <trkpt lat="-33.933339966461062" lon="18.387899994850159">
        <ele>461.984375</ele>
      </trkpt>
      <trkpt lat="-33.933160006999969" lon="18.388489997014403">
        <ele>454.0234375</ele>
      </trkpt>
      <trkpt lat="-33.932779971510172" lon="18.389119980856776">
        <ele>437.33984375</ele>
      </trkpt>
      <trkpt lat="-33.932400019839406" lon="18.389749964699149">
        <ele>416.73828125</ele>
      </trkpt>
      <trkpt lat="-33.932240009307861" lon="18.388770036399364">
        <ele>401.48046875</ele>
      </trkpt>
      <trkpt lat="-33.93225995823741" lon="18.387790024280548">
        <ele>387</ele>
      </trkpt>
      <trkpt lat="-33.932059966027737" lon="18.388120019808412">
        <ele>381.64453125</ele>
      </trkpt>
      <trkpt lat="-33.931859973818064" lon="18.388359993696213">
        <ele>375.8828125</ele>
      </trkpt>
      <trkpt lat="-33.931699963286519" lon="18.388640033081174">
        <ele>370.63671875</ele>
      </trkpt>
      <trkpt lat="-33.931680014356971" lon="18.389000035822392">
        <ele>371.30859375</ele>
      </trkpt>
      <trkpt lat="-33.931459989398718" lon="18.389549972489476">
        <ele>360.04296875</ele>
      </trkpt>
      <trkpt lat="-33.931320011615753" lon="18.390859980136156">
        <ele>353.0390625</ele>
      </trkpt>
      <trkpt lat="-33.931190008297563" lon="18.391100037842989">
        <ele>347.12109375</ele>
      </trkpt>
      <trkpt lat="-33.931169975548983" lon="18.391879973933101">
        <ele>341.80078125</ele>
      </trkpt>
      <trkpt lat="-33.931184476241469" lon="18.392115086317062">
        <ele>340.68359375</ele>
      </trkpt>
      <trkpt lat="-33.931029662489891" lon="18.39254641905427">
        <ele>330.73046875</ele>
      </trkpt>
      <trkpt lat="-33.931009965017438" lon="18.392599979415536">
        <ele>329.46484375</ele>
      </trkpt>
      <trkpt lat="-33.930998900905252" lon="18.392646750435233">
        <ele>328.5859375</ele>
      </trkpt>
      <trkpt lat="-33.930899994447827" lon="18.392910026013851">
        <ele>323.625</ele>
      </trkpt>
      <trkpt lat="-33.930470002815127" lon="18.393259970471263">
        <ele>311.7265625</ele>
      </trkpt>
      <trkpt lat="-33.930230028927326" lon="18.393379999324679">
        <ele>305.2734375</ele>
      </trkpt>
      <trkpt lat="-33.929780004546046" lon="18.393700020387769">
        <ele>295.03515625</ele>
      </trkpt>
      <trkpt lat="-33.92962820827961" lon="18.393770679831505">
        <ele>292.3515625</ele>
      </trkpt>
      <trkpt lat="-33.929310031235218" lon="18.394039990380406">
        <ele>288.52734375</ele>
      </trkpt>
      <trkpt lat="-33.929238449782133" lon="18.394034877419472">
        <ele>287.42578125</ele>
      </trkpt>
      <trkpt lat="-33.929179776459932" lon="18.394113667309284">
        <ele>287.125</ele>
      </trkpt>
      <trkpt lat="-33.929060250520706" lon="18.394146105274558">
        <ele>285.94140625</ele>
      </trkpt>
      <trkpt lat="-33.929000906646252" lon="18.394280383363366">
        <ele>286.91796875</ele>
      </trkpt>
      <trkpt lat="-33.928769985213876" lon="18.394439974799752">
        <ele>285.99609375</ele>
      </trkpt>
      <trkpt lat="-33.928414341062307" lon="18.394817747175694">
        <ele>286.6171875</ele>
      </trkpt>
      <trkpt lat="-33.928362457081676" lon="18.394849011674523">
        <ele>286.8671875</ele>
      </trkpt>
      <trkpt lat="-33.928253492340446" lon="18.394845826551318">
        <ele>287.40234375</ele>
      </trkpt>
      <trkpt lat="-33.927159989252687" lon="18.39565996080637">
        <ele>280.765625</ele>
      </trkpt>
      <trkpt lat="-33.926804848015308" lon="18.395996494218707">
        <ele>277.6640625</ele>
      </trkpt>
      <trkpt lat="-33.926769979298115" lon="18.396030021831393">
        <ele>277.28515625</ele>
      </trkpt>
      <trkpt lat="-33.926433194428682" lon="18.396356999874115">
        <ele>275.21484375</ele>
      </trkpt>
      <trkpt lat="-33.925970010459423" lon="18.396550035104156">
        <ele>275.62109375</ele>
      </trkpt>
      <trkpt lat="-33.92518999055028" lon="18.396790008991957">
        <ele>279.01171875</ele>
      </trkpt>
      <trkpt lat="-33.924557324498892" lon="18.396739801391959">
        <ele>280.25390625</ele>
      </trkpt>
      <trkpt lat="-33.924433020874858" lon="18.396780118346214">
        <ele>281.87109375</ele>
      </trkpt>
      <trkpt lat="-33.924209978431463" lon="18.396939961239696">
        <ele>285.87890625</ele>
      </trkpt>
      <trkpt lat="-33.924137642607093" lon="18.396964436396956">
        <ele>287.0703125</ele>
      </trkpt>
      <trkpt lat="-33.924000011757016" lon="18.397159986197948">
        <ele>289.39453125</ele>
      </trkpt>
      <trkpt lat="-33.923649983480573" lon="18.39744002558291">
        <ele>293.55078125</ele>
      </trkpt>
      <trkpt lat="-33.923554765060544" lon="18.397578243166208">
        <ele>295.49609375</ele>
      </trkpt>
      <trkpt lat="-33.923289980739355" lon="18.397749988362193">
        <ele>300.91015625</ele>
      </trkpt>
      <trkpt lat="-33.922710036858916" lon="18.398009994998574">
        <ele>304.39453125</ele>
      </trkpt>
      <trkpt lat="-33.922530245035887" lon="18.398091299459338">
        <ele>303.296875</ele>
      </trkpt>
      <trkpt lat="-33.922087764367461" lon="18.39808601886034">
        <ele>303.3046875</ele>
      </trkpt>
      <trkpt lat="-33.921809988096356" lon="18.398009994998574">
        <ele>306.6953125</ele>
      </trkpt>
      <trkpt lat="-33.921594154089689" lon="18.397884014993906">
        <ele>307.78125</ele>
      </trkpt>
      <trkpt lat="-33.921430036425591" lon="18.397919973358512">
        <ele>307.94140625</ele>
      </trkpt>
      <trkpt lat="-33.920765351504087" lon="18.398552304133773">
        <ele>305.94140625</ele>
      </trkpt>
      <trkpt lat="-33.920115418732166" lon="18.398684402927756">
        <ele>301.66015625</ele>
      </trkpt>
      <trkpt lat="-33.918789988383651" lon="18.3997199870646">
        <ele>314.921875</ele>
      </trkpt>
      <trkpt lat="-33.918290007859468" lon="18.400160036981106">
        <ele>319.5859375</ele>
      </trkpt>
      <trkpt lat="-33.918269975110888" lon="18.400720031931996">
        <ele>326.37890625</ele>
      </trkpt>
      <trkpt lat="-33.918390003964305" lon="18.401099983602762">
        <ele>330.38671875</ele>
      </trkpt>
      <trkpt lat="-33.918299982324243" lon="18.401640029624104">
        <ele>335.2890625</ele>
      </trkpt>
      <trkpt lat="-33.918060008436441" lon="18.402200024574995">
        <ele>344.0390625</ele>
      </trkpt>
      <trkpt lat="-33.91780000180006" lon="18.402590034529567">
        <ele>346.00390625</ele>
      </trkpt>
      <trkpt lat="-33.917760020121932" lon="18.402660023421049">
        <ele>346.234375</ele>
      </trkpt>
      <trkpt lat="-33.917070021852851" lon="18.403069982305169">
        <ele>341.11328125</ele>
      </trkpt>
      <trkpt lat="-33.916750000789762" lon="18.403450017794967">
        <ele>338.75390625</ele>
      </trkpt>
      <trkpt lat="-33.916420005261898" lon="18.404040019959211">
        <ele>338.203125</ele>
      </trkpt>
      <trkpt lat="-33.916390752419829" lon="18.404387449845672">
        <ele>338.8125</ele>
      </trkpt>
      <trkpt lat="-33.916477924212813" lon="18.404606468975544">
        <ele>339.12890625</ele>
      </trkpt>
      <trkpt lat="-33.916645478457212" lon="18.404742339625955">
        <ele>338.69921875</ele>
      </trkpt>
      <trkpt lat="-33.916835747659206" lon="18.404782908037305">
        <ele>338.28125</ele>
      </trkpt>
      <trkpt lat="-33.917007492855191" lon="18.404717110097408">
        <ele>338.1015625</ele>
      </trkpt>
      <trkpt lat="-33.917674273252487" lon="18.404135573655367">
        <ele>340.296875</ele>
      </trkpt>
      <trkpt lat="-33.917675781995058" lon="18.404227187857032">
        <ele>338.2890625</ele>
      </trkpt>
      <trkpt lat="-33.917618365958333" lon="18.404443189501762">
        <ele>334.51171875</ele>
      </trkpt>
      <trkpt lat="-33.917560027912259" lon="18.404879970476031">
        <ele>322.8828125</ele>
      </trkpt>
      <trkpt lat="-33.917400017380714" lon="18.405280038714409">
        <ele>311.9765625</ele>
      </trkpt>
      <trkpt lat="-33.917270014062524" lon="18.40549997985363">
        <ele>306.765625</ele>
      </trkpt>
      <trkpt lat="-33.916800040751696" lon="18.406119989231229">
        <ele>297.8515625</ele>
      </trkpt>
      <trkpt lat="-33.916680011898279" lon="18.40637999586761">
        <ele>292.734375</ele>
      </trkpt>
      <trkpt lat="-33.916329983621836" lon="18.406879976391792">
        <ele>283.09375</ele>
      </trkpt>
      <trkpt lat="-33.916099984198809" lon="18.407130008563399">
        <ele>275.4140625</ele>
      </trkpt>
      <trkpt lat="-33.916044998914003" lon="18.407246014103293">
        <ele>273.5546875</ele>
      </trkpt>
      <trkpt lat="-33.916020775213838" lon="18.407434523105621">
        <ele>271.8203125</ele>
      </trkpt>
      <trkpt lat="-33.916109958663583" lon="18.40766997076571">
        <ele>269.2265625</ele>
      </trkpt>
      <trkpt lat="-33.916185898706317" lon="18.407733589410782">
        <ele>268.109375</ele>
      </trkpt>
      <trkpt lat="-33.916619997471571" lon="18.407729985192418">
        <ele>265.4375</ele>
      </trkpt>
      <trkpt lat="-33.917000032961369" lon="18.407810032367706">
        <ele>257.39453125</ele>
      </trkpt>
      <trkpt lat="-33.917720038443804" lon="18.407850014045835">
        <ele>246.26953125</ele>
      </trkpt>
      <trkpt lat="-33.917730012908578" lon="18.40784003958106">
        <ele>246.265625</ele>
      </trkpt>
      <trkpt lat="-33.917814586311579" lon="18.407816821709275">
        <ele>244.69140625</ele>
      </trkpt>
      <trkpt lat="-33.917830009013414" lon="18.407940035685897">
        <ele>241.71484375</ele>
      </trkpt>
      <trkpt lat="-33.917798157781363" lon="18.408084958791733">
        <ele>238.5390625</ele>
      </trkpt>
      <trkpt lat="-33.917530020698905" lon="18.408370027318597">
        <ele>232.89453125</ele>
      </trkpt>
      <trkpt lat="-33.917299099266529" lon="18.408437250182033">
        <ele>229.66015625</ele>
      </trkpt>
      <trkpt lat="-33.916989974677563" lon="18.408410008996725">
        <ele>228.5546875</ele>
      </trkpt>
      <trkpt lat="-33.916882602497935" lon="18.408428616821766">
        <ele>227.30859375</ele>
      </trkpt>
      <trkpt lat="-33.916800040751696" lon="18.408479997888207">
        <ele>224.91015625</ele>
      </trkpt>
      <trkpt lat="-33.916725777089596" lon="18.408568846061826">
        <ele>221.4921875</ele>
      </trkpt>
      <trkpt lat="-33.916239961981773" lon="18.40940997004509">
        <ele>198.1796875</ele>
      </trkpt>
      <trkpt lat="-33.91590996645391" lon="18.40988002717495">
        <ele>190.046875</ele>
      </trkpt>
      <trkpt lat="-33.915821872651577" lon="18.410093849524856">
        <ele>185.69921875</ele>
      </trkpt>
      <trkpt lat="-33.91563001088798" lon="18.410080019384623">
        <ele>189.10546875</ele>
      </trkpt>
      <trkpt lat="-33.915472514927387" lon="18.410037187859416">
        <ele>191.234375</ele>
      </trkpt>
      <trkpt lat="-33.915414847433567" lon="18.410007013007998">
        <ele>191.44140625</ele>
      </trkpt>
      <trkpt lat="-33.915306134149432" lon="18.409683303907514">
        <ele>196.3984375</ele>
      </trkpt>
      <trkpt lat="-33.91508518718183" lon="18.409442491829395">
        <ele>196.19921875</ele>
      </trkpt>
      <trkpt lat="-33.914979994297028" lon="18.409490017220378">
        <ele>190.16015625</ele>
      </trkpt>
      <trkpt lat="-33.914919979870319" lon="18.409509966149926">
        <ele>186.95703125</ele>
      </trkpt>
      <trkpt lat="-33.914849990978837" lon="18.409509966149926">
        <ele>183.4453125</ele>
      </trkpt>
      <trkpt lat="-33.914800034835935" lon="18.409550031647086">
        <ele>179.734375</ele>
      </trkpt>
      <trkpt lat="-33.914489988237619" lon="18.408860033378005">
        <ele>179.93359375</ele>
      </trkpt>
      <trkpt lat="-33.914416814222932" lon="18.408536575734615">
        <ele>180.0546875</ele>
      </trkpt>
      <trkpt lat="-33.914347412064672" lon="18.408294674009085">
        <ele>174.2578125</ele>
      </trkpt>
      <trkpt lat="-33.914380017668009" lon="18.40814002789557">
        <ele>173.72265625</ele>
      </trkpt>
      <trkpt lat="-33.914849990978837" lon="18.407769966870546">
        <ele>193.26171875</ele>
      </trkpt>
      <trkpt lat="-33.914905898272991" lon="18.407654464244843">
        <ele>197.1328125</ele>
      </trkpt>
      <trkpt lat="-33.914780002087355" lon="18.4073699824512">
        <ele>193.19921875</ele>
      </trkpt>
      <trkpt lat="-33.914697440341115" lon="18.407052308320999">
        <ele>191.6171875</ele>
      </trkpt>
      <trkpt lat="-33.914744043722749" lon="18.406821805983782">
        <ele>194.99609375</ele>
      </trkpt>
      <trkpt lat="-33.914940012618899" lon="18.406619969755411">
        <ele>202.859375</ele>
      </trkpt>
      <trkpt lat="-33.914944874122739" lon="18.406527265906334">
        <ele>203.078125</ele>
      </trkpt>
      <trkpt lat="-33.914748067036271" lon="18.406061148270965">
        <ele>204.453125</ele>
      </trkpt>
      <trkpt lat="-33.914193520322442" lon="18.405347345396876">
        <ele>202.73828125</ele>
      </trkpt>
      <trkpt lat="-33.913990007713437" lon="18.404820039868355">
        <ele>208.1953125</ele>
      </trkpt>
      <trkpt lat="-33.913769982755184" lon="18.404179997742176">
        <ele>208.03125</ele>
      </trkpt>
      <trkpt lat="-33.913820022717118" lon="18.403450017794967">
        <ele>213.9453125</ele>
      </trkpt>
      <trkpt lat="-33.913860004395247" lon="18.40289999730885">
        <ele>209.6640625</ele>
      </trkpt>
      <trkpt lat="-33.914037114009261" lon="18.402513256296515">
        <ele>209.953125</ele>
      </trkpt>
      <trkpt lat="-33.914559977129102" lon="18.40188997797668">
        <ele>204.94140625</ele>
      </trkpt>
      <trkpt lat="-33.914728034287691" lon="18.401756538078189">
        <ele>200.6171875</ele>
      </trkpt>
      <trkpt lat="-33.915140004828572" lon="18.401759974658489">
        <ele>213.4921875</ele>
      </trkpt>
      <trkpt lat="-33.915089964866638" lon="18.401220012456179">
        <ele>199.28515625</ele>
      </trkpt>
      <trkpt lat="-33.915103208273649" lon="18.401046087965369">
        <ele>196.921875</ele>
      </trkpt>
      <trkpt lat="-33.915300015360117" lon="18.400699999183416">
        <ele>205.48828125</ele>
      </trkpt>
      <trkpt lat="-33.915302781388164" lon="18.400543173775077">
        <ele>205.66796875</ele>
      </trkpt>
      <trkpt lat="-33.91504998318851" lon="18.400189960375428">
        <ele>194.48828125</ele>
      </trkpt>
      <trkpt lat="-33.914940012618899" lon="18.399919979274273">
        <ele>191.5234375</ele>
      </trkpt>
      <trkpt lat="-33.914928864687681" lon="18.399650836363435">
        <ele>191.8125</ele>
      </trkpt>
      <trkpt lat="-33.915002457797527" lon="18.399454951286316">
        <ele>193.0625</ele>
      </trkpt>
      <trkpt lat="-33.915119972079992" lon="18.399380017071962">
        <ele>196.7421875</ele>
      </trkpt>
      <trkpt lat="-33.915360029786825" lon="18.399210032075644">
        <ele>196.26171875</ele>
      </trkpt>
      <trkpt lat="-33.915590029209852" lon="18.398969974368811">
        <ele>187.69140625</ele>
      </trkpt>
      <trkpt lat="-33.915748447179794" lon="18.398957150056958">
        <ele>189.640625</ele>
      </trkpt>
      <trkpt lat="-33.915860010311007" lon="18.399059996008873">
        <ele>195.28515625</ele>
      </trkpt>
      <trkpt lat="-33.916190005838871" lon="18.399280020967126">
        <ele>211.58984375</ele>
      </trkpt>
      <trkpt lat="-33.91606000252068" lon="18.398780040442944">
        <ele>199.640625</ele>
      </trkpt>
      <trkpt lat="-33.91595003195107" lon="18.398230019956827">
        <ele>186.49609375</ele>
      </trkpt>
      <trkpt lat="-33.915649959817529" lon="18.398030027747154">
        <ele>172.3125</ele>
      </trkpt>
      <trkpt lat="-33.915802845731378" lon="18.397613950073719">
        <ele>172.30078125</ele>
      </trkpt>
      <trkpt lat="-33.916480019688606" lon="18.397150011733174">
        <ele>170.8828125</ele>
      </trkpt>
      <trkpt lat="-33.916829964146018" lon="18.396839965134859">
        <ele>152.65625</ele>
      </trkpt>
      <trkpt lat="-33.917040014639497" lon="18.396859997883439">
        <ele>150.72265625</ele>
      </trkpt>
      <trkpt lat="-33.91795925796032" lon="18.397130649536848">
        <ele>157.88671875</ele>
      </trkpt>
      <trkpt lat="-33.918269975110888" lon="18.396799983456731">
        <ele>154.7734375</ele>
      </trkpt>
      <trkpt lat="-33.918629977852106" lon="18.396709961816669">
        <ele>161.421875</ele>
      </trkpt>
      <trkpt lat="-33.919760026037693" lon="18.39623998850584">
        <ele>173.515625</ele>
      </trkpt>
      <trkpt lat="-33.920020032674074" lon="18.395909992977977">
        <ele>175.32421875</ele>
      </trkpt>
      <trkpt lat="-33.920529987663031" lon="18.395449994131923">
        <ele>180.9609375</ele>
      </trkpt>
      <trkpt lat="-33.920910023152828" lon="18.39538000524044">
        <ele>186.86328125</ele>
      </trkpt>
      <trkpt lat="-33.921430036425591" lon="18.395199961960316">
        <ele>186.8984375</ele>
      </trkpt>
      <trkpt lat="-33.922320026904345" lon="18.395749982446432">
        <ele>199.765625</ele>
      </trkpt>
      <trkpt lat="-33.922620015218854" lon="18.395940000191331">
        <ele>209.48828125</ele>
      </trkpt>
      <trkpt lat="-33.92315000295639" lon="18.39570002630353">
        <ele>211.16015625</ele>
      </trkpt>
      <trkpt lat="-33.923890041187406" lon="18.395389979705215">
        <ele>216.3984375</ele>
      </trkpt>
      <trkpt lat="-33.925059987232089" lon="18.395640011876822">
        <ele>233.60546875</ele>
      </trkpt>
      <trkpt lat="-33.925459971651435" lon="18.395619979128242">
        <ele>239.13671875</ele>
      </trkpt>
      <trkpt lat="-33.92617997713387" lon="18.395370030775666">
        <ele>247.9140625</ele>
      </trkpt>
      <trkpt lat="-33.926520030945539" lon="18.395099965855479">
        <ele>252.30859375</ele>
      </trkpt>
      <trkpt lat="-33.926820019260049" lon="18.394810035824776">
        <ele>254.56640625</ele>
      </trkpt>
      <trkpt lat="-33.927069967612624" lon="18.394690006971359">
        <ele>259.80859375</ele>
      </trkpt>
      <trkpt lat="-33.927289992570877" lon="18.394469982013106">
        <ele>259.8203125</ele>
      </trkpt>
      <trkpt lat="-33.927680002525449" lon="18.394200000911951">
        <ele>265.73828125</ele>
      </trkpt>
      <trkpt lat="-33.927910001948476" lon="18.393860030919313">
        <ele>263.59375</ele>
      </trkpt>
      <trkpt lat="-33.928009998053312" lon="18.393570017069578">
        <ele>256.91796875</ele>
      </trkpt>
      <trkpt lat="-33.928660014644265" lon="18.393010022118688">
        <ele>260.1953125</ele>
      </trkpt>
      <trkpt lat="-33.92882002517581" lon="18.392710033804178">
        <ele>257.828125</ele>
      </trkpt>
      <trkpt lat="-33.929220009595156" lon="18.392429994419217">
        <ele>257.32421875</ele>
      </trkpt>
      <trkpt lat="-33.929470041766763" lon="18.392169987782836">
        <ele>259.02734375</ele>
      </trkpt>
      <trkpt lat="-33.929371973499656" lon="18.391918363049626">
        <ele>249.1484375</ele>
      </trkpt>
      <trkpt lat="-33.929199976846576" lon="18.390850005671382">
        <ele>238.73828125</ele>
      </trkpt>
      <trkpt lat="-33.929289998486638" lon="18.390510035678744">
        <ele>237.48046875</ele>
      </trkpt>
      <trkpt lat="-33.929670033976436" lon="18.390130000188947">
        <ele>241.78515625</ele>
      </trkpt>
      <trkpt lat="-33.929759971797466" lon="18.389679975807667">
        <ele>236.40625</ele>
      </trkpt>
      <trkpt lat="-33.929780591279268" lon="18.389239087700844">
        <ele>240.125</ele>
      </trkpt>
      <trkpt lat="-33.929670033976436" lon="18.389010010287166">
        <ele>236.328125</ele>
      </trkpt>
      <trkpt lat="-33.929489990696311" lon="18.388229990378022">
        <ele>228.51953125</ele>
      </trkpt>
      <trkpt lat="-33.929470041766763" lon="18.387630013749003">
        <ele>223.66015625</ele>
      </trkpt>
      <trkpt lat="-33.929540030658245" lon="18.38743002153933">
        <ele>225.5546875</ele>
      </trkpt>
      <trkpt lat="-33.929803222417831" lon="18.386625610291958">
        <ele>226.8203125</ele>
      </trkpt>
      <trkpt lat="-33.930049985647202" lon="18.386190002784133">
        <ele>228.96484375</ele>
      </trkpt>
      <trkpt lat="-33.930160040035844" lon="18.385939970612526">
        <ele>228.56640625</ele>
      </trkpt>
      <trkpt lat="-33.930119974538684" lon="18.385579967871308">
        <ele>220.95703125</ele>
      </trkpt>
      <trkpt lat="-33.930430021136999" lon="18.385160034522414">
        <ele>222.9921875</ele>
      </trkpt>
      <trkpt lat="-33.930449970066547" lon="18.384800031781197">
        <ele>216.92578125</ele>
      </trkpt>
      <trkpt lat="-33.93056002445519" lon="18.384399963542819">
        <ele>220.38671875</ele>
      </trkpt>
      <trkpt lat="-33.93064996227622" lon="18.3837999869138">
        <ele>220.48828125</ele>
      </trkpt>
      <trkpt lat="-33.93064996227622" lon="18.38339002802968">
        <ele>214.640625</ele>
      </trkpt>
      <trkpt lat="-33.930700002238154" lon="18.382549993693829">
        <ele>206.0703125</ele>
      </trkpt>
      <trkpt lat="-33.930809972807765" lon="18.382340027019382">
        <ele>206.30078125</ele>
      </trkpt>
      <trkpt lat="-33.931680014356971" lon="18.381839962676167">
        <ele>215.375</ele>
      </trkpt>
      <trkpt lat="-33.931840024888515" lon="18.38149999268353">
        <ele>207.31640625</ele>
      </trkpt>
      <trkpt lat="-33.932130038738251" lon="18.381409971043468">
        <ele>205.8125</ele>
      </trkpt>
      <trkpt lat="-33.93273001536727" lon="18.381260018795729">
        <ele>196.57421875</ele>
      </trkpt>
      <trkpt lat="-33.933129999786615" lon="18.381390022113919">
        <ele>200.12109375</ele>
      </trkpt>
      <trkpt lat="-33.933789990842342" lon="18.381130015477538">
        <ele>186.79296875</ele>
      </trkpt>
      <trkpt lat="-33.934224592521787" lon="18.381214672699571">
        <ele>185.6171875</ele>
      </trkpt>
      <trkpt lat="-33.934760028496385" lon="18.381529999896884">
        <ele>187.5625</ele>
      </trkpt>
      <trkpt lat="-33.935239976271987" lon="18.381839962676167">
        <ele>182.28515625</ele>
      </trkpt>
      <trkpt lat="-33.935799971222878" lon="18.382329968735576">
        <ele>180.74609375</ele>
      </trkpt>
      <trkpt lat="-33.936200039461255" lon="18.382559968158603">
        <ele>176.11328125</ele>
      </trkpt>
      <trkpt lat="-33.93647002056241" lon="18.382759960368276">
        <ele>177.453125</ele>
      </trkpt>
      <trkpt lat="-33.936630031093955" lon="18.383060032501817">
        <ele>188.91796875</ele>
      </trkpt>
      <trkpt lat="-33.93735003657639" lon="18.382540019229054">
        <ele>190.73046875</ele>
      </trkpt>
      <trkpt lat="-33.938170038163662" lon="18.382600033655763">
        <ele>196.015625</ele>
      </trkpt>
      <trkpt lat="-33.938889959827065" lon="18.383130021393299">
        <ele>202.3671875</ele>
      </trkpt>
      <trkpt lat="-33.939179973676801" lon="18.383479965850711">
        <ele>207.48828125</ele>
      </trkpt>
      <trkpt lat="-33.939409973099828" lon="18.383720023557544">
        <ele>212.10546875</ele>
      </trkpt>
      <trkpt lat="-33.939790008589625" lon="18.383760005235672">
        <ele>210.17578125</ele>
      </trkpt>
      <trkpt lat="-33.940410017967224" lon="18.384310025721788">
        <ele>208.828125</ele>
      </trkpt>
      <trkpt lat="-33.940700031816959" lon="18.384619988501072">
        <ele>212.80078125</ele>
      </trkpt>
      <trkpt lat="-33.941439986228943" lon="18.384689977392554">
        <ele>217.3359375</ele>
      </trkpt>
      <trkpt lat="-33.941683312878013" lon="18.384942775592208">
        <ele>219.09375</ele>
      </trkpt>
      <trkpt lat="-33.941855728626251" lon="18.385714245960116">
        <ele>219.39453125</ele>
      </trkpt>
      <trkpt lat="-33.942050021141768" lon="18.386059999465942">
        <ele>214.7109375</ele>
      </trkpt>
      <trkpt lat="-33.942090002819896" lon="18.386350013315678">
        <ele>219.203125</ele>
      </trkpt>
      <trkpt lat="-33.942340034991503" lon="18.386589987203479">
        <ele>214.359375</ele>
      </trkpt>
      <trkpt lat="-33.942470038309693" lon="18.386940015479922">
        <ele>211.59375</ele>
      </trkpt>
      <trkpt lat="-33.942450005561113" lon="18.387679969891906">
        <ele>202.64453125</ele>
      </trkpt>
      <trkpt lat="-33.942373227328062" lon="18.387961937114596">
        <ele>200.078125</ele>
      </trkpt>
      <trkpt lat="-33.942580008879304" lon="18.387999990954995">
        <ele>193.078125</ele>
      </trkpt>
      <trkpt lat="-33.942670030519366" lon="18.388129994273186">
        <ele>189.3515625</ele>
      </trkpt>
      <trkpt lat="-33.942806739360094" lon="18.388087665662169">
        <ele>186.2109375</ele>
      </trkpt>
      <trkpt lat="-33.942989967763424" lon="18.388239964842796">
        <ele>180.92578125</ele>
      </trkpt>
      <trkpt lat="-33.943100022152066" lon="18.388989977538586">
        <ele>179.28515625</ele>
      </trkpt>
      <trkpt lat="-33.943170933052897" lon="18.389111598953605">
        <ele>177.19140625</ele>
      </trkpt>
      <trkpt lat="-33.943192223086953" lon="18.389377724379301">
        <ele>177.53125</ele>
      </trkpt>
      <trkpt lat="-33.943303786218166" lon="18.389362553134561">
        <ele>174.65625</ele>
      </trkpt>
      <trkpt lat="-33.943273779004812" lon="18.389667822048068">
        <ele>177.328125</ele>
      </trkpt>
      <trkpt lat="-33.942940011620522" lon="18.390580024570227">
        <ele>191.91015625</ele>
      </trkpt>
      <trkpt lat="-33.942909585312009" lon="18.390747997909784">
        <ele>194.703125</ele>
      </trkpt>
      <trkpt lat="-33.942810008302331" lon="18.390970034524798">
        <ele>197.84765625</ele>
      </trkpt>
      <trkpt lat="-33.942680256441236" lon="18.391165500506759">
        <ele>202.359375</ele>
      </trkpt>
      <trkpt lat="-33.942489987239242" lon="18.391349986195564">
        <ele>208.9140625</ele>
      </trkpt>
      <trkpt lat="-33.942359983921051" lon="18.391730021685362">
        <ele>212.125</ele>
      </trkpt>
      <trkpt lat="-33.942326791584492" lon="18.392017520964146">
        <ele>214.83203125</ele>
      </trkpt>
      <trkpt lat="-33.942020013928413" lon="18.392599979415536">
        <ele>228.109375</ele>
      </trkpt>
      <trkpt lat="-33.941959999501705" lon="18.39305997826159">
        <ele>233.4296875</ele>
      </trkpt>
      <trkpt lat="-33.942050021141768" lon="18.393900012597442">
        <ele>243.16796875</ele>
      </trkpt>
      <trkpt lat="-33.94213761202991" lon="18.394213663414121">
        <ele>243.00390625</ele>
      </trkpt>
      <trkpt lat="-33.942098133265972" lon="18.394355485215783">
        <ele>242.9765625</ele>
      </trkpt>
      <trkpt lat="-33.942187316715717" lon="18.394554806873202">
        <ele>242.8203125</ele>
      </trkpt>
      <trkpt lat="-33.942175582051277" lon="18.394655892625451">
        <ele>242.45703125</ele>
      </trkpt>
      <trkpt lat="-33.942393427714705" lon="18.395026288926601">
        <ele>242.44921875</ele>
      </trkpt>
      <trkpt lat="-33.942595850676298" lon="18.395192921161652">
        <ele>244.8515625</ele>
      </trkpt>
      <trkpt lat="-33.942780001088977" lon="18.39538000524044">
        <ele>246.4765625</ele>
      </trkpt>
      <trkpt lat="-33.943019974976778" lon="18.395710000768304">
        <ele>250.0390625</ele>
      </trkpt>
      <trkpt lat="-33.943079486489296" lon="18.395744701847434">
        <ele>251.19921875</ele>
      </trkpt>
      <trkpt lat="-33.943168502300978" lon="18.395632300525904">
        <ele>253.53125</ele>
      </trkpt>
      <trkpt lat="-33.943270007148385" lon="18.395649986341596">
        <ele>255.953125</ele>
      </trkpt>
      <trkpt lat="-33.943509981036186" lon="18.395990040153265">
        <ele>261.9765625</ele>
      </trkpt>
      <trkpt lat="-33.943500006571412" lon="18.396000014618039">
        <ele>261.5859375</ele>
      </trkpt>
      <trkpt lat="-33.943649958819151" lon="18.396019963547587">
        <ele>267.55078125</ele>
      </trkpt>
      <trkpt lat="-33.943709973245859" lon="18.39613001793623">
        <ele>270.328125</ele>
      </trkpt>
      <trkpt lat="-33.943999987095594" lon="18.396450038999319">
        <ele>280.1171875</ele>
      </trkpt>
      <trkpt lat="-33.944210037589073" lon="18.396550035104156">
        <ele>285.9140625</ele>
      </trkpt>
      <trkpt lat="-33.944540033116937" lon="18.396609965711832">
        <ele>294.8046875</ele>
      </trkpt>
      <trkpt lat="-33.944680010899901" lon="18.396650031208992">
        <ele>299.625</ele>
      </trkpt>
      <trkpt lat="-33.944783778861165" lon="18.396664531901479">
        <ele>303.46875</ele>
      </trkpt>
      <trkpt lat="-33.94482996314764" lon="18.396869972348213">
        <ele>306.52734375</ele>
      </trkpt>
      <trkpt lat="-33.944910010322928" lon="18.39709997177124">
        <ele>310.23828125</ele>
      </trkpt>
      <trkpt lat="-33.945019980892539" lon="18.397250007838011">
        <ele>314.73828125</ele>
      </trkpt>
      <trkpt lat="-33.945032972842455" lon="18.397408928722143">
        <ele>315.71875</ele>
      </trkpt>
      <trkpt lat="-33.945179991424084" lon="18.397299963980913">
        <ele>320.72265625</ele>
      </trkpt>
      <trkpt lat="-33.94525308161974" lon="18.39738680049777">
        <ele>323.6484375</ele>
      </trkpt>
      <trkpt lat="-33.945300774648786" lon="18.397410353645682">
        <ele>325.38671875</ele>
      </trkpt>
      <trkpt lat="-33.945534965023398" lon="18.396820016205311">
        <ele>332.55078125</ele>
      </trkpt>
      <trkpt lat="-33.945677792653441" lon="18.396502174437046">
        <ele>334.28515625</ele>
      </trkpt>
      <trkpt lat="-33.945775777101517" lon="18.396238060668111">
        <ele>333.8359375</ele>
      </trkpt>
      <trkpt lat="-33.945867056027055" lon="18.396326489746571">
        <ele>336.93359375</ele>
      </trkpt>
      <trkpt lat="-33.945894548669457" lon="18.396561853587627">
        <ele>340.66015625</ele>
      </trkpt>
      <trkpt lat="-33.945879964157939" lon="18.396824961528182">
        <ele>343.73046875</ele>
      </trkpt>
      <trkpt lat="-33.945928746834397" lon="18.397139115259051">
        <ele>348.31640625</ele>
      </trkpt>
      <trkpt lat="-33.945999993011355" lon="18.397410018369555">
        <ele>352.4140625</ele>
      </trkpt>
      <trkpt lat="-33.946029832586646" lon="18.397541362792253">
        <ele>353.25</ele>
      </trkpt>
      <trkpt lat="-33.946290845051408" lon="18.397897593677044">
        <ele>360.72265625</ele>
      </trkpt>
      <trkpt lat="-33.946366030722857" lon="18.397588552907109">
        <ele>361.8125</ele>
      </trkpt>
      <trkpt lat="-33.946412969380617" lon="18.39754069224">
        <ele>362.5078125</ele>
      </trkpt>
      <trkpt lat="-33.946479018777609" lon="18.39756365865469">
        <ele>363.96484375</ele>
      </trkpt>
      <trkpt lat="-33.946889983490109" lon="18.398190038278699">
        <ele>378.01953125</ele>
      </trkpt>
      <trkpt lat="-33.947264989838004" lon="18.398784985765815">
        <ele>397.37109375</ele>
      </trkpt>
      <trkpt lat="-33.947639996185899" lon="18.399380017071962">
        <ele>413.15625</ele>
      </trkpt>
      <trkpt lat="-33.947769999504089" lon="18.399529969319701">
        <ele>418.234375</ele>
      </trkpt>
      <trkpt lat="-33.947890028357506" lon="18.399580009281635">
        <ele>423.734375</ele>
      </trkpt>
      <trkpt lat="-33.947930010035634" lon="18.399020014330745">
        <ele>432.15625</ele>
      </trkpt>
      <trkpt lat="-33.94805003888905" lon="18.398520033806562">
        <ele>433.015625</ele>
      </trkpt>
      <trkpt lat="-33.948160009458661" lon="18.398980032652617">
        <ele>443.4921875</ele>
      </trkpt>
      <trkpt lat="-33.9483099617064" lon="18.39931002818048">
        <ele>449.90234375</ele>
      </trkpt>
      <trkpt lat="-33.948380034416914" lon="18.398790014907718">
        <ele>452.58984375</ele>
      </trkpt>
      <trkpt lat="-33.948559993878007" lon="18.398780040442944">
        <ele>460.03515625</ele>
      </trkpt>
      <trkpt lat="-33.948829974979162" lon="18.398890011012554">
        <ele>475.11328125</ele>
      </trkpt>
      <trkpt lat="-33.949029967188835" lon="18.399029988795519">
        <ele>491.79296875</ele>
      </trkpt>
      <trkpt lat="-33.949140021577477" lon="18.399029988795519">
        <ele>500.7265625</ele>
      </trkpt>
      <trkpt lat="-33.949500024318695" lon="18.399870023131371">
        <ele>510.4140625</ele>
      </trkpt>
      <trkpt lat="-33.94979003816843" lon="18.400294985622168">
        <ele>509.17578125</ele>
      </trkpt>
      <trkpt lat="-33.950367383658886" lon="18.40115312486887">
        <ele>507.69921875</ele>
      </trkpt>
      <trkpt lat="-33.950580032542348" lon="18.401369964703918">
        <ele>516.58984375</ele>
      </trkpt>
      <trkpt lat="-33.950889995321631" lon="18.401970025151968">
        <ele>519.421875</ele>
      </trkpt>
      <trkpt lat="-33.951050005853176" lon="18.402300020679832">
        <ele>518.6015625</ele>
      </trkpt>
      <trkpt lat="-33.951470023021102" lon="18.403069982305169">
        <ele>511.6875</ele>
      </trkpt>
      <trkpt lat="-33.951740004122257" lon="18.403399977833033">
        <ele>510.015625</ele>
      </trkpt>
      <trkpt lat="-33.952028760686517" lon="18.403813960030675">
        <ele>505.453125</ele>
      </trkpt>
      <trkpt lat="-33.952251467853785" lon="18.403901467099786">
        <ele>511.38671875</ele>
      </trkpt>
      <trkpt lat="-33.952479958534241" lon="18.40423003770411">
        <ele>513.72265625</ele>
      </trkpt>
      <trkpt lat="-33.952571153640747" lon="18.404472777619958">
        <ele>514.96484375</ele>
      </trkpt>
      <trkpt lat="-33.952609961852431" lon="18.404890028759837">
        <ele>507.06640625</ele>
      </trkpt>
      <trkpt lat="-33.952759997919202" lon="18.405390009284019">
        <ele>502.171875</ele>
      </trkpt>
      <trkpt lat="-33.952812300994992" lon="18.405541637912393">
        <ele>499.91796875</ele>
      </trkpt>
      <trkpt lat="-33.952899975702167" lon="18.405720004811883">
        <ele>497.72265625</ele>
      </trkpt>
      <trkpt lat="-33.953129975125194" lon="18.406040025874972">
        <ele>498.9296875</ele>
      </trkpt>
      <trkpt lat="-33.953579999506474" lon="18.406570013612509">
        <ele>505.58984375</ele>
      </trkpt>
      <trkpt lat="-33.953960034996271" lon="18.407160015776753">
        <ele>504.89453125</ele>
      </trkpt>
      <trkpt lat="-33.954200008884072" lon="18.407399989664555">
        <ele>514.625</ele>
      </trkpt>
      <trkpt lat="-33.954162709414959" lon="18.407507026568055">
        <ele>509.33203125</ele>
      </trkpt>
      <trkpt lat="-33.954198081046343" lon="18.407616997137666">
        <ele>508.56640625</ele>
      </trkpt>
      <trkpt lat="-33.954249965026975" lon="18.407650021836162">
        <ele>510.85546875</ele>
      </trkpt>
      <trkpt lat="-33.954435205087066" lon="18.407986890524626">
        <ele>513.52734375</ele>
      </trkpt>
      <trkpt lat="-33.954542158171535" lon="18.408118821680546">
        <ele>516.2109375</ele>
      </trkpt>
      <trkpt lat="-33.954722955822945" lon="18.408486871048808">
        <ele>513.015625</ele>
      </trkpt>
      <trkpt lat="-33.954850025475025" lon="18.408860033378005">
        <ele>504.73046875</ele>
      </trkpt>
      <trkpt lat="-33.955410020425916" lon="18.409780031070113">
        <ele>504.015625</ele>
      </trkpt>
      <trkpt lat="-33.955502221360803" lon="18.409937527030706">
        <ele>501.859375</ele>
      </trkpt>
      <trkpt lat="-33.955504735931754" lon="18.410009359940886">
        <ele>499.36328125</ele>
      </trkpt>
      <trkpt lat="-33.955568354576826" lon="18.410036265850067">
        <ele>502.6015625</ele>
      </trkpt>
      <trkpt lat="-33.955630799755454" lon="18.410160904750228">
        <ele>501.93359375</ele>
      </trkpt>
      <trkpt lat="-33.955650497227907" lon="18.410494588315487">
        <ele>499.171875</ele>
      </trkpt>
      <trkpt lat="-33.955879993736744" lon="18.411339987069368">
        <ele>507.90625</ele>
      </trkpt>
      <trkpt lat="-33.956019971519709" lon="18.411639975383878">
        <ele>514.30859375</ele>
      </trkpt>
      <trkpt lat="-33.956019971519709" lon="18.412010036408901">
        <ele>508.609375</ele>
      </trkpt>
      <trkpt lat="-33.956057354807854" lon="18.412273311987519">
        <ele>507.58984375</ele>
      </trkpt>
      <trkpt lat="-33.956305542960763" lon="18.4128338098526">
        <ele>510.34375</ele>
      </trkpt>
      <trkpt lat="-33.956283079460263" lon="18.412926932796836">
        <ele>505.234375</ele>
      </trkpt>
      <trkpt lat="-33.956398162990808" lon="18.413180820643902">
        <ele>509.05078125</ele>
      </trkpt>
      <trkpt lat="-33.956460021436214" lon="18.413500003516674">
        <ele>508.20703125</ele>
      </trkpt>
      <trkpt lat="-33.956400007009506" lon="18.41389998793602">
        <ele>496.02734375</ele>
      </trkpt>
      <trkpt lat="-33.956479970365763" lon="18.414450008422136">
        <ele>496.125</ele>
      </trkpt>
      <trkpt lat="-33.956703348085284" lon="18.415140593424439">
        <ele>494.59765625</ele>
      </trkpt>
      <trkpt lat="-33.956960001960397" lon="18.415539991110563">
        <ele>492.109375</ele>
      </trkpt>
      <trkpt lat="-33.957250015810132" lon="18.415730008855462">
        <ele>491.8671875</ele>
      </trkpt>
      <trkpt lat="-33.957780003547668" lon="18.415839979425073">
        <ele>499.375</ele>
      </trkpt>
      <trkpt lat="-33.95799701102078" lon="18.41587602160871">
        <ele>504.97265625</ele>
      </trkpt>
      <trkpt lat="-33.958026263862848" lon="18.415926732122898">
        <ele>504.203125</ele>
      </trkpt>
      <trkpt lat="-33.958022240549326" lon="18.416006024926901">
        <ele>501.08203125</ele>
      </trkpt>
      <trkpt lat="-33.957989802584052" lon="18.416041480377316">
        <ele>499.15234375</ele>
      </trkpt>
      <trkpt lat="-33.958049984648824" lon="18.416350018233061">
        <ele>501.30078125</ele>
      </trkpt>
      <trkpt lat="-33.958100024610758" lon="18.4164999704808">
        <ele>505.05078125</ele>
      </trkpt>
      <trkpt lat="-33.958037914708257" lon="18.416699627414346">
        <ele>503.29296875</ele>
      </trkpt>
      <trkpt lat="-33.958100024610758" lon="18.416699962690473">
        <ele>506.875</ele>
      </trkpt>
      <trkpt lat="-33.958209995180368" lon="18.416589992120862">
        <ele>512.15234375</ele>
      </trkpt>
      <trkpt lat="-33.958228603005409" lon="18.416539868339896">
        <ele>513.00390625</ele>
      </trkpt>
      <trkpt lat="-33.958209995180368" lon="18.416491337120533">
        <ele>511.5546875</ele>
      </trkpt>
      <trkpt lat="-33.958227764815092" lon="18.416341552510858">
        <ele>512.234375</ele>
      </trkpt>
      <trkpt lat="-33.958209911361337" lon="18.41626200824976">
        <ele>510.7890625</ele>
      </trkpt>
      <trkpt lat="-33.958249976858497" lon="18.4160699788481">
        <ele>513.80859375</ele>
      </trkpt>
      <trkpt lat="-33.958319965749979" lon="18.416020022705197">
        <ele>519.13671875</ele>
      </trkpt>
      <trkpt lat="-33.95835667848587" lon="18.416147511452436">
        <ele>521.37109375</ele>
      </trkpt>
      <trkpt lat="-33.958500009030104" lon="18.416269971057773">
        <ele>531.05078125</ele>
      </trkpt>
      <trkpt lat="-33.958679968491197" lon="18.415560023859143">
        <ele>551.546875</ele>
      </trkpt>
      <trkpt lat="-33.958809971809387" lon="18.415879961103201">
        <ele>559.0234375</ele>
      </trkpt>
      <trkpt lat="-33.958990015089512" lon="18.416229989379644">
        <ele>569.3828125</ele>
      </trkpt>
      <trkpt lat="-33.959080036729574" lon="18.416160000488162">
        <ele>576.296875</ele>
      </trkpt>
      <trkpt lat="-33.959060003980994" lon="18.415620038285851">
        <ele>580.98046875</ele>
      </trkpt>
      <trkpt lat="-33.959145080298185" lon="18.415728835389018">
        <ele>585.140625</ele>
      </trkpt>
      <trkpt lat="-33.959190007299185" lon="18.415460027754307">
        <ele>593.734375</ele>
      </trkpt>
      <trkpt lat="-33.959258738905191" lon="18.41522759757936">
        <ele>603.5078125</ele>
      </trkpt>
      <trkpt lat="-33.959310036152601" lon="18.414859967306256">
        <ele>618.28125</ele>
      </trkpt>
      <trkpt lat="-33.959230575710535" lon="18.414722923189402">
        <ele>614.59765625</ele>
      </trkpt>
      <trkpt lat="-33.959239963442087" lon="18.414199976250529">
        <ele>645.81640625</ele>
      </trkpt>
      <trkpt lat="-33.959259996190667" lon="18.414129987359047">
        <ele>653.38671875</ele>
      </trkpt>
      <trkpt lat="-33.959310036152601" lon="18.414139961823821">
        <ele>657.66015625</ele>
      </trkpt>
      <trkpt lat="-33.959369966760278" lon="18.413820024579763">
        <ele>691.0703125</ele>
      </trkpt>
      <trkpt lat="-33.959522685036063" lon="18.413668647408485">
        <ele>714.4296875</ele>
      </trkpt>
      <trkpt lat="-33.959529977291822" lon="18.413549959659576">
        <ele>719.421875</ele>
      </trkpt>
      <trkpt lat="-33.959629386663437" lon="18.413419704884291">
        <ele>729.21484375</ele>
      </trkpt>
      <trkpt lat="-33.959599966183305" lon="18.413109993562102">
        <ele>724.65625</ele>
      </trkpt>
      <trkpt lat="-33.959577586501837" lon="18.413016870617867">
        <ele>722.078125</ele>
      </trkpt>
      <trkpt lat="-33.959870031103492" lon="18.413149975240231">
        <ele>741.453125</ele>
      </trkpt>
      <trkpt lat="-33.959946893155575" lon="18.413137821480632">
        <ele>750.15234375</ele>
      </trkpt>
      <trkpt lat="-33.95988998003304" lon="18.412779998034239">
        <ele>732.03515625</ele>
      </trkpt>
      <trkpt lat="-33.959799958392978" lon="18.412440028041601">
        <ele>737.453125</ele>
      </trkpt>
      <trkpt lat="-33.960249982774258" lon="18.412570031359792">
        <ele>777.59765625</ele>
      </trkpt>
      <trkpt lat="-33.960042279213667" lon="18.411949183791876">
        <ele>776.90625</ele>
      </trkpt>
      <trkpt lat="-33.959932057186961" lon="18.411814402788877">
        <ele>776.8828125</ele>
      </trkpt>
      <trkpt lat="-33.960000034421682" lon="18.411780036985874">
        <ele>783.1640625</ele>
      </trkpt>
      <trkpt lat="-33.960200026631355" lon="18.411899982020259">
        <ele>793.1796875</ele>
      </trkpt>
      <trkpt lat="-33.960219975560904" lon="18.411829993128777">
        <ele>798.45703125</ele>
      </trkpt>
      <trkpt lat="-33.960251240059733" lon="18.411597479134798">
        <ele>811.234375</ele>
      </trkpt>
      <trkpt lat="-33.960200026631355" lon="18.411520030349493">
        <ele>810.01953125</ele>
      </trkpt>
      <trkpt lat="-33.960090391337872" lon="18.411434032022953">
        <ele>811.37109375</ele>
      </trkpt>
      <trkpt lat="-33.960105059668422" lon="18.411357002332807">
        <ele>817.82421875</ele>
      </trkpt>
      <trkpt lat="-33.960289964452386" lon="18.411330012604594">
        <ele>824.07421875</ele>
      </trkpt>
      <trkpt lat="-33.960579978302121" lon="18.411400001496077">
        <ele>850.89453125</ele>
      </trkpt>
      <trkpt lat="-33.96062633022666" lon="18.411365719512105">
        <ele>856.421875</ele>
      </trkpt>
      <trkpt lat="-33.960646195337176" lon="18.411303190514445">
        <ele>857.23828125</ele>
      </trkpt>
      <trkpt lat="-33.960579978302121" lon="18.411109987646341">
        <ele>849.3359375</ele>
      </trkpt>
      <trkpt lat="-33.960379986092448" lon="18.410919969901443">
        <ele>850.37890625</ele>
      </trkpt>
      <trkpt lat="-33.960370849817991" lon="18.410869259387255">
        <ele>856.6796875</ele>
      </trkpt>
      <trkpt lat="-33.960425248369575" lon="18.410820728167892">
        <ele>858.25390625</ele>
      </trkpt>
      <trkpt lat="-33.960547037422657" lon="18.410848891362548">
        <ele>857.5546875</ele>
      </trkpt>
      <trkpt lat="-33.960622474551201" lon="18.410831540822983">
        <ele>859.57421875</ele>
      </trkpt>
      <trkpt lat="-33.960622642189264" lon="18.410753672942519">
        <ele>862.57421875</ele>
      </trkpt>
      <trkpt lat="-33.960560029372573" lon="18.410630039870739">
        <ele>873.30078125</ele>
      </trkpt>
      <trkpt lat="-33.960510911419988" lon="18.410578491166234">
        <ele>880.125</ele>
      </trkpt>
      <trkpt lat="-33.960544103756547" lon="18.410525433719158">
        <ele>883.234375</ele>
      </trkpt>
      <trkpt lat="-33.960649967193604" lon="18.410489978268743">
        <ele>879.546875</ele>
      </trkpt>
      <trkpt lat="-33.960798410698771" lon="18.410519482567906">
        <ele>885.6015625</ele>
      </trkpt>
      <trkpt lat="-33.960830010473728" lon="18.410410014912486">
        <ele>893.9453125</ele>
      </trkpt>
      <trkpt lat="-33.960739653557539" lon="18.410273138433695">
        <ele>900.03125</ele>
      </trkpt>
      <trkpt lat="-33.960743676871061" lon="18.41024505905807">
        <ele>902.9296875</ele>
      </trkpt>
      <trkpt lat="-33.960830010473728" lon="18.410210022702813">
        <ele>908.99609375</ele>
      </trkpt>
      <trkpt lat="-33.960960013791919" lon="18.410210022702813">
        <ele>913.03125</ele>
      </trkpt>
      <trkpt lat="-33.960939981043339" lon="18.409959990531206">
        <ele>922.2578125</ele>
      </trkpt>
      <trkpt lat="-33.960827831178904" lon="18.409822192043066">
        <ele>931.49609375</ele>
      </trkpt>
      <trkpt lat="-33.960811318829656" lon="18.409771900624037">
        <ele>935.0625</ele>
      </trkpt>
      <trkpt lat="-33.960830010473728" lon="18.409750023856759">
        <ele>935.76171875</ele>
      </trkpt>
      <trkpt lat="-33.961062356829643" lon="18.409738540649414">
        <ele>937.82421875</ele>
      </trkpt>
      <trkpt lat="-33.961109798401594" lon="18.40969973243773">
        <ele>941.67578125</ele>
      </trkpt>
      <trkpt lat="-33.961120024323463" lon="18.409590013325214">
        <ele>943.875</ele>
      </trkpt>
      <trkpt lat="-33.961032265797257" lon="18.409477276727557">
        <ele>947.6484375</ele>
      </trkpt>
      <trkpt lat="-33.960898909717798" lon="18.40935087762773">
        <ele>963.06640625</ele>
      </trkpt>
      <trkpt lat="-33.960920032113791" lon="18.409190028905869">
        <ele>978.49609375</ele>
      </trkpt>
      <trkpt lat="-33.960979962721467" lon="18.409070000052452">
        <ele>984.8203125</ele>
      </trkpt>
      <trkpt lat="-33.961053807288408" lon="18.409007638692856">
        <ele>988.9296875</ele>
      </trkpt>
      <trkpt lat="-33.961250027641654" lon="18.409030018374324">
        <ele>975.82421875</ele>
      </trkpt>
      <trkpt lat="-33.961281711235642" lon="18.40902054682374">
        <ele>979.3046875</ele>
      </trkpt>
      <trkpt lat="-33.9612977206707" lon="18.408972769975662">
        <ele>985.94921875</ele>
      </trkpt>
      <trkpt lat="-33.961280034855008" lon="18.408779986202717">
        <ele>1006.62890625</ele>
      </trkpt>
      <trkpt lat="-33.961271652951837" lon="18.408746793866158">
        <ele>1010.10546875</ele>
      </trkpt>
      <trkpt lat="-33.961540041491389" lon="18.408670015633106">
        <ele>1026.125</ele>
      </trkpt>
      <trkpt lat="-33.961595026776195" lon="18.408678732812405">
        <ele>1030.60546875</ele>
      </trkpt>
      <trkpt lat="-33.961623357608914" lon="18.40863355435431">
        <ele>1035.71875</ele>
      </trkpt>
      <trkpt lat="-33.961569964885712" lon="18.408359969034791">
        <ele>1045.16015625</ele>
      </trkpt>
      <trkpt lat="-33.961607599630952" lon="18.408323004841805">
        <ele>1047.56640625</ele>
      </trkpt>
      <trkpt lat="-33.961589327082038" lon="18.408272294327617">
        <ele>1048.88671875</ele>
      </trkpt>
      <trkpt lat="-33.961659986525774" lon="18.407950010150671">
        <ele>1052.703125</ele>
      </trkpt>
      <trkpt lat="-33.961790828034282" lon="18.407851187512279">
        <ele>1048.296875</ele>
      </trkpt>
      <trkpt lat="-33.961880011484027" lon="18.407639963552356">
        <ele>1046.80859375</ele>
      </trkpt>
      <trkpt lat="-33.96210003644228" lon="18.407659996300936">
        <ele>1050.1171875</ele>
      </trkpt>
      <trkpt lat="-33.962219981476665" lon="18.407729985192418">
        <ele>1052.66015625</ele>
      </trkpt>
      <trkpt lat="-33.962264321744442" lon="18.407740630209446">
        <ele>1053.46875</ele>
      </trkpt>
      <trkpt lat="-33.962331628426909" lon="18.407792849466205">
        <ele>1055.23046875</ele>
      </trkpt>
      <trkpt lat="-33.962479988113046" lon="18.408050006255507">
        <ele>1060.546875</ele>
      </trkpt>
      <trkpt lat="-33.962542936205864" lon="18.408240862190723">
        <ele>1063.359375</ele>
      </trkpt>
      <trkpt lat="-33.962403545156121" lon="18.408233402296901">
        <ele>1062.328125</ele>
      </trkpt>
      <trkpt lat="-33.962300028651953" lon="18.408310012891889">
        <ele>1061.953125</ele>
      </trkpt>
      <trkpt lat="-33.96221537142992" lon="18.40852945111692">
        <ele>1064.1640625</ele>
      </trkpt>
      <trkpt lat="-33.962140018120408" lon="18.408819967880845">
        <ele>1065.421875</ele>
      </trkpt>
      <trkpt lat="-33.962107915431261" lon="18.408885095268488">
        <ele>1065.1953125</ele>
      </trkpt>
      <trkpt lat="-33.962056702002883" lon="18.409001100808382">
        <ele>1062.7109375</ele>
      </trkpt>
      <trkpt lat="-33.962083021178842" lon="18.4094163402915">
        <ele>1065.08984375</ele>
      </trkpt>
      <trkpt lat="-33.961970033124089" lon="18.409720016643405">
        <ele>1057.37109375</ele>
      </trkpt>
      <trkpt lat="-33.961940025910735" lon="18.410140033811331">
        <ele>1064.171875</ele>
      </trkpt>
      <trkpt lat="-33.961941534653306" lon="18.410387048497796">
        <ele>1067.26953125</ele>
      </trkpt>
      <trkpt lat="-33.961840029805899" lon="18.410679996013641">
        <ele>1068.80078125</ele>
      </trkpt>
      <trkpt lat="-33.961720000952482" lon="18.410989958792925">
        <ele>1062.35546875</ele>
      </trkpt>
      <trkpt lat="-33.961747158318758" lon="18.411058019846678">
        <ele>1063.3515625</ele>
      </trkpt>
      <trkpt lat="-33.96172234788537" lon="18.411141838878393">
        <ele>1060.3984375</ele>
      </trkpt>
      <trkpt lat="-33.961720000952482" lon="18.41127997264266">
        <ele>1058.11328125</ele>
      </trkpt>
      <trkpt lat="-33.961840029805899" lon="18.411850025877357">
        <ele>1061.4765625</ele>
      </trkpt>
      <trkpt lat="-33.962259963154793" lon="18.413190040737391">
        <ele>1064.83203125</ele>
      </trkpt>
      <trkpt lat="-33.962359959259629" lon="18.413599999621511">
        <ele>1069.25</ele>
      </trkpt>
      <trkpt lat="-33.962600016966462" lon="18.414550004526973">
        <ele>1067.23828125</ele>
      </trkpt>
      <trkpt lat="-33.962891204282641" lon="18.415773762390018">
        <ele>1064.87109375</ele>
      </trkpt>
      <trkpt lat="-33.962913667783141" lon="18.416190426796675">
        <ele>1065.00390625</ele>
      </trkpt>
      <trkpt lat="-33.962987177073956" lon="18.416250608861446">
        <ele>1067.55078125</ele>
      </trkpt>
      <trkpt lat="-33.962924564257264" lon="18.416465520858765">
        <ele>1064.58984375</ele>
      </trkpt>
      <trkpt lat="-33.963020034134388" lon="18.416659981012344">
        <ele>1067.6796875</ele>
      </trkpt>
      <trkpt lat="-33.96309438161552" lon="18.417286528274417">
        <ele>1069.74609375</ele>
      </trkpt>
      <trkpt lat="-33.963168896734715" lon="18.417422650381923">
        <ele>1069.953125</ele>
      </trkpt>
      <trkpt lat="-33.96332798525691" lon="18.41759791597724">
        <ele>1070.47265625</ele>
      </trkpt>
      <trkpt lat="-33.963396716862917" lon="18.417691625654697">
        <ele>1071.59375</ele>
      </trkpt>
      <trkpt lat="-33.963457737118006" lon="18.417870411649346">
        <ele>1072.625</ele>
      </trkpt>
      <trkpt lat="-33.963422449305654" lon="18.417970910668373">
        <ele>1070.50390625</ele>
      </trkpt>
      <trkpt lat="-33.963443236425519" lon="18.418042156845331">
        <ele>1071.1796875</ele>
      </trkpt>
      <trkpt lat="-33.963423706591129" lon="18.418242819607258">
        <ele>1069.1640625</ele>
      </trkpt>
      <trkpt lat="-33.963445667177439" lon="18.418356645852327">
        <ele>1069.4609375</ele>
      </trkpt>
      <trkpt lat="-33.963399985805154" lon="18.418559990823269">
        <ele>1064.75390625</ele>
      </trkpt>
      <trkpt lat="-33.963473830372095" lon="18.419244289398193">
        <ele>1068.02734375</ele>
      </trkpt>
      <trkpt lat="-33.963416079059243" lon="18.419494656845927">
        <ele>1060.9765625</ele>
      </trkpt>
      <trkpt lat="-33.963403925299644" lon="18.419592306017876">
        <ele>1059.3359375</ele>
      </trkpt>
      <trkpt lat="-33.963393196463585" lon="18.41965458355844">
        <ele>1058.06640625</ele>
      </trkpt>
      <trkpt lat="-33.963399985805154" lon="18.419690039008856">
        <ele>1058.78515625</ele>
      </trkpt>
      <trkpt lat="-33.963402332738042" lon="18.419839236885309">
        <ele>1058.9140625</ele>
      </trkpt>
      <trkpt lat="-33.963469974696636" lon="18.420120030641556">
        <ele>1064.90625</ele>
      </trkpt>
      <trkpt lat="-33.963606432080269" lon="18.420261265709996">
        <ele>1066.90625</ele>
      </trkpt>
      <trkpt lat="-33.963757390156388" lon="18.420455893501639">
        <ele>1066.953125</ele>
      </trkpt>
      <trkpt lat="-33.963956041261554" lon="18.420801060274243">
        <ele>1065.63671875</ele>
      </trkpt>
      <trkpt lat="-33.964383350685239" lon="18.421409837901592">
        <ele>1066.1328125</ele>
      </trkpt>
      <trkpt lat="-33.964485190808773" lon="18.421705383807421">
        <ele>1066.64453125</ele>
      </trkpt>
      <trkpt lat="-33.964879978448153" lon="18.422639966011047">
        <ele>1068.25</ele>
      </trkpt>
      <trkpt lat="-33.964949967339635" lon="18.422999968752265">
        <ele>1067.46484375</ele>
      </trkpt>
      <trkpt lat="-33.965420024469495" lon="18.424109984189272">
        <ele>1069.83203125</ele>
      </trkpt>
      <trkpt lat="-33.965785056352615" lon="18.425005925819278">
        <ele>1068.86328125</ele>
      </trkpt>
      <trkpt lat="-33.966400036588311" lon="18.425549995154142">
        <ele>1073.80078125</ele>
      </trkpt>
      <trkpt lat="-33.966497350484133" lon="18.42567840591073">
        <ele>1074.77734375</ele>
      </trkpt>
      <trkpt lat="-33.966621905565262" lon="18.425798770040274">
        <ele>1077.0078125</ele>
      </trkpt>
      <trkpt lat="-33.966723661869764" lon="18.42584352940321">
        <ele>1079.19140625</ele>
      </trkpt>
      <trkpt lat="-33.966779988259077" lon="18.425830034539104">
        <ele>1080.61328125</ele>
      </trkpt>
      <trkpt lat="-33.966874703764915" lon="18.425730960443616">
        <ele>1081.421875</ele>
      </trkpt>
      <trkpt lat="-33.967057932168245" lon="18.426063721999526">
        <ele>1075.4921875</ele>
      </trkpt>
      <trkpt lat="-33.967132950201631" lon="18.42610445804894">
        <ele>1082.69140625</ele>
      </trkpt>
      <trkpt lat="-33.967173518612981" lon="18.426141170784831">
        <ele>1073.2265625</ele>
      </trkpt>
      <trkpt lat="-33.967402344569564" lon="18.426206633448601">
        <ele>1069.484375</ele>
      </trkpt>
      <trkpt lat="-33.967815991491079" lon="18.426382569596171">
        <ele>1079.5859375</ele>
      </trkpt>
      <trkpt lat="-33.968049846589565" lon="18.426020639017224">
        <ele>1046.4296875</ele>
      </trkpt>
      <trkpt lat="-33.968108100816607" lon="18.425839338451624">
        <ele>1044.35546875</ele>
      </trkpt>
      <trkpt lat="-33.968184711411595" lon="18.425767756998539">
        <ele>1076.95703125</ele>
      </trkpt>
      <trkpt lat="-33.968276241794229" lon="18.425624594092369">
        <ele>1037.94140625</ele>
      </trkpt>
      <trkpt lat="-33.968509091064334" lon="18.425121596083045">
        <ele>1074.4296875</ele>
      </trkpt>
      <trkpt lat="-33.9690410066396" lon="18.424619268625975">
        <ele>1069.37109375</ele>
      </trkpt>
      <trkpt lat="-33.9692965708673" lon="18.424394968897104">
        <ele>1068.5625</ele>
      </trkpt>
      <trkpt lat="-33.970038369297981" lon="18.423325689509511">
        <ele>1068.56640625</ele>
      </trkpt>
      <trkpt lat="-33.970243893563747" lon="18.423093259334564">
        <ele>1067.125</ele>
      </trkpt>
      <trkpt lat="-33.970507169142365" lon="18.423033747822046">
        <ele>1066.41796875</ele>
      </trkpt>
      <trkpt lat="-33.970583276823163" lon="18.422816405072808">
        <ele>1063.078125</ele>
      </trkpt>
      <trkpt lat="-33.970556622371078" lon="18.422611048445106">
        <ele>1061.1640625</ele>
      </trkpt>
      <trkpt lat="-33.970602722838521" lon="18.422446511685848">
        <ele>1059.23828125</ele>
      </trkpt>
      <trkpt lat="-33.970803134143353" lon="18.422369649633765">
        <ele>1060.1953125</ele>
      </trkpt>
      <trkpt lat="-33.971026428043842" lon="18.422277113422751">
        <ele>1058.57421875</ele>
      </trkpt>
      <trkpt lat="-33.971280064433813" lon="18.421964719891548">
        <ele>1055.55078125</ele>
      </trkpt>
      <trkpt lat="-33.971511656418443" lon="18.42173857614398">
        <ele>1052.28125</ele>
      </trkpt>
      <trkpt lat="-33.971660686656833" lon="18.42157588340342">
        <ele>1051.91796875</ele>
      </trkpt>
      <trkpt lat="-33.971736459061503" lon="18.421512264758348">
        <ele>1049.73046875</ele>
      </trkpt>
      <trkpt lat="-33.971457928419113" lon="18.421012284234166">
        <ele>920.3828125</ele>
      </trkpt>
      <trkpt lat="-33.971144361421466" lon="18.420611377805471">
        <ele>920.2578125</ele>
      </trkpt>
      <trkpt lat="-33.971108235418797" lon="18.420559661462903">
        <ele>922.15234375</ele>
      </trkpt>
      <trkpt lat="-33.970522172749043" lon="18.419694062322378">
        <ele>896.484375</ele>
      </trkpt>
      <trkpt lat="-33.970465008169413" lon="18.419622145593166">
        <ele>915.8515625</ele>
      </trkpt>
      <trkpt lat="-33.970217909663916" lon="18.419535811990499">
        <ele>922.6796875</ele>
      </trkpt>
      <trkpt lat="-33.970116823911667" lon="18.4194166213274">
        <ele>923.578125</ele>
      </trkpt>
      <trkpt lat="-33.970087235793471" lon="18.419128702953458">
        <ele>918.81640625</ele>
      </trkpt>
      <trkpt lat="-33.970132246613503" lon="18.418956622481346">
        <ele>912.96875</ele>
      </trkpt>
      <trkpt lat="-33.970125457271934" lon="18.418762162327766">
        <ele>1044.1875</ele>
      </trkpt>
      <trkpt lat="-33.97009695880115" lon="18.418643977493048">
        <ele>909.46484375</ele>
      </trkpt>
      <trkpt lat="-33.970117494463921" lon="18.418181212618947">
        <ele>1041.96875</ele>
      </trkpt>
      <trkpt lat="-33.970044907182455" lon="18.417636472731829">
        <ele>1039.00390625</ele>
      </trkpt>
      <trkpt lat="-33.970101987943053" lon="18.417345285415649">
        <ele>1026.36328125</ele>
      </trkpt>
      <trkpt lat="-33.97001925855875" lon="18.416914623230696">
        <ele>1015.6796875</ele>
      </trkpt>
      <trkpt lat="-33.969936361536384" lon="18.415727242827415">
        <ele>1010.00390625</ele>
      </trkpt>
      <trkpt lat="-33.969901409000158" lon="18.415058283135295">
        <ele>1005.87890625</ele>
      </trkpt>
      <trkpt lat="-33.969890344887972" lon="18.414719738066196">
        <ele>909.28515625</ele>
      </trkpt>
      <trkpt lat="-33.969874167814851" lon="18.41470523737371">
        <ele>989.2109375</ele>
      </trkpt>
      <trkpt lat="-33.969748942181468" lon="18.414313215762377">
        <ele>978.93359375</ele>
      </trkpt>
      <trkpt lat="-33.969610976055264" lon="18.41372505761683">
        <ele>959.5390625</ele>
      </trkpt>
      <trkpt lat="-33.969491701573133" lon="18.413244690746069">
        <ele>954.78125</ele>
      </trkpt>
      <trkpt lat="-33.969305707141757" lon="18.412585370242596">
        <ele>951.6640625</ele>
      </trkpt>
      <trkpt lat="-33.969278885051608" lon="18.412516722455621">
        <ele>948.25</ele>
      </trkpt>
      <trkpt lat="-33.96935373544693" lon="18.412204748019576">
        <ele>947.8359375</ele>
      </trkpt>
      <trkpt lat="-33.969387849792838" lon="18.412082456052303">
        <ele>939.75390625</ele>
      </trkpt>
      <trkpt lat="-33.969478122889996" lon="18.41177785769105">
        <ele>938.2421875</ele>
      </trkpt>
      <trkpt lat="-33.969318447634578" lon="18.411493040621281">
        <ele>917.6484375</ele>
      </trkpt>
      <trkpt lat="-33.969179140403867" lon="18.411209899932146">
        <ele>910.58984375</ele>
      </trkpt>
      <trkpt lat="-33.969120718538761" lon="18.41106740757823">
        <ele>884.26953125</ele>
      </trkpt>
      <trkpt lat="-33.969029020518064" lon="18.410944612696767">
        <ele>883.3828125</ele>
      </trkpt>
      <trkpt lat="-33.968984596431255" lon="18.410884011536837">
        <ele>876.765625</ele>
      </trkpt>
      <trkpt lat="-33.968958361074328" lon="18.41084168292582">
        <ele>868.8203125</ele>
      </trkpt>
      <trkpt lat="-33.968944782391191" lon="18.410827601328492">
        <ele>868.9375</ele>
      </trkpt>
      <trkpt lat="-33.968714280053973" lon="18.410452259704471">
        <ele>870.234375</ele>
      </trkpt>
      <trkpt lat="-33.968439353629947" lon="18.409709120169282">
        <ele>871.484375</ele>
      </trkpt>
      <trkpt lat="-33.968346733599901" lon="18.409591438248754">
        <ele>871.34375</ele>
      </trkpt>
      <trkpt lat="-33.968284539878368" lon="18.409463195130229">
        <ele>872.1953125</ele>
      </trkpt>
      <trkpt lat="-33.968233997002244" lon="18.409398151561618">
        <ele>871.9921875</ele>
      </trkpt>
      <trkpt lat="-33.968040039762855" lon="18.409049967303872">
        <ele>875.14453125</ele>
      </trkpt>
      <trkpt lat="-33.967971224337816" lon="18.408940332010388">
        <ele>876.76171875</ele>
      </trkpt>
      <trkpt lat="-33.967897379770875" lon="18.408704213798046">
        <ele>881.13671875</ele>
      </trkpt>
      <trkpt lat="-33.967809872701764" lon="18.408576473593712">
        <ele>883.18359375</ele>
      </trkpt>
      <trkpt lat="-33.967790007591248" lon="18.408489972352982">
        <ele>884.91796875</ele>
      </trkpt>
      <trkpt lat="-33.967648101970553" lon="18.408347479999065">
        <ele>886.87890625</ele>
      </trkpt>
      <trkpt lat="-33.967520026490092" lon="18.408180009573698">
        <ele>889.74609375</ele>
      </trkpt>
      <trkpt lat="-33.967479960992932" lon="18.408170035108924">
        <ele>889.01953125</ele>
      </trkpt>
      <trkpt lat="-33.967387927696109" lon="18.408036762848496">
        <ele>897.796875</ele>
      </trkpt>
      <trkpt lat="-33.967300001531839" lon="18.40782000683248">
        <ele>892.3515625</ele>
      </trkpt>
      <trkpt lat="-33.96724040620029" lon="18.40760794468224">
        <ele>895.7421875</ele>
      </trkpt>
      <trkpt lat="-33.966939998790622" lon="18.407020037993789">
        <ele>897.3828125</ele>
      </trkpt>
      <trkpt lat="-33.966751154512167" lon="18.406861368566751">
        <ele>898.19921875</ele>
      </trkpt>
      <trkpt lat="-33.966588797047734" lon="18.406797833740711">
        <ele>899.79296875</ele>
      </trkpt>
      <trkpt lat="-33.966710167005658" lon="18.406705297529697">
        <ele>900.9296875</ele>
      </trkpt>
      <trkpt lat="-33.967009987682104" lon="18.406689958646894">
        <ele>905.16015625</ele>
      </trkpt>
      <trkpt lat="-33.967230012640357" lon="18.40640002861619">
        <ele>917.83984375</ele>
      </trkpt>
      <trkpt lat="-33.967283070087433" lon="18.406309755519032">
        <ele>921.5</ele>
      </trkpt>
      <trkpt lat="-33.967520361766219" lon="18.406264157965779">
        <ele>927.97265625</ele>
      </trkpt>
      <trkpt lat="-33.967709122225642" lon="18.406097022816539">
        <ele>934.5078125</ele>
      </trkpt>
      <trkpt lat="-33.967609964311123" lon="18.405689997598529">
        <ele>945.6640625</ele>
      </trkpt>
      <trkpt lat="-33.96740997210145" lon="18.405209966003895">
        <ele>955.578125</ele>
      </trkpt>
      <trkpt lat="-33.96745003759861" lon="18.404979966580868">
        <ele>961.43359375</ele>
      </trkpt>
      <trkpt lat="-33.967769974842668" lon="18.40448996052146">
        <ele>970.1328125</ele>
      </trkpt>
      <trkpt lat="-33.967951023951173" lon="18.404192319139838">
        <ele>971.40625</ele>
      </trkpt>
      <trkpt lat="-33.967925794422626" lon="18.404117720201612">
        <ele>967.203125</ele>
      </trkpt>
      <trkpt lat="-33.968018749728799" lon="18.404045971110463">
        <ele>965.30859375</ele>
      </trkpt>
      <trkpt lat="-33.968178676441312" lon="18.403984867036343">
        <ele>965.828125</ele>
      </trkpt>
      <trkpt lat="-33.968206923455" lon="18.403954105451703">
        <ele>960.5234375</ele>
      </trkpt>
      <trkpt lat="-33.968299962580204" lon="18.403899958357215">
        <ele>959.75</ele>
      </trkpt>
      <trkpt lat="-33.968348326161504" lon="18.403890570625663">
        <ele>956.19140625</ele>
      </trkpt>
      <trkpt lat="-33.968459973111749" lon="18.403680017217994">
        <ele>948.95703125</ele>
      </trkpt>
      <trkpt lat="-33.968460978940129" lon="18.403620002791286">
        <ele>949.12890625</ele>
      </trkpt>
      <trkpt lat="-33.968480005860329" lon="18.403559988364577">
        <ele>946.28515625</ele>
      </trkpt>
      <trkpt lat="-33.968640016391873" lon="18.403450017794967">
        <ele>938.140625</ele>
      </trkpt>
      <trkpt lat="-33.968730038031936" lon="18.403489999473095">
        <ele>934.6171875</ele>
      </trkpt>
      <trkpt lat="-33.968769600614905" lon="18.40342914685607">
        <ele>938.0703125</ele>
      </trkpt>
      <trkpt lat="-33.968768510967493" lon="18.403351698070765">
        <ele>937.0859375</ele>
      </trkpt>
      <trkpt lat="-33.96884998306632" lon="18.403339963406324">
        <ele>931.015625</ele>
      </trkpt>
      <trkpt lat="-33.969008484855294" lon="18.40325128287077">
        <ele>930.265625</ele>
      </trkpt>
      <trkpt lat="-33.969260025769472" lon="18.40319998562336">
        <ele>923.16015625</ele>
      </trkpt>
      <trkpt lat="-33.969379970803857" lon="18.403109963983297">
        <ele>918.375</ele>
      </trkpt>
      <trkpt lat="-33.969400003552437" lon="18.402990018948913">
        <ele>914.5078125</ele>
      </trkpt>
      <trkpt lat="-33.969434201717377" lon="18.402906786650419">
        <ele>911.17578125</ele>
      </trkpt>
      <trkpt lat="-33.969420036301017" lon="18.402660023421049">
        <ele>906.34375</ele>
      </trkpt>
      <trkpt lat="-33.969539981335402" lon="18.402500012889504">
        <ele>898.53515625</ele>
      </trkpt>
      <trkpt lat="-33.969621118158102" lon="18.402411164715886">
        <ele>894.1328125</ele>
      </trkpt>
      <trkpt lat="-33.969690017402172" lon="18.402209999039769">
        <ele>889.9609375</ele>
      </trkpt>
      <trkpt lat="-33.969736453145742" lon="18.402195246890187">
        <ele>892.75</ele>
      </trkpt>
      <trkpt lat="-33.969780039042234" lon="18.402260039001703">
        <ele>886.94921875</ele>
      </trkpt>
      <trkpt lat="-33.969883220270276" lon="18.402317790314555">
        <ele>884.41796875</ele>
      </trkpt>
      <trkpt lat="-33.969980031251907" lon="18.402260039001703">
        <ele>881.8046875</ele>
      </trkpt>
      <trkpt lat="-33.970000147819519" lon="18.402198348194361">
        <ele>880.6796875</ele>
      </trkpt>
      <trkpt lat="-33.969980031251907" lon="18.402110002934933">
        <ele>879.20703125</ele>
      </trkpt>
      <trkpt lat="-33.970006853342056" lon="18.402077564969659">
        <ele>877.08203125</ele>
      </trkpt>
      <trkpt lat="-33.96997575648129" lon="18.402020232751966">
        <ele>878.3046875</ele>
      </trkpt>
      <trkpt lat="-33.969916580244899" lon="18.401701552793384">
        <ele>876.1796875</ele>
      </trkpt>
      <trkpt lat="-33.969866875559092" lon="18.401642544195056">
        <ele>876.98046875</ele>
      </trkpt>
      <trkpt lat="-33.969915993511677" lon="18.401535591110587">
        <ele>873.69921875</ele>
      </trkpt>
      <trkpt lat="-33.97000408731401" lon="18.401339035481215">
        <ele>872.87890625</ele>
      </trkpt>
      <trkpt lat="-33.970034010708332" lon="18.401231160387397">
        <ele>871.02734375</ele>
      </trkpt>
      <trkpt lat="-33.969995034858584" lon="18.401026390492916">
        <ele>876.44140625</ele>
      </trkpt>
      <trkpt lat="-33.970029149204493" lon="18.400946259498596">
        <ele>873.7578125</ele>
      </trkpt>
      <trkpt lat="-33.969973158091307" lon="18.400828745216131">
        <ele>879.93359375</ele>
      </trkpt>
      <trkpt lat="-33.969980031251907" lon="18.400699999183416">
        <ele>877.29296875</ele>
      </trkpt>
      <trkpt lat="-33.96995086222887" lon="18.400601176545024">
        <ele>877.8203125</ele>
      </trkpt>
      <trkpt lat="-33.969939965754747" lon="18.400249974802136">
        <ele>876.4140625</ele>
      </trkpt>
      <trkpt lat="-33.969780039042234" lon="18.399729961529374">
        <ele>870.953125</ele>
      </trkpt>
      <trkpt lat="-33.969739973545074" lon="18.399419998750091">
        <ele>861.0625</ele>
      </trkpt>
      <trkpt lat="-33.9697299990803" lon="18.399320002645254">
        <ele>857.15625</ele>
      </trkpt>
      <trkpt lat="-33.969698650762439" lon="18.399191843345761">
        <ele>859.44921875</ele>
      </trkpt>
      <trkpt lat="-33.969720527529716" lon="18.399079274386168">
        <ele>849.65234375</ele>
      </trkpt>
      <trkpt lat="-33.969720024615526" lon="18.398869978263974">
        <ele>840.08984375</ele>
      </trkpt>
      <trkpt lat="-33.969746008515358" lon="18.398779034614563">
        <ele>843.4375</ele>
      </trkpt>
      <trkpt lat="-33.969772160053253" lon="18.398715751245618">
        <ele>835.1171875</ele>
      </trkpt>
      <trkpt lat="-33.969829995185137" lon="18.398479968309402">
        <ele>826.94140625</ele>
      </trkpt>
      <trkpt lat="-33.969780039042234" lon="18.398239994421601">
        <ele>818.4765625</ele>
      </trkpt>
      <trkpt lat="-33.969839718192816" lon="18.398153074085712">
        <ele>816.31640625</ele>
      </trkpt>
      <trkpt lat="-33.969802334904671" lon="18.398011084645987">
        <ele>821.5078125</ele>
      </trkpt>
      <trkpt lat="-33.969780039042234" lon="18.397640017792583">
        <ele>805.39453125</ele>
      </trkpt>
      <trkpt lat="-33.969890009611845" lon="18.397319996729493">
        <ele>802.0234375</ele>
      </trkpt>
      <trkpt lat="-33.969920016825199" lon="18.397310022264719">
        <ele>802.98828125</ele>
      </trkpt>
      <trkpt lat="-33.969880035147071" lon="18.397040041163564">
        <ele>798.01171875</ele>
      </trkpt>
      <trkpt lat="-33.969920268282294" lon="18.396867709234357">
        <ele>797.34375</ele>
      </trkpt>
      <trkpt lat="-33.969980031251907" lon="18.396820016205311">
        <ele>797.95703125</ele>
      </trkpt>
      <trkpt lat="-33.970048259943724" lon="18.396814819425344">
        <ele>798.9140625</ele>
      </trkpt>
      <trkpt lat="-33.970203995704651" lon="18.396567469462752">
        <ele>793.5</ele>
      </trkpt>
      <trkpt lat="-33.970429971814156" lon="18.396469987928867">
        <ele>789.5546875</ele>
      </trkpt>
      <trkpt lat="-33.970689978450537" lon="18.396409973502159">
        <ele>782.86328125</ele>
      </trkpt>
      <trkpt lat="-33.970879996195436" lon="18.396620023995638">
        <ele>784.75</ele>
      </trkpt>
      <trkpt lat="-33.971333624795079" lon="18.396990420296788">
        <ele>778.296875</ele>
      </trkpt>
      <trkpt lat="-33.971419958397746" lon="18.397350003942847">
        <ele>780.53125</ele>
      </trkpt>
      <trkpt lat="-33.971639983355999" lon="18.397689973935485">
        <ele>774.52734375</ele>
      </trkpt>
      <trkpt lat="-33.971973499283195" lon="18.398114517331123">
        <ele>769.92578125</ele>
      </trkpt>
      <trkpt lat="-33.972269967198372" lon="18.398309983313084">
        <ele>766.8984375</ele>
      </trkpt>
      <trkpt lat="-33.972670035436749" lon="18.398820022121072">
        <ele>766.85546875</ele>
      </trkpt>
      <trkpt lat="-33.972833147272468" lon="18.398868134245276">
        <ele>764.21875</ele>
      </trkpt>
      <trkpt lat="-33.972979998216033" lon="18.399099977687001">
        <ele>763.703125</ele>
      </trkpt>
      <trkpt lat="-33.972979998216033" lon="18.399129984900355">
        <ele>764.109375</ele>
      </trkpt>
      <trkpt lat="-33.973485426977277" lon="18.39981822296977">
        <ele>765.1640625</ele>
      </trkpt>
      <trkpt lat="-33.973990017548203" lon="18.400040008127689">
        <ele>759.79296875</ele>
      </trkpt>
      <trkpt lat="-33.974510030820966" lon="18.400290040299296">
        <ele>757.546875</ele>
      </trkpt>
      <trkpt lat="-33.974559986963868" lon="18.400349970906973">
        <ele>757.64453125</ele>
      </trkpt>
      <trkpt lat="-33.974598459899426" lon="18.399973707273602">
        <ele>755.13671875</ele>
      </trkpt>
      <trkpt lat="-33.974459990859032" lon="18.398730000481009">
        <ele>754.84375</ele>
      </trkpt>
      <trkpt lat="-33.974421853199601" lon="18.39773615822196">
        <ele>753.4453125</ele>
      </trkpt>
      <trkpt lat="-33.974080374464393" lon="18.396364962682128">
        <ele>752.0546875</ele>
      </trkpt>
      <trkpt lat="-33.974169977009296" lon="18.395474972203374">
        <ele>750.93359375</ele>
      </trkpt>
      <trkpt lat="-33.97426787763834" lon="18.394605685025454">
        <ele>751.0625</ele>
      </trkpt>
      <trkpt lat="-33.974004937335849" lon="18.393739247694612">
        <ele>752.01953125</ele>
      </trkpt>
      <trkpt lat="-33.973681898787618" lon="18.393347896635532">
        <ele>751.39453125</ele>
      </trkpt>
      <trkpt lat="-33.973950035870075" lon="18.393110018223524">
        <ele>755.05859375</ele>
      </trkpt>
      <trkpt lat="-33.974369969218969" lon="18.392610037699342">
        <ele>754.5234375</ele>
      </trkpt>
      <trkpt lat="-33.974529979750514" lon="18.392369979992509">
        <ele>748.69140625</ele>
      </trkpt>
      <trkpt lat="-33.974799960851669" lon="18.392160013318062">
        <ele>740.54296875</ele>
      </trkpt>
      <trkpt lat="-33.975089974701405" lon="18.391869999468327">
        <ele>732.9140625</ele>
      </trkpt>
      <trkpt lat="-33.975600013509393" lon="18.391519971191883">
        <ele>731.31640625</ele>
      </trkpt>
      <trkpt lat="-33.97639000788331" lon="18.391019990667701">
        <ele>734.5078125</ele>
      </trkpt>
      <trkpt lat="-33.976989984512329" lon="18.390399981290102">
        <ele>740.2890625</ele>
      </trkpt>
      <trkpt lat="-33.977509997785091" lon="18.38987996801734">
        <ele>739.7421875</ele>
      </trkpt>
      <trkpt lat="-33.977800011634827" lon="18.38957997970283">
        <ele>734.7109375</ele>
      </trkpt>
      <trkpt lat="-33.977930014953017" lon="18.389319973066449">
        <ele>731.65625</ele>
      </trkpt>
      <trkpt lat="-33.977939989417791" lon="18.389309998601675">
        <ele>731.51171875</ele>
      </trkpt>
      <trkpt lat="-33.978179963305593" lon="18.389089973643422">
        <ele>728.12890625</ele>
      </trkpt>
      <trkpt lat="-33.97853996604681" lon="18.388580018654466">
        <ele>721.390625</ele>
      </trkpt>
      <trkpt lat="-33.978740209713578" lon="18.388521261513233">
        <ele>720</ele>
      </trkpt>
      <trkpt lat="-33.979050004854798" lon="18.38826997205615">
        <ele>716.77734375</ele>
      </trkpt>
      <trkpt lat="-33.979083700105548" lon="18.388146925717592">
        <ele>715.57421875</ele>
      </trkpt>
      <trkpt lat="-33.979159975424409" lon="18.388120019808412">
        <ele>714.09375</ele>
      </trkpt>
      <trkpt lat="-33.979589967057109" lon="18.387600006535649">
        <ele>693.6328125</ele>
      </trkpt>
      <trkpt lat="-33.979919962584972" lon="18.387019978836179">
        <ele>675.703125</ele>
      </trkpt>
      <trkpt lat="-33.979980396106839" lon="18.386989803984761">
        <ele>675.73828125</ele>
      </trkpt>
      <trkpt lat="-33.980349283665419" lon="18.38721452280879">
        <ele>676.47265625</ele>
      </trkpt>
      <trkpt lat="-33.980569643899798" lon="18.387227179482579"/>
      <trkpt lat="-33.980113919824362" lon="18.386846808716655">
        <ele>678.8515625</ele>
      </trkpt>
      <trkpt lat="-33.980120038613677" lon="18.386810012161732">
        <ele>679.83984375</ele>
      </trkpt>
      <trkpt lat="-33.980169994756579" lon="18.386519998311996">
        <ele>689.453125</ele>
      </trkpt>
      <trkpt lat="-33.980239983648062" lon="18.386469958350062">
        <ele>694.05078125</ele>
      </trkpt>
      <trkpt lat="-33.98027996532619" lon="18.386380020529032">
        <ele>698.28515625</ele>
      </trkpt>
      <trkpt lat="-33.980639968067408" lon="18.385929996147752">
        <ele>715.4296875</ele>
      </trkpt>
      <trkpt lat="-33.980769971385598" lon="18.385709971189499">
        <ele>720.234375</ele>
      </trkpt>
      <trkpt lat="-33.980820598080754" lon="18.385547110810876">
        <ele>723.05859375</ele>
      </trkpt>
      <trkpt lat="-33.981129974126816" lon="18.385170008987188">
        <ele>732.4765625</ele>
      </trkpt>
      <trkpt lat="-33.981340611353517" lon="18.385066827759147">
        <ele>733.30078125</ele>
      </trkpt>
      <trkpt lat="-33.98174000903964" lon="18.384419996291399">
        <ele>722.23046875</ele>
      </trkpt>
      <trkpt lat="-33.982070004567504" lon="18.384110033512115">
        <ele>715.05078125</ele>
      </trkpt>
      <trkpt lat="-33.982320036739111" lon="18.384050019085407">
        <ele>711.4375</ele>
      </trkpt>
      <trkpt lat="-33.982769977301359" lon="18.383709965273738">
        <ele>704.98046875</ele>
      </trkpt>
      <trkpt lat="-33.983080023899674" lon="18.383579961955547">
        <ele>700.90234375</ele>
      </trkpt>
      <trkpt lat="-33.983109444379807" lon="18.383525563403964">
        <ele>700.5390625</ele>
      </trkpt>
      <trkpt lat="-33.983381018042564" lon="18.383309645578265">
        <ele>699.61328125</ele>
      </trkpt>
      <trkpt lat="-33.983459388837218" lon="18.383316267281771">
        <ele>699.734375</ele>
      </trkpt>
      <trkpt lat="-33.983490318059921" lon="18.383195986971259">
        <ele>700.01953125</ele>
      </trkpt>
      <trkpt lat="-33.983792653307319" lon="18.382879653945565">
        <ele>700.3046875</ele>
      </trkpt>
      <trkpt lat="-33.98402139544487" lon="18.382791476324201">
        <ele>700.03125</ele>
      </trkpt>
      <trkpt lat="-33.984113093465567" lon="18.38268737308681">
        <ele>700.6953125</ele>
      </trkpt>
      <trkpt lat="-33.984219208359718" lon="18.382653258740902">
        <ele>701.48828125</ele>
      </trkpt>
      <trkpt lat="-33.98428768850863" lon="18.382537588477135">
        <ele>702.46484375</ele>
      </trkpt>
      <trkpt lat="-33.984357761219144" lon="18.382525769993663">
        <ele>702.81640625</ele>
      </trkpt>
      <trkpt lat="-33.984410148113966" lon="18.382369950413704">
        <ele>703.56640625</ele>
      </trkpt>
      <trkpt lat="-33.984561609104276" lon="18.382305409759283">
        <ele>704.34375</ele>
      </trkpt>
      <trkpt lat="-33.984599998220801" lon="18.382080020383">
        <ele>705.30078125</ele>
      </trkpt>
      <trkpt lat="-33.984850030392408" lon="18.38160996325314">
        <ele>711.4296875</ele>
      </trkpt>
      <trkpt lat="-33.985120011493564" lon="18.381269993260503">
        <ele>720.52734375</ele>
      </trkpt>
      <trkpt lat="-33.985340036451817" lon="18.380670016631484">
        <ele>727.5625</ele>
      </trkpt>
      <trkpt lat="-33.985558887943625" lon="18.380274726077914">
        <ele>727.0546875</ele>
      </trkpt>
      <trkpt lat="-33.98567883297801" lon="18.379984125494957">
        <ele>724.546875</ele>
      </trkpt>
      <trkpt lat="-33.985879998654127" lon="18.37973996065557">
        <ele>719.19921875</ele>
      </trkpt>
      <trkpt lat="-33.986370004713535" lon="18.379610041156411">
        <ele>715.0703125</ele>
      </trkpt>
      <trkpt lat="-33.986569996923208" lon="18.379509961232543">
        <ele>712.69140625</ele>
      </trkpt>
      <trkpt lat="-33.986769989132881" lon="18.379429997876287">
        <ele>709.96875</ele>
      </trkpt>
      <trkpt lat="-33.986820029094815" lon="18.379439972341061">
        <ele>709.625</ele>
      </trkpt>
      <trkpt lat="-33.987239962443709" lon="18.379279961809516">
        <ele>705.1640625</ele>
      </trkpt>
      <trkpt lat="-33.987599965184927" lon="18.379049962386489">
        <ele>702.77734375</ele>
      </trkpt>
      <trkpt lat="-33.987959967926145" lon="18.378919959068298">
        <ele>697.875</ele>
      </trkpt>
      <trkpt lat="-33.988179992884398" lon="18.378830021247268">
        <ele>693.40625</ele>
      </trkpt>
      <trkpt lat="-33.988470006734133" lon="18.378719966858625">
        <ele>689.7265625</ele>
      </trkpt>
      <trkpt lat="-33.988709980621934" lon="18.378560040146112">
        <ele>687.1640625</ele>
      </trkpt>
      <trkpt lat="-33.988709980621934" lon="18.378560040146112">
        <ele>687.1640625</ele>
      </trkpt>
      <trkpt lat="-33.989120023325086" lon="18.378540007397532">
        <ele>682.0703125</ele>
      </trkpt>
      <trkpt lat="-33.989350022748113" lon="18.378589963540435">
        <ele>678.14453125</ele>
      </trkpt>
      <trkpt lat="-33.989620003849268" lon="18.378619970753789">
        <ele>674.375</ele>
      </trkpt>
      <trkpt lat="-33.989949999377131" lon="18.378630029037595">
        <ele>670.4921875</ele>
      </trkpt>
      <trkpt lat="-33.990340009331703" lon="18.378700017929077">
        <ele>667.09375</ele>
      </trkpt>
      <trkpt lat="-33.991229999810457" lon="18.378849970176816">
        <ele>674.078125</ele>
      </trkpt>
      <trkpt lat="-33.991539962589741" lon="18.378960024565458">
        <ele>682.90234375</ele>
      </trkpt>
      <trkpt lat="-33.991680024191737" lon="18.379060020670295">
        <ele>686.79296875</ele>
      </trkpt>
      <trkpt lat="-33.991829976439476" lon="18.379069995135069">
        <ele>692.61328125</ele>
      </trkpt>
      <trkpt lat="-33.992029968649149" lon="18.379160016775131">
        <ele>697.359375</ele>
      </trkpt>
      <trkpt lat="-33.992319982498884" lon="18.379049962386489">
        <ele>705.62890625</ele>
      </trkpt>
      <trkpt lat="-33.992479993030429" lon="18.378969999030232">
        <ele>710.515625</ele>
      </trkpt>
      <trkpt lat="-33.992570014670491" lon="18.378849970176816">
        <ele>715.17578125</ele>
      </trkpt>
      <trkpt lat="-33.992589963600039" lon="18.378739999607205">
        <ele>718.3828125</ele>
      </trkpt>
      <trkpt lat="-33.992749974131584" lon="18.378630029037595">
        <ele>722.71875</ele>
      </trkpt>
      <trkpt lat="-33.993090027943254" lon="18.378400029614568">
        <ele>732.26171875</ele>
      </trkpt>
      <trkpt lat="-33.993309969082475" lon="18.378170030191541">
        <ele>740.03125</ele>
      </trkpt>
      <trkpt lat="-33.993529994040728" lon="18.377950005233288">
        <ele>743.91796875</ele>
      </trkpt>
      <trkpt lat="-33.993669971823692" lon="18.377699973061681">
        <ele>749.55078125</ele>
      </trkpt>
      <trkpt lat="-33.99407004006207" lon="18.37713997811079">
        <ele>746.44921875</ele>
      </trkpt>
      <trkpt lat="-33.99405000731349" lon="18.377020033076406">
        <ele>747.66796875</ele>
      </trkpt>
      <trkpt lat="-33.994140028953552" lon="18.376779975369573">
        <ele>737.71875</ele>
      </trkpt>
      <trkpt lat="-33.994199959561229" lon="18.376430030912161">
        <ele>726.4609375</ele>
      </trkpt>
      <trkpt lat="-33.994319988414645" lon="18.376389965415001">
        <ele>713.79296875</ele>
      </trkpt>
      <trkpt lat="-33.994410010054708" lon="18.376289969310164">
        <ele>705.61328125</ele>
      </trkpt>
      <trkpt lat="-33.994470024481416" lon="18.37612995877862">
        <ele>699.734375</ele>
      </trkpt>
      <trkpt lat="-33.994470024481416" lon="18.376070028170943">
        <ele>699.2265625</ele>
      </trkpt>
      <trkpt lat="-33.9945899695158" lon="18.375840028747916">
        <ele>688.76953125</ele>
      </trkpt>
      <trkpt lat="-33.994700023904443" lon="18.375640036538243">
        <ele>682.09375</ele>
      </trkpt>
      <trkpt lat="-33.994719972833991" lon="18.375260001048446">
        <ele>679.63671875</ele>
      </trkpt>
      <trkpt lat="-33.994879983365536" lon="18.374960012733936">
        <ele>674.5546875</ele>
      </trkpt>
      <trkpt lat="-33.995550032705069" lon="18.374470006674528">
        <ele>669.78125</ele>
      </trkpt>
      <trkpt lat="-33.995950017124414" lon="18.374079996719956">
        <ele>664.078125</ele>
      </trkpt>
      <trkpt lat="-33.99621999822557" lon="18.373810015618801">
        <ele>660.1953125</ele>
      </trkpt>
      <trkpt lat="-33.99624003097415" lon="18.373710019513965">
        <ele>659.90234375</ele>
      </trkpt>
      <trkpt lat="-33.996615624055266" lon="18.373381281271577">
        <ele>656.2265625</ele>
      </trkpt>
      <trkpt lat="-33.99667002260685" lon="18.373229987919331">
        <ele>655.8359375</ele>
      </trkpt>
      <trkpt lat="-33.996882922947407" lon="18.372915079817176">
        <ele>654.85546875</ele>
      </trkpt>
      <trkpt lat="-33.997499998658895" lon="18.371849991381168">
        <ele>661.94140625</ele>
      </trkpt>
      <trkpt lat="-33.997699990868568" lon="18.371389992535114">
        <ele>665.83984375</ele>
      </trkpt>
      <trkpt lat="-33.997752964496613" lon="18.371326038613915">
        <ele>665.37109375</ele>
      </trkpt>
      <trkpt lat="-33.997857738286257" lon="18.371148006990552">
        <ele>664.1171875</ele>
      </trkpt>
      <trkpt lat="-33.997898390516639" lon="18.370672417804599">
        <ele>666.5703125</ele>
      </trkpt>
      <trkpt lat="-33.998027220368385" lon="18.370479382574558">
        <ele>668.421875</ele>
      </trkpt>
      <trkpt lat="-33.997969971969724" lon="18.370179980993271">
        <ele>671.39453125</ele>
      </trkpt>
      <trkpt lat="-33.997850026935339" lon="18.369819978252053">
        <ele>673.6484375</ele>
      </trkpt>
      <trkpt lat="-33.997790012508631" lon="18.36918999440968">
        <ele>680.48828125</ele>
      </trkpt>
      <trkpt lat="-33.998080026358366" lon="18.368899980559945">
        <ele>688.97265625</ele>
      </trkpt>
      <trkpt lat="-33.998350007459521" lon="18.368950020521879">
        <ele>695.859375</ele>
      </trkpt>
      <trkpt lat="-33.99894998408854" lon="18.368560010567307">
        <ele>707.58203125</ele>
      </trkpt>
      <trkpt lat="-33.999109994620085" lon="18.368460014462471">
        <ele>706.578125</ele>
      </trkpt>
      <trkpt lat="-33.999349968507886" lon="18.367970008403063">
        <ele>700.9296875</ele>
      </trkpt>
      <trkpt lat="-33.999439990147948" lon="18.367689969018102">
        <ele>696.14453125</ele>
      </trkpt>
      <trkpt lat="-33.999439990147948" lon="18.367389980703592">
        <ele>695.61328125</ele>
      </trkpt>
      <trkpt lat="-33.999290037900209" lon="18.366750022396445">
        <ele>699.48046875</ele>
      </trkpt>
      <trkpt lat="-33.999290037900209" lon="18.365960028022528">
        <ele>699.47265625</ele>
      </trkpt>
      <trkpt lat="-33.999079987406731" lon="18.364729983732104">
        <ele>698.68359375</ele>
      </trkpt>
      <trkpt lat="-33.999113850295544" lon="18.364276606589556">
        <ele>696.875</ele>
      </trkpt>
      <trkpt lat="-33.99897001683712" lon="18.363200034946203">
        <ele>697.06640625</ele>
      </trkpt>
      <trkpt lat="-33.999291798099875" lon="18.362522274255753">
        <ele>697.3203125</ele>
      </trkpt>
      <trkpt lat="-33.999600000679493" lon="18.362190015614033">
        <ele>701.67578125</ele>
      </trkpt>
      <trkpt lat="-33.999549960717559" lon="18.362150033935905">
        <ele>701.90625</ele>
      </trkpt>
      <trkpt lat="-33.999490030109882" lon="18.36153999902308">
        <ele>706.31640625</ele>
      </trkpt>
      <trkpt lat="-33.999600000679493" lon="18.361059967428446">
        <ele>708.8046875</ele>
      </trkpt>
      <trkpt lat="-33.999600000679493" lon="18.360740030184388">
        <ele>708.95703125</ele>
      </trkpt>
      <trkpt lat="-33.99957250803709" lon="18.359921453520656">
        <ele>708.1484375</ele>
      </trkpt>
      <trkpt lat="-33.999722292646766" lon="18.359525911509991">
        <ele>708.03125</ele>
      </trkpt>
      <trkpt lat="-33.999827653169632" lon="18.359350143000484">
        <ele>706.8828125</ele>
      </trkpt>
      <trkpt lat="-33.999864533543587" lon="18.359282333403826">
        <ele>706.8984375</ele>
      </trkpt>
      <trkpt lat="-33.999846177175641" lon="18.359182672575116">
        <ele>706.3671875</ele>
      </trkpt>
      <trkpt lat="-33.999799992889166" lon="18.359130034223199">
        <ele>705.75</ele>
      </trkpt>
      <trkpt lat="-33.999897977337241" lon="18.358922079205513">
        <ele>704.50390625</ele>
      </trkpt>
      <trkpt lat="-33.999890014529228" lon="18.358849994838238">
        <ele>703.7265625</ele>
      </trkpt>
      <trkpt lat="-33.999757915735245" lon="18.358792075887322">
        <ele>701.60546875</ele>
      </trkpt>
      <trkpt lat="-33.999620033428073" lon="18.358599962666631">
        <ele>696.4453125</ele>
      </trkpt>
      <trkpt lat="-33.999591954052448" lon="18.358549671247602">
        <ele>695.35546875</ele>
      </trkpt>
      <trkpt lat="-33.999469997361302" lon="18.358480017632246">
        <ele>693.25</ele>
      </trkpt>
      <trkpt lat="-33.999458346515894" lon="18.358425451442599">
        <ele>692.15234375</ele>
      </trkpt>
      <trkpt lat="-33.999325409531593" lon="18.358353702351451">
        <ele>690.46484375</ele>
      </trkpt>
      <trkpt lat="-33.999309986829758" lon="18.358180029317737">
        <ele>687.5</ele>
      </trkpt>
      <trkpt lat="-33.999329349026084" lon="18.358090678229928">
        <ele>685.67578125</ele>
      </trkpt>
      <trkpt lat="-33.999409060925245" lon="18.358094282448292">
        <ele>685.23828125</ele>
      </trkpt>
      <trkpt lat="-33.9994200412184" lon="18.357980037108064">
        <ele>682.5078125</ele>
      </trkpt>
      <trkpt lat="-33.999579967930913" lon="18.357880041003227">
        <ele>677.82421875</ele>
      </trkpt>
      <trkpt lat="-33.999579967930913" lon="18.357750037685037">
        <ele>674.078125</ele>
      </trkpt>
      <trkpt lat="-33.999690022319555" lon="18.357679964974523">
        <ele>670.73046875</ele>
      </trkpt>
      <trkpt lat="-33.999760011211038" lon="18.357279980555177">
        <ele>662.515625</ele>
      </trkpt>
      <trkpt lat="-33.999869981780648" lon="18.357079988345504">
        <ele>657.4375</ele>
      </trkpt>
      <trkpt lat="-33.999909963458776" lon="18.356780000030994">
        <ele>649.046875</ele>
      </trkpt>
      <trkpt lat="-34.000050025060773" lon="18.356629963964224">
        <ele>640.9453125</ele>
      </trkpt>
      <trkpt lat="-34.000320006161928" lon="18.356670029461384">
        <ele>637.66796875</ele>
      </trkpt>
      <trkpt lat="-34.000610020011663" lon="18.356780000030994">
        <ele>633.3125</ele>
      </trkpt>
      <trkpt lat="-34.000810012221336" lon="18.357000024989247">
        <ele>632.94140625</ele>
      </trkpt>
      <trkpt lat="-34.0011400077492" lon="18.357339994981885">
        <ele>632.12109375</ele>
      </trkpt>
      <trkpt lat="-34.001349974423647" lon="18.357469998300076">
        <ele>627.28515625</ele>
      </trkpt>
      <trkpt lat="-34.001479977741838" lon="18.357409983873367">
        <ele>620.64453125</ele>
      </trkpt>
      <trkpt lat="-34.001439996063709" lon="18.357219966128469">
        <ele>617.61328125</ele>
      </trkpt>
      <trkpt lat="-34.001390039920807" lon="18.356970017775893">
        <ele>612.0234375</ele>
      </trkpt>
      <trkpt lat="-34.001170014962554" lon="18.35672996006906">
        <ele>609.00390625</ele>
      </trkpt>
      <trkpt lat="-34.00115417316556" lon="18.35670062340796">
        <ele>608.51953125</ele>
      </trkpt>
      <trkpt lat="-34.001068845391273" lon="18.356671370565891">
        <ele>610.5390625</ele>
      </trkpt>
      <trkpt lat="-34.000989971682429" lon="18.356480011716485">
        <ele>606.71875</ele>
      </trkpt>
      <trkpt lat="-34.000789979472756" lon="18.356280019506812">
        <ele>608.35546875</ele>
      </trkpt>
      <trkpt lat="-34.000714039430022" lon="18.356117075309157">
        <ele>606.23828125</ele>
      </trkpt>
      <trkpt lat="-34.0004544518888" lon="18.355931499972939">
        <ele>601.83984375</ele>
      </trkpt>
      <trkpt lat="-34.000429976731539" lon="18.355929991230369">
        <ele>601.50390625</ele>
      </trkpt>
      <trkpt lat="-34.000321766361594" lon="18.355903252959251">
        <ele>600.05859375</ele>
      </trkpt>
      <trkpt lat="-34.000269966199994" lon="18.355829995125532">
        <ele>597.90234375</ele>
      </trkpt>
      <trkpt lat="-34.00028639473021" lon="18.355793282389641">
        <ele>597.2109375</ele>
      </trkpt>
      <trkpt lat="-34.000250017270446" lon="18.355769980698824">
        <ele>596.15625</ele>
      </trkpt>
      <trkpt lat="-34.000229649245739" lon="18.355705523863435">
        <ele>593.64453125</ele>
      </trkpt>
      <trkpt lat="-34.000289998948574" lon="18.355660010129213">
        <ele>593.2734375</ele>
      </trkpt>
      <trkpt lat="-34.000289998948574" lon="18.355569988489151">
        <ele>590.390625</ele>
      </trkpt>
      <trkpt lat="-34.000231074169278" lon="18.355567725375295">
        <ele>588.73046875</ele>
      </trkpt>
      <trkpt lat="-34.000229984521866" lon="18.355469992384315">
        <ele>585.0078125</ele>
      </trkpt>
      <trkpt lat="-34.000139962881804" lon="18.355320040136576">
        <ele>573.58984375</ele>
      </trkpt>
      <trkpt lat="-34.000139962881804" lon="18.355249967426062">
        <ele>569.65625</ele>
      </trkpt>
      <trkpt lat="-33.999939970672131" lon="18.355139996856451">
        <ele>561.3671875</ele>
      </trkpt>
      <trkpt lat="-33.99989060126245" lon="18.354989793151617">
        <ele>550.97265625</ele>
      </trkpt>
      <trkpt lat="-33.999909963458776" lon="18.354840008541942">
        <ele>541.1171875</ele>
      </trkpt>
      <trkpt lat="-33.999870819970965" lon="18.354809666052461">
        <ele>540.2578125</ele>
      </trkpt>
      <trkpt lat="-33.999909963458776" lon="18.354770019650459">
        <ele>536.82421875</ele>
      </trkpt>
      <trkpt lat="-33.999950028955936" lon="18.354749986901879">
        <ele>534.19921875</ele>
      </trkpt>
      <trkpt lat="-34.000051030889153" lon="18.354799104854465">
        <ele>534.76953125</ele>
      </trkpt>
      <trkpt lat="-34.000159995630383" lon="18.354719979688525">
        <ele>525.51953125</ele>
      </trkpt>
      <trkpt lat="-34.000540031120181" lon="18.354710005223751">
        <ele>522.44921875</ele>
      </trkpt>
      <trkpt lat="-34.000610020011663" lon="18.354589976370335">
        <ele>504.1953125</ele>
      </trkpt>
      <trkpt lat="-34.000810012221336" lon="18.354489980265498">
        <ele>482.890625</ele>
      </trkpt>
      <trkpt lat="-34.000900033861399" lon="18.354489980265498">
        <ele>478.453125</ele>
      </trkpt>
      <trkpt lat="-34.001049986109138" lon="18.354589976370335">
        <ele>482.140625</ele>
      </trkpt>
      <trkpt lat="-34.001030037179589" lon="18.354480005800724">
        <ele>470.78125</ele>
      </trkpt>
      <trkpt lat="-34.001170014962554" lon="18.354540020227432">
        <ele>470.03125</ele>
      </trkpt>
      <trkpt lat="-34.0011400077492" lon="18.354459973052144">
        <ele>463.125</ele>
      </trkpt>
      <trkpt lat="-34.001170014962554" lon="18.35442996583879">
        <ele>458.51953125</ele>
      </trkpt>
      <trkpt lat="-34.001370007172227" lon="18.354529961943626">
        <ele>471.53125</ele>
      </trkpt>
      <trkpt lat="-34.0015440993011" lon="18.354471540078521">
        <ele>476.1328125</ele>
      </trkpt>
      <trkpt lat="-34.001600006595254" lon="18.35442996583879">
        <ele>479.09375</ele>
      </trkpt>
      <trkpt lat="-34.001769991591573" lon="18.354340028017759">
        <ele>487.62109375</ele>
      </trkpt>
      <trkpt lat="-34.001944586634636" lon="18.354196194559336">
        <ele>472.42578125</ele>
      </trkpt>
      <trkpt lat="-34.002039972692728" lon="18.354029981419444">
        <ele>446.12109375</ele>
      </trkpt>
      <trkpt lat="-34.00211825966835" lon="18.353963848203421">
        <ele>440.99609375</ele>
      </trkpt>
      <trkpt lat="-34.002350019291043" lon="18.353929985314608">
        <ele>455</ele>
      </trkpt>
      <trkpt lat="-34.002670040354133" lon="18.354050014168024">
        <ele>499.796875</ele>
      </trkpt>
      <trkpt lat="-34.003089973703027" lon="18.353989999741316">
        <ele>500.828125</ele>
      </trkpt>
      <trkpt lat="-34.00341996923089" lon="18.353899978101254">
        <ele>490.8203125</ele>
      </trkpt>
      <trkpt lat="-34.003670001402497" lon="18.353760000318289">
        <ele>473.203125</ele>
      </trkpt>
      <trkpt lat="-34.003900000825524" lon="18.353560008108616">
        <ele>432.50390625</ele>
      </trkpt>
      <trkpt lat="-34.004260003566742" lon="18.353490019217134">
        <ele>422.52734375</ele>
      </trkpt>
      <trkpt lat="-34.004473825916648" lon="18.35348398424685">
        <ele>417.98828125</ele>
      </trkpt>
      <trkpt lat="-34.004950001835823" lon="18.353669978678226">
        <ele>416.08984375</ele>
      </trkpt>
      <trkpt lat="-34.005110012367368" lon="18.353750025853515">
        <ele>410.50390625</ele>
      </trkpt>
      <trkpt lat="-34.005208583548665" lon="18.353815823793411">
        <ele>407.109375</ele>
      </trkpt>
      <trkpt lat="-34.005239009857178" lon="18.353946497663856">
        <ele>409.72265625</ele>
      </trkpt>
      <trkpt lat="-34.00528259575367" lon="18.353973487392068">
        <ele>406.55078125</ele>
      </trkpt>
      <trkpt lat="-34.005289971828461" lon="18.353790007531643">
        <ele>399.16796875</ele>
      </trkpt>
      <trkpt lat="-34.005349986255169" lon="18.353550033643842">
        <ele>385.21484375</ele>
      </trkpt>
      <trkpt lat="-34.005415197461843" lon="18.353558164089918">
        <ele>382.39453125</ele>
      </trkpt>
      <trkpt lat="-34.00545459240675" lon="18.353626392781734">
        <ele>382.23046875</ele>
      </trkpt>
      <trkpt lat="-34.005489964038134" lon="18.353609964251518">
        <ele>379.80078125</ele>
      </trkpt>
      <trkpt lat="-34.005508739501238" lon="18.353706607595086">
        <ele>381.00390625</ele>
      </trkpt>
      <trkpt lat="-34.005555845797062" lon="18.353683389723301">
        <ele>377.55859375</ele>
      </trkpt>
      <trkpt lat="-34.005530532449484" lon="18.353529330343008">
        <ele>375.71484375</ele>
      </trkpt>
      <trkpt lat="-34.005556935444474" lon="18.353459676727653">
        <ele>372.6484375</ele>
      </trkpt>
      <trkpt lat="-34.005591468885541" lon="18.353473674505949">
        <ele>371.5546875</ele>
      </trkpt>
      <trkpt lat="-34.005601443350315" lon="18.35342925041914">
        <ele>370.265625</ele>
      </trkpt>
      <trkpt lat="-34.005580823868513" lon="18.353375773876905">
        <ele>369.81640625</ele>
      </trkpt>
      <trkpt lat="-34.005600018426776" lon="18.353230012580752">
        <ele>366.16796875</ele>
      </trkpt>
      <trkpt lat="-34.005690040066838" lon="18.35313999094069">
        <ele>363.109375</ele>
      </trkpt>
      <trkpt lat="-34.005849966779351" lon="18.352819969877601">
        <ele>353.28125</ele>
      </trkpt>
      <trkpt lat="-34.006049958989024" lon="18.353009987622499">
        <ele>348.9453125</ele>
      </trkpt>
      <trkpt lat="-34.006139980629086" lon="18.353179972618818">
        <ele>342.69140625</ele>
      </trkpt>
      <trkpt lat="-34.006399987265468" lon="18.353309975937009">
        <ele>325.4453125</ele>
      </trkpt>
      <trkpt lat="-34.006610037758946" lon="18.353490019217134">
        <ele>312.72265625</ele>
      </trkpt>
      <trkpt lat="-34.006759990006685" lon="18.353490019217134">
        <ele>303.984375</ele>
      </trkpt>
      <trkpt lat="-34.00689996778965" lon="18.353669978678226">
        <ele>297.88671875</ele>
      </trkpt>
      <trkpt lat="-34.007029971107841" lon="18.353709960356355">
        <ele>291.6171875</ele>
      </trkpt>
      <trkpt lat="-34.007067689672112" lon="18.35383677855134">
        <ele>290.4921875</ele>
      </trkpt>
      <trkpt lat="-34.007280003279448" lon="18.353939959779382">
        <ele>280.94140625</ele>
      </trkpt>
      <trkpt lat="-34.007430039346218" lon="18.354129977524281">
        <ele>272.921875</ele>
      </trkpt>
      <trkpt lat="-34.007640006020665" lon="18.354199966415763">
        <ele>262.4453125</ele>
      </trkpt>
      <trkpt lat="-34.007700020447373" lon="18.354340028017759">
        <ele>259.34375</ele>
      </trkpt>
      <trkpt lat="-34.007860030978918" lon="18.35442996583879">
        <ele>252.10546875</ele>
      </trkpt>
      <trkpt lat="-34.007929936051369" lon="18.354431139305234">
        <ele>249.53515625</ele>
      </trkpt>
      <trkpt lat="-34.008109979331493" lon="18.354500038549304">
        <ele>243.78515625</ele>
      </trkpt>
      <trkpt lat="-34.008309971541166" lon="18.354489980265498">
        <ele>239.44140625</ele>
      </trkpt>
      <trkpt lat="-34.00836587883532" lon="18.354569021612406">
        <ele>238.4375</ele>
      </trkpt>
      <trkpt lat="-34.008820010349154" lon="18.354570027440786">
        <ele>230.50390625</ele>
      </trkpt>
      <trkpt lat="-34.008959988132119" lon="18.353890003636479">
        <ele>228.43359375</ele>
      </trkpt>
      <trkpt lat="-34.00908999145031" lon="18.351520020514727">
        <ele>216.30078125</ele>
      </trkpt>
      <trkpt lat="-34.009159980341792" lon="18.350919960066676">
        <ele>207.49609375</ele>
      </trkpt>
      <trkpt lat="-34.009180013090372" lon="18.350189980119467">
        <ele>194.94140625</ele>
      </trkpt>
      <trkpt lat="-34.009299958124757" lon="18.350192494690418">
        <ele>194.21484375</ele>
      </trkpt>
      <trkpt lat="-34.009610004723072" lon="18.350510001182556">
        <ele>196.35546875</ele>
      </trkpt>
      <trkpt lat="-34.00999004021287" lon="18.350719967857003">
        <ele>192.29296875</ele>
      </trkpt>
      <trkpt lat="-34.010320035740733" lon="18.35099003277719">
        <ele>191.13671875</ele>
      </trkpt>
      <trkpt lat="-34.010805012658238" lon="18.35105499252677">
        <ele>181.85546875</ele>
      </trkpt>
      <trkpt lat="-34.011289989575744" lon="18.351120036095381">
        <ele>171.05078125</ele>
      </trkpt>
      <trkpt lat="-34.011419992893934" lon="18.350359965115786">
        <ele>162.78125</ele>
      </trkpt>
      <trkpt lat="-34.011581595987082" lon="18.350033573806286">
        <ele>160.890625</ele>
      </trkpt>
      <trkpt lat="-34.011597856879234" lon="18.349844142794609">
        <ele>163.48828125</ele>
      </trkpt>
      <trkpt lat="-34.011289989575744" lon="18.34965999238193">
        <ele>162.953125</ele>
      </trkpt>
      <trkpt lat="-34.01058666408062" lon="18.349263360723853">
        <ele>156.49609375</ele>
      </trkpt>
      <trkpt lat="-34.009883338585496" lon="18.348866645246744">
        <ele>148.01171875</ele>
      </trkpt>
      <trkpt lat="-34.009180013090372" lon="18.348470013588667">
        <ele>139.7109375</ele>
      </trkpt>
      <trkpt lat="-34.00867810472846" lon="18.348370352759957">
        <ele>137.625</ele>
      </trkpt>
      <trkpt lat="-34.008571403101087" lon="18.348236912861466">
        <ele>131.45703125</ele>
      </trkpt>
      <trkpt lat="-34.008550029247999" lon="18.348189974203706">
        <ele>129.76171875</ele>
      </trkpt>
      <trkpt lat="-34.008350037038326" lon="18.348070029169321">
        <ele>125.0390625</ele>
      </trkpt>
      <trkpt lat="-34.008279964327812" lon="18.347929967567325">
        <ele>120.87109375</ele>
      </trkpt>
      <trkpt lat="-34.008422456681728" lon="18.347737435251474">
        <ele>115.7890625</ele>
      </trkpt>
      <trkpt lat="-34.008590010926127" lon="18.347669960930943">
        <ele>113.8515625</ele>
      </trkpt>
      <trkpt lat="-34.009440019726753" lon="18.347550015896559">
        <ele>109.390625</ele>
      </trkpt>
      <trkpt lat="-34.009706983342767" lon="18.347497461363673">
        <ele>108.60546875</ele>
      </trkpt>
      <trkpt lat="-34.009900018572807" lon="18.347220020368695">
        <ele>105.08984375</ele>
      </trkpt>
      <trkpt lat="-34.010290028527379" lon="18.346560029312968">
        <ele>103.12109375</ele>
      </trkpt>
      <trkpt lat="-34.010450039058924" lon="18.346179993823171">
        <ele>97.1875</ele>
      </trkpt>
      <trkpt lat="-34.010523548349738" lon="18.34605342708528">
        <ele>96.1171875</ele>
      </trkpt>
      <trkpt lat="-34.010622454807162" lon="18.345765089616179">
        <ele>93.87109375</ele>
      </trkpt>
      <trkpt lat="-34.010480465367436" lon="18.345661824569106">
        <ele>88.80078125</ele>
      </trkpt>
      <trkpt lat="-34.010555818676949" lon="18.345606839284301">
        <ele>89.91015625</ele>
      </trkpt>
      <trkpt lat="-34.010521620512009" lon="18.345502065494657">
        <ele>87.5390625</ele>
      </trkpt>
      <trkpt lat="-34.010468982160091" lon="18.345513045787811">
        <ele>86.3671875</ele>
      </trkpt>
      <trkpt lat="-34.010361190885305" lon="18.345463592559099">
        <ele>83.12109375</ele>
      </trkpt>
      <trkpt lat="-34.010234456509352" lon="18.345214985311031">
        <ele>77.15234375</ele>
      </trkpt>
      <trkpt lat="-34.010196486487985" lon="18.345070062205195">
        <ele>74.625</ele>
      </trkpt>
      <trkpt lat="-34.010133873671293" lon="18.344956403598189">
        <ele>71.81640625</ele>
      </trkpt>
      <trkpt lat="-34.010016359388828" lon="18.344761105254292">
        <ele>67.90234375</ele>
      </trkpt>
      <trkpt lat="-34.00990454480052" lon="18.344569494947791">
        <ele>63.26171875</ele>
      </trkpt>
      <trkpt lat="-34.009854421019554" lon="18.344239499419928">
        <ele>58.94921875</ele>
      </trkpt>
      <trkpt lat="-34.009691644459963" lon="18.343897936865687">
        <ele>53.4765625</ele>
      </trkpt>
      <trkpt lat="-34.009559964761138" lon="18.343650000169873">
        <ele>48.23046875</ele>
      </trkpt>
      <trkpt lat="-34.009394841268659" lon="18.343332158401608">
        <ele>42.43359375</ele>
      </trkpt>
      <trkpt lat="-34.009170038625598" lon="18.342980034649372">
        <ele>34.703125</ele>
      </trkpt>
      <trkpt lat="-34.008996700868011" lon="18.342893784865737">
        <ele>31.609375</ele>
      </trkpt>
      <trkpt lat="-34.008804000914097" lon="18.342117788270116">
        <ele>32.375</ele>
      </trkpt>
      <trkpt lat="-34.008618425577879" lon="18.342164307832718">
        <ele>32.375</ele>
      </trkpt>
      <trkpt lat="-34.008469982072711" lon="18.3421600330621">
        <ele>24.9296875</ele>
      </trkpt>
      <trkpt lat="-34.008113415911794" lon="18.342077638953924">
        <ele>22.41796875</ele>
      </trkpt>
      <trkpt lat="-34.007589966058731" lon="18.341859960928559">
        <ele>19.671875</ele>
      </trkpt>
      <trkpt lat="-34.007329205051064" lon="18.341738088056445">
        <ele>18.921875</ele>
      </trkpt>
      <trkpt lat="-34.007070036605" lon="18.341680001467466">
        <ele>18.4375</ele>
      </trkpt>
      <trkpt lat="-34.007062576711178" lon="18.341526445001364">
        <ele>14.05078125</ele>
      </trkpt>
      <trkpt lat="-34.007180761545897" lon="18.341491408646107">
        <ele>12.3125</ele>
      </trkpt>
      <trkpt lat="-34.007294671609998" lon="18.341494090855122">
        <ele>11.5625</ele>
      </trkpt>
      <trkpt lat="-34.007582841441035" lon="18.341416055336595">
        <ele>7.22265625</ele>
      </trkpt>
      <trkpt lat="-34.007749557495117" lon="18.34130541421473">
        <ele>4.296875</ele>
      </trkpt>
      <trkpt lat="-34.007934965193272" lon="18.341235006228089">
        <ele>3.08203125</ele>
      </trkpt>
      <trkpt lat="-34.008390018716455" lon="18.341069966554642">
        <ele>3.03125</ele>
      </trkpt>
      <trkpt lat="-34.008930567651987" lon="18.340886905789375">
        <ele>5.82421875</ele>
      </trkpt>
      <trkpt lat="-34.009071215987206" lon="18.340862514451146">
        <ele>8.19921875</ele>
      </trkpt>
      <trkpt lat="-34.009210020303726" lon="18.340899981558323">
        <ele>12.5078125</ele>
      </trkpt>
      <trkpt lat="-34.0092199947685" lon="18.340899981558323">
        <ele>12.77734375</ele>
      </trkpt>
      <trkpt lat="-34.0092976950109" lon="18.340874668210745">
        <ele>14.65625</ele>
      </trkpt>
      <trkpt lat="-34.009366258978844" lon="18.340803422033787">
        <ele>16.08984375</ele>
      </trkpt>
      <trkpt lat="-34.009421244263649" lon="18.340694289654493">
        <ele>16.43359375</ele>
      </trkpt>
      <trkpt lat="-34.00951998308301" lon="18.340530004352331">
        <ele>17.37109375</ele>
      </trkpt>
      <trkpt lat="-34.009510008618236" lon="18.340509971603751">
        <ele>16.65625</ele>
      </trkpt>
      <trkpt lat="-34.00958008132875" lon="18.340406874194741">
        <ele>16.7734375</ele>
      </trkpt>
      <trkpt lat="-34.009724836796522" lon="18.340461021289229">
        <ele>23.4375</ele>
      </trkpt>
      <trkpt lat="-34.009809996932745" lon="18.340409975498915">
        <ele>25.62109375</ele>
      </trkpt>
      <trkpt lat="-34.009830029681325" lon="18.340139994397759">
        <ele>21.76953125</ele>
      </trkpt>
      <trkpt lat="-34.009873112663627" lon="18.340070592239499">
        <ele>23.20703125</ele>
      </trkpt>
      <trkpt lat="-34.009903119876981" lon="18.339966321364045">
        <ele>23.62890625</ele>
      </trkpt>
      <trkpt lat="-34.009854337200522" lon="18.339868672192097">
        <ele>19.5703125</ele>
      </trkpt>
      <trkpt lat="-34.009936898946762" lon="18.33967094309628">
        <ele>23.1640625</ele>
      </trkpt>
      <trkpt lat="-34.00990404188633" lon="18.339594583958387">
        <ele>20.29296875</ele>
      </trkpt>
      <trkpt lat="-34.009937988594174" lon="18.33939777687192">
        <ele>20.90625</ele>
      </trkpt>
      <trkpt lat="-34.009928349405527" lon="18.339269449934363">
        <ele>19.33203125</ele>
      </trkpt>
      <trkpt lat="-34.010009989142418" lon="18.339140033349395">
        <ele>23.6953125</ele>
      </trkpt>
      <trkpt lat="-34.010079307481647" lon="18.338877679780126">
        <ele>26.39453125</ele>
      </trkpt>
      <trkpt lat="-34.01017184369266" lon="18.338705096393824">
        <ele>30.33203125</ele>
      </trkpt>
      <trkpt lat="-34.010230014100671" lon="18.338520023971796">
        <ele>30.8125</ele>
      </trkpt>
      <trkpt lat="-34.010225404053926" lon="18.338385494425893">
        <ele>27.74609375</ele>
      </trkpt>
      <trkpt lat="-34.010279970243573" lon="18.338200002908707">
        <ele>26.0546875</ele>
      </trkpt>
      <trkpt lat="-34.010300002992153" lon="18.337800018489361">
        <ele>17.046875</ele>
      </trkpt>
      <trkpt lat="-34.01032037101686" lon="18.337703878059983">
        <ele>15.6171875</ele>
      </trkpt>
      <trkpt lat="-34.010396143421531" lon="18.33763187751174">
        <ele>17.05859375</ele>
      </trkpt>
      <trkpt lat="-34.0105099696666" lon="18.337479997426271">
        <ele>19.3359375</ele>
      </trkpt>
      <trkpt lat="-34.010487589985132" lon="18.337336583063006">
        <ele>16.578125</ele>
      </trkpt>
      <trkpt lat="-34.01055003516376" lon="18.336869962513447">
        <ele>13.19140625</ele>
      </trkpt>
      <trkpt lat="-34.010639134794474" lon="18.33663996309042">
        <ele>12.7109375</ele>
      </trkpt>
      <trkpt lat="-34.010639972984791" lon="18.336520018056035">
        <ele>11.24609375</ele>
      </trkpt>
      <trkpt lat="-34.010725384578109" lon="18.336347434669733">
        <ele>12.12109375</ele>
      </trkpt>
      <trkpt lat="-34.010810041800141" lon="18.336320025846362">
        <ele>14.54296875</ele>
      </trkpt>
      <trkpt lat="-34.010990001261234" lon="18.336100000888109">
        <ele>15.55859375</ele>
      </trkpt>
      <trkpt lat="-34.011275824159384" lon="18.335869666188955">
        <ele>15.33203125</ele>
      </trkpt>
      <trkpt lat="-34.011360481381416" lon="18.335701525211334">
        <ele>13.60546875</ele>
      </trkpt>
      <trkpt lat="-34.011813942342997" lon="18.335449984297156">
        <ele>15.8984375</ele>
      </trkpt>
      <trkpt lat="-34.012520117685199" lon="18.335132393985987">
        <ele>13.26171875</ele>
      </trkpt>
      <trkpt lat="-34.012674679979682" lon="18.335206741467118">
        <ele>14.30078125</ele>
      </trkpt>
      <trkpt lat="-34.012920018285513" lon="18.335709990933537">
        <ele>24.90625</ele>
      </trkpt>
      <trkpt lat="-34.013229981064796" lon="18.335760030895472">
        <ele>24.06640625</ele>
      </trkpt>
      <trkpt lat="-34.013942694291472" lon="18.335853572934866">
        <ele>27.2421875</ele>
      </trkpt>
      <trkpt lat="-34.014318706467748" lon="18.335619550198317">
        <ele>20.5078125</ele>
      </trkpt>
      <trkpt lat="-34.01443999260664" lon="18.335489965975285">
        <ele>17.65234375</ele>
      </trkpt>
      <trkpt lat="-34.014560943469405" lon="18.335389718413353">
        <ele>16.421875</ele>
      </trkpt>
      <trkpt lat="-34.015159998089075" lon="18.335159970447421">
        <ele>14.8671875</ele>
      </trkpt>
      <trkpt lat="-34.01601486839354" lon="18.335106493905187">
        <ele>13.9375</ele>
      </trkpt>
      <trkpt lat="-34.016460031270981" lon="18.335010018199682">
        <ele>14.015625</ele>
      </trkpt>
      <trkpt lat="-34.016852304339409" lon="18.334760824218392">
        <ele>9.68359375</ele>
      </trkpt>
      <trkpt lat="-34.017016422003508" lon="18.334748838096857">
        <ele>11.6171875</ele>
      </trkpt>
      <trkpt lat="-34.017164865508676" lon="18.334589330479503">
        <ele>9.625</ele>
      </trkpt>
      <trkpt lat="-34.017350943759084" lon="18.334505846723914">
        <ele>11.015625</ele>
      </trkpt>
      <trkpt lat="-34.017726788297296" lon="18.334118518978357">
        <ele>8.98046875</ele>
      </trkpt>
      <trkpt lat="-34.017920829355717" lon="18.334078202024102">
        <ele>10.86328125</ele>
      </trkpt>
      <trkpt lat="-34.018163485452533" lon="18.333881394937634">
        <ele>9.12890625</ele>
      </trkpt>
      <trkpt lat="-34.018700011074543" lon="18.333849962800741">
        <ele>12.19140625</ele>
      </trkpt>
      <trkpt lat="-34.018824398517609" lon="18.333589369431138">
        <ele>8.640625</ele>
      </trkpt>
      <trkpt lat="-34.018990024924278" lon="18.333430029451847">
        <ele>9.16796875</ele>
      </trkpt>
      <trkpt lat="-34.019284565001726" lon="18.333361716940999">
        <ele>11.65234375</ele>
      </trkpt>
      <trkpt lat="-34.019610034301877" lon="18.333270018920302">
        <ele>12.16015625</ele>
      </trkpt>
      <trkpt lat="-34.019854031503201" lon="18.333055526018143">
        <ele>10.75390625</ele>
      </trkpt>
      <trkpt lat="-34.020243957638741" lon="18.332962738350034">
        <ele>11.81640625</ele>
      </trkpt>
      <trkpt lat="-34.021063875406981" lon="18.332676077261567">
        <ele>10.3984375</ele>
      </trkpt>
      <trkpt lat="-34.021950010210276" lon="18.332710023969412">
        <ele>12.80859375</ele>
      </trkpt>
      <trkpt lat="-34.02202838100493" lon="18.332686387002468">
        <ele>13.31640625</ele>
      </trkpt>
      <trkpt lat="-34.022110356017947" lon="18.332552276551723">
        <ele>12.4921875</ele>
      </trkpt>
      <trkpt lat="-34.022174812853336" lon="18.332426631823182">
        <ele>11.53125</ele>
      </trkpt>
      <trkpt lat="-34.022259972989559" lon="18.332380028441548">
        <ele>11.77734375</ele>
      </trkpt>
      <trkpt lat="-34.022270031273365" lon="18.332380028441548">
        <ele>11.9140625</ele>
      </trkpt>
      <trkpt lat="-34.022549986839294" lon="18.332099989056587">
        <ele>7.66015625</ele>
      </trkpt>
      <trkpt lat="-34.022988947108388" lon="18.331600679084659">
        <ele>4.125</ele>
      </trkpt>
      <trkpt lat="-34.02412997558713" lon="18.330740025267005">
        <ele>4.61328125</ele>
      </trkpt>
      <trkpt lat="-34.024748057126999" lon="18.330160081386566">
        <ele>6.8125</ele>
      </trkpt>
      <trkpt lat="-34.02484386228025" lon="18.329873755574226">
        <ele>4.97265625</ele>
      </trkpt>
      <trkpt lat="-34.025377621874213" lon="18.32906280644238">
        <ele>8.27734375</ele>
      </trkpt>
      <trkpt lat="-34.025511229410768" lon="18.328556036576629">
        <ele>6.328125</ele>
      </trkpt>
      <trkpt lat="-34.02570971287787" lon="18.328531812876463">
        <ele>12.35546875</ele>
      </trkpt>
      <trkpt lat="-34.026022106409073" lon="18.328582271933556">
        <ele>26.9296875</ele>
      </trkpt>
      <trkpt lat="-34.026150014251471" lon="18.328220006078482">
        <ele>30.70703125</ele>
      </trkpt>
      <trkpt lat="-34.026150014251471" lon="18.328210031613708">
        <ele>30.640625</ele>
      </trkpt>
      <trkpt lat="-34.026219751685858" lon="18.327970393002033">
        <ele>32.12890625</ele>
      </trkpt>
      <trkpt lat="-34.026099974289536" lon="18.327730000019073">
        <ele>25.76953125</ele>
      </trkpt>
      <trkpt lat="-34.026166778057814" lon="18.327554818242788">
        <ele>27.65234375</ele>
      </trkpt>
      <trkpt lat="-34.026106763631105" lon="18.327422384172678">
        <ele>23.83984375</ele>
      </trkpt>
      <trkpt lat="-34.026177758350968" lon="18.327232953161001">
        <ele>25.18359375</ele>
      </trkpt>
      <trkpt lat="-34.026150014251471" lon="18.327030027285218">
        <ele>22.19921875</ele>
      </trkpt>
      <trkpt lat="-34.026238191872835" lon="18.326892983168364">
        <ele>24.953125</ele>
      </trkpt>
      <trkpt lat="-34.026227463036776" lon="18.326713191345334">
        <ele>22.03515625</ele>
      </trkpt>
      <trkpt lat="-34.026326956227422" lon="18.326349752023816">
        <ele>21.703125</ele>
      </trkpt>
      <trkpt lat="-34.026268282905221" lon="18.326131487265229">
        <ele>16.29296875</ele>
      </trkpt>
      <trkpt lat="-34.026319999247789" lon="18.326020007953048">
        <ele>16.91796875</ele>
      </trkpt>
      <trkpt lat="-34.026346234604716" lon="18.325872821733356">
        <ele>16.6328125</ele>
      </trkpt>
      <trkpt lat="-34.026259984821081" lon="18.325580041855574">
        <ele>10.49609375</ele>
      </trkpt>
      <trkpt lat="-34.026263086125255" lon="18.325344258919358">
        <ele>8.30859375</ele>
      </trkpt>
      <trkpt lat="-34.026440028101206" lon="18.324889959767461">
        <ele>10.296875</ele>
      </trkpt>
      <trkpt lat="-34.026600038632751" lon="18.324570022523403">
        <ele>11.6640625</ele>
      </trkpt>
      <trkpt lat="-34.026626609265804" lon="18.324382184073329">
        <ele>9.77734375</ele>
      </trkpt>
      <trkpt lat="-34.026873372495174" lon="18.324129050597548">
        <ele>15.03125</ele>
      </trkpt>
      <trkpt lat="-34.027070011943579" lon="18.323869965970516">
        <ele>22.87109375</ele>
      </trkpt>
      <trkpt lat="-34.027170008048415" lon="18.323220033198595">
        <ele>19.5546875</ele>
      </trkpt>
      <trkpt lat="-34.027449963614345" lon="18.322530034929514">
        <ele>22.80859375</ele>
      </trkpt>
      <trkpt lat="-34.027420040220022" lon="18.322240021079779">
        <ele>17.61328125</ele>
      </trkpt>
      <trkpt lat="-34.027515258640051" lon="18.321344833821058">
        <ele>19.12890625</ele>
      </trkpt>
      <trkpt lat="-34.027630006894469" lon="18.320949962362647">
        <ele>22.18359375</ele>
      </trkpt>
      <trkpt lat="-34.02773997746408" lon="18.320679981261492">
        <ele>27.12109375</ele>
      </trkpt>
      <trkpt lat="-34.027830753475428" lon="18.320119818672538">
        <ele>27.66796875</ele>
      </trkpt>
      <trkpt lat="-34.027718184515834" lon="18.319950001314282">
        <ele>20.36328125</ele>
      </trkpt>
      <trkpt lat="-34.027690021321177" lon="18.319770041853189">
        <ele>17.54296875</ele>
      </trkpt>
      <trkpt lat="-34.027599999681115" lon="18.319669961929321">
        <ele>11.97265625</ele>
      </trkpt>
      <trkpt lat="-34.027668731287122" lon="18.319487320259213">
        <ele>14.6953125</ele>
      </trkpt>
      <trkpt lat="-34.027650039643049" lon="18.319269977509975">
        <ele>12.34375</ele>
      </trkpt>
      <trkpt lat="-34.027779959142208" lon="18.319139974191785">
        <ele>16.98046875</ele>
      </trkpt>
      <trkpt lat="-34.027779959142208" lon="18.318939981982112">
        <ele>15.07421875</ele>
      </trkpt>
      <trkpt lat="-34.027750035747886" lon="18.318639993667603">
        <ele>10.77734375</ele>
      </trkpt>
      <trkpt lat="-34.027750035747886" lon="18.318630019202828">
        <ele>10.66796875</ele>
      </trkpt>
      <trkpt lat="-34.027860844507813" lon="18.317424282431602">
        <ele>9.34765625</ele>
      </trkpt>
      <trkpt lat="-34.02791834436357" lon="18.317053047940135">
        <ele>11.04296875</ele>
      </trkpt>
      <trkpt lat="-34.027907615527511" lon="18.316839057952166">
        <ele>10.37890625</ele>
      </trkpt>
      <trkpt lat="-34.027907615527511" lon="18.316310495138168">
        <ele>11.26171875</ele>
      </trkpt>
      <trkpt lat="-34.027990009635687" lon="18.315930040553212">
        <ele>13.5703125</ele>
      </trkpt>
      <trkpt lat="-34.028107859194279" lon="18.315649917349219">
        <ele>14.98828125</ele>
      </trkpt>
      <trkpt lat="-34.02818120084703" lon="18.315595854073763">
        <ele>16.29296875</ele>
      </trkpt>
      <trkpt lat="-34.028402483090758" lon="18.315383456647396">
        <ele>15.69921875</ele>
      </trkpt>
      <trkpt lat="-34.028489990159869" lon="18.315610019490123">
        <ele>18.703125</ele>
      </trkpt>
      <trkpt lat="-34.028610019013286" lon="18.316049985587597">
        <ele>27.6328125</ele>
      </trkpt>
      <trkpt lat="-34.02877002954483" lon="18.316289959475398">
        <ele>34.97265625</ele>
      </trkpt>
      <trkpt lat="-34.029100025072694" lon="18.316950034350157">
        <ele>54.78515625</ele>
      </trkpt>
      <trkpt lat="-34.029390038922429" lon="18.31725999712944">
        <ele>60.22265625</ele>
      </trkpt>
      <trkpt lat="-34.02947997674346" lon="18.317819992080331">
        <ele>80.80078125</ele>
      </trkpt>
      <trkpt lat="-34.029709976166487" lon="18.318490041419864">
        <ele>105.30078125</ele>
      </trkpt>
      <trkpt lat="-34.029799997806549" lon="18.318660026416183">
        <ele>112.234375</ele>
      </trkpt>
      <trkpt lat="-34.02995003387332" lon="18.319150032475591">
        <ele>125.86328125</ele>
      </trkpt>
      <trkpt lat="-34.030099986121058" lon="18.319490002468228">
        <ele>136.484375</ele>
      </trkpt>
      <trkpt lat="-34.030290003865957" lon="18.320040022954345">
        <ele>161.65625</ele>
      </trkpt>
      <trkpt lat="-34.030220014974475" lon="18.320410000160336">
        <ele>164.5625</ele>
      </trkpt>
      <trkpt lat="-34.030233761295676" lon="18.321774825453758">
        <ele>165.57421875</ele>
      </trkpt>
      <trkpt lat="-34.03012597002089" lon="18.32279272377491">
        <ele>165.453125</ele>
      </trkpt>
      <trkpt lat="-34.030235018581152" lon="18.323454977944493">
        <ele>166.77734375</ele>
      </trkpt>
      <trkpt lat="-34.030353538691998" lon="18.324084794148803">
        <ele>169.01953125</ele>
      </trkpt>
      <trkpt lat="-34.030300062149763" lon="18.324691979214549">
        <ele>167.05078125</ele>
      </trkpt>
      <trkpt lat="-34.030361920595169" lon="18.325537629425526">
        <ele>168.33984375</ele>
      </trkpt>
      <trkpt lat="-34.030180033296347" lon="18.326329970732331">
        <ele>167.60546875</ele>
      </trkpt>
      <trkpt lat="-34.030129993334413" lon="18.327060034498572">
        <ele>170.32421875</ele>
      </trkpt>
      <trkpt lat="-34.030090011656284" lon="18.327360022813082">
        <ele>170.19921875</ele>
      </trkpt>
      <trkpt lat="-34.029390038922429" lon="18.329620035365224">
        <ele>166.265625</ele>
      </trkpt>
      <trkpt lat="-34.029040010645986" lon="18.330120015889406">
        <ele>166.1171875</ele>
      </trkpt>
      <trkpt lat="-34.028618317097425" lon="18.330446407198906">
        <ele>165.2578125</ele>
      </trkpt>
      <trkpt lat="-34.028217829763889" lon="18.331076391041279">
        <ele>165.19921875</ele>
      </trkpt>
      <trkpt lat="-34.028014987707138" lon="18.331660022959113">
        <ele>166.828125</ele>
      </trkpt>
      <trkpt lat="-34.027799991890788" lon="18.332229992374778">
        <ele>166.53125</ele>
      </trkpt>
      <trkpt lat="-34.027795800939202" lon="18.332395870238543">
        <ele>169.32421875</ele>
      </trkpt>
      <trkpt lat="-34.027683651074767" lon="18.33261807449162">
        <ele>166.54296875</ele>
      </trkpt>
      <trkpt lat="-34.027429595589638" lon="18.333498677238822">
        <ele>165.5390625</ele>
      </trkpt>
      <trkpt lat="-34.027301352471113" lon="18.334086667746305">
        <ele>165.76953125</ele>
      </trkpt>
      <trkpt lat="-34.027255000546575" lon="18.335055029019713">
        <ele>170.23046875</ele>
      </trkpt>
      <trkpt lat="-34.027221975848079" lon="18.335985336452723">
        <ele>171.39453125</ele>
      </trkpt>
      <trkpt lat="-34.027354996651411" lon="18.336590006947517">
        <ele>174.6640625</ele>
      </trkpt>
      <trkpt lat="-34.027490029111505" lon="18.337200041860342">
        <ele>174.0078125</ele>
      </trkpt>
      <trkpt lat="-34.02754845097661" lon="18.337311688810587">
        <ele>173.37890625</ele>
      </trkpt>
      <trkpt lat="-34.027665546163917" lon="18.337245639413595">
        <ele>175.640625</ele>
      </trkpt>
      <trkpt lat="-34.027850031852722" lon="18.337210016325116">
        <ele>178.72265625</ele>
      </trkpt>
      <trkpt lat="-34.027772415429354" lon="18.337110942229629">
        <ele>179.703125</ele>
      </trkpt>
      <trkpt lat="-34.027728494256735" lon="18.336959732696414">
        <ele>182.4609375</ele>
      </trkpt>
      <trkpt lat="-34.027809966355562" lon="18.336710035800934">
        <ele>189.8671875</ele>
      </trkpt>
      <trkpt lat="-34.027857324108481" lon="18.336621271446347">
        <ele>193.05859375</ele>
      </trkpt>
      <trkpt lat="-34.028029991313815" lon="18.336439970880747">
        <ele>199.4921875</ele>
      </trkpt>
      <trkpt lat="-34.028134010732174" lon="18.336396217346191">
        <ele>202.1484375</ele>
      </trkpt>
      <trkpt lat="-34.028186649084091" lon="18.33629647269845">
        <ele>204.921875</ele>
      </trkpt>
      <trkpt lat="-34.028229983523488" lon="18.336260011419654">
        <ele>206.15234375</ele>
      </trkpt>
      <trkpt lat="-34.028389994055033" lon="18.336079968139529">
        <ele>212.5</ele>
      </trkpt>
      <trkpt lat="-34.028480015695095" lon="18.335960023105145">
        <ele>217.12109375</ele>
      </trkpt>
      <trkpt lat="-34.028589986264706" lon="18.335860027000308">
        <ele>222.65234375</ele>
      </trkpt>
      <trkpt lat="-34.028700040653348" lon="18.335640002042055">
        <ele>232.41015625</ele>
      </trkpt>
      <trkpt lat="-34.02874999679625" lon="18.335570013150573">
        <ele>236.08984375</ele>
      </trkpt>
      <trkpt lat="-34.028789978474379" lon="18.335359962657094">
        <ele>244.2890625</ele>
      </trkpt>
      <trkpt lat="-34.028829960152507" lon="18.335300032049417">
        <ele>248.10546875</ele>
      </trkpt>
      <trkpt lat="-34.028919981792569" lon="18.335279999300838">
        <ele>253.0546875</ele>
      </trkpt>
      <trkpt lat="-34.028949989005923" lon="18.335110014304519">
        <ele>259.875</ele>
      </trkpt>
      <trkpt lat="-34.028989970684052" lon="18.335040025413036">
        <ele>264.1640625</ele>
      </trkpt>
      <trkpt lat="-34.029059959575534" lon="18.334910022094846">
        <ele>270.515625</ele>
      </trkpt>
      <trkpt lat="-34.029170013964176" lon="18.334769960492849">
        <ele>278.2734375</ele>
      </trkpt>
      <trkpt lat="-34.029240002855659" lon="18.334650015458465">
        <ele>284.48046875</ele>
      </trkpt>
      <trkpt lat="-34.029370006173849" lon="18.334529986605048">
        <ele>289.30859375</ele>
      </trkpt>
      <trkpt lat="-34.029460027813911" lon="18.334309961646795">
        <ele>294.5078125</ele>
      </trkpt>
      <trkpt lat="-34.029690027236938" lon="18.334239972755313">
        <ele>304.60546875</ele>
      </trkpt>
      <trkpt lat="-34.029839979484677" lon="18.334109969437122">
        <ele>312.74609375</ele>
      </trkpt>
      <trkpt lat="-34.02990996837616" lon="18.333979966118932">
        <ele>315.203125</ele>
      </trkpt>
      <trkpt lat="-34.02993000112474" lon="18.333920035511255">
        <ele>315.87109375</ele>
      </trkpt>
      <trkpt lat="-34.030160000547767" lon="18.333900002762675">
        <ele>327.015625</ele>
      </trkpt>
      <trkpt lat="-34.030310036614537" lon="18.333900002762675">
        <ele>334.4453125</ele>
      </trkpt>
      <trkpt lat="-34.030540036037564" lon="18.33406001329422">
        <ele>344.328125</ele>
      </trkpt>
      <trkpt lat="-34.030629973858595" lon="18.334020031616092">
        <ele>348.546875</ele>
      </trkpt>
      <trkpt lat="-34.030849998816848" lon="18.333890028297901">
        <ele>359.81640625</ele>
      </trkpt>
      <trkpt lat="-34.031029958277941" lon="18.333719959482551">
        <ele>372.49609375</ele>
      </trkpt>
      <trkpt lat="-34.031119979918003" lon="18.33363002166152">
        <ele>380.76171875</ele>
      </trkpt>
      <trkpt lat="-34.031249983236194" lon="18.333530025556684">
        <ele>393.87890625</ele>
      </trkpt>
      <trkpt lat="-34.031319972127676" lon="18.333549974486232">
        <ele>398.42578125</ele>
      </trkpt>
      <trkpt lat="-34.031409993767738" lon="18.333509992808104">
        <ele>406.99609375</ele>
      </trkpt>
      <trkpt lat="-34.031479982659221" lon="18.333409996703267">
        <ele>417.05859375</ele>
      </trkpt>
      <trkpt lat="-34.031551228836179" lon="18.333463054150343">
        <ele>418.93359375</ele>
      </trkpt>
      <trkpt lat="-34.031590037047863" lon="18.333349982276559">
        <ele>426.2109375</ele>
      </trkpt>
      <trkpt lat="-34.031620798632503" lon="18.333347048610449">
        <ele>428.0625</ele>
      </trkpt>
      <trkpt lat="-34.031630018725991" lon="18.333279993385077">
        <ele>431.46875</ele>
      </trkpt>
      <trkpt lat="-34.031700007617474" lon="18.333249986171722">
        <ele>436.328125</ele>
      </trkpt>
      <trkpt lat="-34.031695146113634" lon="18.333172118291259">
        <ele>438.73046875</ele>
      </trkpt>
      <trkpt lat="-34.031760022044182" lon="18.33315996453166">
        <ele>442.4609375</ele>
      </trkpt>
      <trkpt lat="-34.031790029257536" lon="18.333089975640178">
        <ele>445.640625</ele>
      </trkpt>
      <trkpt lat="-34.031837387010455" lon="18.333096010610461">
        <ele>446.69921875</ele>
      </trkpt>
      <trkpt lat="-34.031899999827147" lon="18.332970030605793">
        <ele>451.74609375</ele>
      </trkpt>
      <trkpt lat="-34.031825987622142" lon="18.332756543532014">
        <ele>452.8125</ele>
      </trkpt>
      <trkpt lat="-34.031879967078567" lon="18.332569962367415">
        <ele>456.1015625</ele>
      </trkpt>
      <trkpt lat="-34.031946016475558" lon="18.332555880770087">
        <ele>457.6796875</ele>
      </trkpt>
      <trkpt lat="-34.031992452219129" lon="18.332448257133365">
        <ele>459.84765625</ele>
      </trkpt>
      <trkpt lat="-34.032039977610111" lon="18.332450017333031">
        <ele>460.85546875</ele>
      </trkpt>
      <trkpt lat="-34.032084150239825" lon="18.332381201907992">
        <ele>462.1015625</ele>
      </trkpt>
      <trkpt lat="-34.032239969819784" lon="18.33229998126626">
        <ele>466.51953125</ele>
      </trkpt>
      <trkpt lat="-34.032329991459846" lon="18.332139970734715">
        <ele>471.55078125</ele>
      </trkpt>
      <trkpt lat="-34.032439962029457" lon="18.332050032913685">
        <ele>475.86328125</ele>
      </trkpt>
      <trkpt lat="-34.032470053061843" lon="18.33191005513072">
        <ele>478.5625</ele>
      </trkpt>
      <trkpt lat="-34.03265998698771" lon="18.331839982420206">
        <ele>486.17578125</ele>
      </trkpt>
      <trkpt lat="-34.032799964770675" lon="18.331749960780144">
        <ele>493.33984375</ele>
      </trkpt>
      <trkpt lat="-34.032750008627772" lon="18.331500012427568">
        <ele>494.9765625</ele>
      </trkpt>
      <trkpt lat="-34.032712709158659" lon="18.331280825659633">
        <ele>496.1875</ele>
      </trkpt>
      <trkpt lat="-34.032950000837445" lon="18.331219973042607">
        <ele>507.6953125</ele>
      </trkpt>
      <trkpt lat="-34.033040022477508" lon="18.330949991941452">
        <ele>515.80078125</ele>
      </trkpt>
      <trkpt lat="-34.033129960298538" lon="18.330949991941452">
        <ele>519.0390625</ele>
      </trkpt>
      <trkpt lat="-34.033200033009052" lon="18.330729966983199">
        <ele>525.18359375</ele>
      </trkpt>
      <trkpt lat="-34.033267088234425" lon="18.330722339451313">
        <ele>527.25390625</ele>
      </trkpt>
      <trkpt lat="-34.033400025218725" lon="18.330499967560172">
        <ele>535.08984375</ele>
      </trkpt>
      <trkpt lat="-34.033630024641752" lon="18.330459985882044">
        <ele>540.5546875</ele>
      </trkpt>
      <trkpt lat="-34.03369003906846" lon="18.330239960923791">
        <ele>547.18359375</ele>
      </trkpt>
      <trkpt lat="-34.033709987998009" lon="18.329950030893087">
        <ele>558.69921875</ele>
      </trkpt>
      <trkpt lat="-34.033760027959943" lon="18.329869983717799">
        <ele>561.67578125</ele>
      </trkpt>
      <trkpt lat="-34.033890031278133" lon="18.329730005934834">
        <ele>565.8828125</ele>
      </trkpt>
      <trkpt lat="-34.033890031278133" lon="18.329649958759546">
        <ele>569.0390625</ele>
      </trkpt>
      <trkpt lat="-34.033830016851425" lon="18.329469999298453">
        <ele>578.16015625</ele>
      </trkpt>
      <trkpt lat="-34.033849965780973" lon="18.329330021515489">
        <ele>583.69140625</ele>
      </trkpt>
      <trkpt lat="-34.033830016851425" lon="18.329189959913492">
        <ele>589.92578125</ele>
      </trkpt>
      <trkpt lat="-34.033849965780973" lon="18.329179985448718">
        <ele>589.61328125</ele>
      </trkpt>
      <trkpt lat="-34.033849965780973" lon="18.329079989343882">
        <ele>593.28515625</ele>
      </trkpt>
      <trkpt lat="-34.033779976889491" lon="18.328889971598983">
        <ele>602.8359375</ele>
      </trkpt>
      <trkpt lat="-34.033830016851425" lon="18.32884001545608">
        <ele>601.72265625</ele>
      </trkpt>
      <trkpt lat="-34.033960020169616" lon="18.328800033777952">
        <ele>594.5703125</ele>
      </trkpt>
      <trkpt lat="-34.033960020169616" lon="18.328770026564598">
        <ele>594.65625</ele>
      </trkpt>
      <trkpt lat="-34.033830016851425" lon="18.328489987179637">
        <ele>601.71484375</ele>
      </trkpt>
      <trkpt lat="-34.033739995211363" lon="18.328310027718544">
        <ele>605.60546875</ele>
      </trkpt>
      <trkpt lat="-34.033651733770967" lon="18.328278595581651">
        <ele>608.21875</ele>
      </trkpt>
      <trkpt lat="-34.033606136217713" lon="18.328151442110538">
        <ele>607.5546875</ele>
      </trkpt>
      <trkpt lat="-34.033486694097519" lon="18.32814222201705">
        <ele>605.55859375</ele>
      </trkpt>
      <trkpt lat="-34.033369934186339" lon="18.328081034123898">
        <ele>609.97265625</ele>
      </trkpt>
      <trkpt lat="-34.033326851204038" lon="18.328024288639426">
        <ele>609.94921875</ele>
      </trkpt>
      <trkpt lat="-34.033271111547947" lon="18.327978439629078">
        <ele>606.76953125</ele>
      </trkpt>
      <trkpt lat="-34.033229788765311" lon="18.327873582020402">
        <ele>602.42578125</ele>
      </trkpt>
      <trkpt lat="-34.033217635005713" lon="18.327739052474499">
        <ele>608.26171875</ele>
      </trkpt>
      <trkpt lat="-34.033271530643106" lon="18.3276232983917">
        <ele>600.1796875</ele>
      </trkpt>
      <trkpt lat="-34.033409999683499" lon="18.327630003914237">
        <ele>604.12109375</ele>
      </trkpt>
      <trkpt lat="-34.033551318570971" lon="18.32761550322175">
        <ele>601.41015625</ele>
      </trkpt>
      <trkpt lat="-34.033649973571301" lon="18.327539982274175">
        <ele>596.875</ele>
      </trkpt>
      <trkpt lat="-34.033779976889491" lon="18.327430011704564">
        <ele>589.0859375</ele>
      </trkpt>
      <trkpt lat="-34.033881146460772" lon="18.327481560409069">
        <ele>585.23828125</ele>
      </trkpt>
      <trkpt lat="-34.03398223221302" lon="18.327444177120924">
        <ele>579.1640625</ele>
      </trkpt>
      <trkpt lat="-34.033980304375291" lon="18.327372092753649">
        <ele>577.453125</ele>
      </trkpt>
      <trkpt lat="-34.034069990739226" lon="18.327369997277856">
        <ele>573.25390625</ele>
      </trkpt>
      <trkpt lat="-34.034169986844063" lon="18.327309982851148">
        <ele>567.296875</ele>
      </trkpt>
      <trkpt lat="-34.034299990162253" lon="18.327230019494891">
        <ele>560.01171875</ele>
      </trkpt>
      <trkpt lat="-34.034450026229024" lon="18.327170005068183">
        <ele>553.33203125</ele>
      </trkpt>
      <trkpt lat="-34.034539964050055" lon="18.327190037816763">
        <ele>550.44921875</ele>
      </trkpt>
      <trkpt lat="-34.034590004011989" lon="18.327090041711926">
        <ele>547.3984375</ele>
      </trkpt>
      <trkpt lat="-34.034789996221662" lon="18.327009994536638">
        <ele>539.328125</ele>
      </trkpt>
      <trkpt lat="-34.034899966791272" lon="18.326789969578385">
        <ele>533.74609375</ele>
      </trkpt>
      <trkpt lat="-34.034958723932505" lon="18.326715873554349">
        <ele>531.51953125</ele>
      </trkpt>
      <trkpt lat="-34.034970039501786" lon="18.326500039547682">
        <ele>530.484375</ele>
      </trkpt>
      <trkpt lat="-34.034924693405628" lon="18.326374981552362">
        <ele>531.2109375</ele>
      </trkpt>
      <trkpt lat="-34.034894350916147" lon="18.326096953824162">
        <ele>530.390625</ele>
      </trkpt>
      <trkpt lat="-34.034939194098115" lon="18.325873743742704">
        <ele>529.32421875</ele>
      </trkpt>
      <trkpt lat="-34.034840706735849" lon="18.32575966604054">
        <ele>529.84375</ele>
      </trkpt>
      <trkpt lat="-34.034916898235679" lon="18.325318023562431">
        <ele>529.64453125</ele>
      </trkpt>
      <trkpt lat="-34.035035669803619" lon="18.324846625328064">
        <ele>530.359375</ele>
      </trkpt>
      <trkpt lat="-34.03525804169476" lon="18.324498105794191">
        <ele>531.328125</ele>
      </trkpt>
      <trkpt lat="-34.035679986700416" lon="18.324010027572513">
        <ele>535.375</ele>
      </trkpt>
      <trkpt lat="-34.035957679152489" lon="18.323791930451989">
        <ele>538.44921875</ele>
      </trkpt>
      <trkpt lat="-34.036109978333116" lon="18.323820009827614">
        <ele>541.82421875</ele>
      </trkpt>
      <trkpt lat="-34.03629002161324" lon="18.323690006509423">
        <ele>545.66015625</ele>
      </trkpt>
      <trkpt lat="-34.036469981074333" lon="18.323680032044649">
        <ele>551.421875</ele>
      </trkpt>
      <trkpt lat="-34.036650024354458" lon="18.323680032044649">
        <ele>557.59375</ele>
      </trkpt>
      <trkpt lat="-34.036780027672648" lon="18.323599984869361">
        <ele>561.74609375</ele>
      </trkpt>
      <trkpt lat="-34.036980019882321" lon="18.323639966547489">
        <ele>568.375</ele>
      </trkpt>
      <trkpt lat="-34.037110023200512" lon="18.323529995977879">
        <ele>572.8046875</ele>
      </trkpt>
      <trkpt lat="-34.037300040945411" lon="18.323439974337816">
        <ele>580.33203125</ele>
      </trkpt>
      <trkpt lat="-34.037480000406504" lon="18.323399992659688">
        <ele>585.69921875</ele>
      </trkpt>
      <trkpt lat="-34.037700025364757" lon="18.323509963229299">
        <ele>590.140625</ele>
      </trkpt>
      <trkpt lat="-34.037920972332358" lon="18.323418097570539">
        <ele>592.08984375</ele>
      </trkpt>
      <trkpt lat="-34.038060028105974" lon="18.324080016463995">
        <ele>591.0390625</ele>
      </trkpt>
      <trkpt lat="-34.038349958136678" lon="18.325090035796165">
        <ele>585.38671875</ele>
      </trkpt>
      <trkpt lat="-34.038739968091249" lon="18.325880030170083">
        <ele>577.25390625</ele>
      </trkpt>
      <trkpt lat="-34.039089996367693" lon="18.326240032911301">
        <ele>571.20703125</ele>
      </trkpt>
      <trkpt lat="-34.039359977468848" lon="18.326459974050522">
        <ele>567.99609375</ele>
      </trkpt>
      <trkpt lat="-34.039403311908245" lon="18.326582685112953">
        <ele>565.65625</ele>
      </trkpt>
      <trkpt lat="-34.039345979690552" lon="18.326727943494916">
        <ele>561.97265625</ele>
      </trkpt>
      <trkpt lat="-34.039199966937304" lon="18.326819976791739">
        <ele>559.875</ele>
      </trkpt>
      <trkpt lat="-34.039164176210761" lon="18.32688887603581">
        <ele>558.6953125</ele>
      </trkpt>
      <trkpt lat="-34.039196027442813" lon="18.326997589319944">
        <ele>556.59765625</ele>
      </trkpt>
      <trkpt lat="-34.039710005745292" lon="18.327550040557981">
        <ele>546.1953125</ele>
      </trkpt>
      <trkpt lat="-34.039985602721572" lon="18.327626315876842">
        <ele>546.0234375</ele>
      </trkpt>
      <trkpt lat="-34.040108732879162" lon="18.327778782695532">
        <ele>543.13671875</ele>
      </trkpt>
      <trkpt lat="-34.040049975737929" lon="18.327939966693521">
        <ele>540.703125</ele>
      </trkpt>
      <trkpt lat="-34.03986532241106" lon="18.328082961961627">
        <ele>538.578125</ele>
      </trkpt>
      <trkpt lat="-34.039649991318583" lon="18.328080028295517">
        <ele>537.0546875</ele>
      </trkpt>
      <trkpt lat="-34.039586707949638" lon="18.328213468194008">
        <ele>535.17578125</ele>
      </trkpt>
      <trkpt lat="-34.040139997377992" lon="18.328610016033053">
        <ele>529.20703125</ele>
      </trkpt>
      <trkpt lat="-34.040070008486509" lon="18.328849989920855">
        <ele>522.5546875</ele>
      </trkpt>
      <trkpt lat="-34.039889965206385" lon="18.328959960490465">
        <ele>519.78515625</ele>
      </trkpt>
      <trkpt lat="-34.039559969678521" lon="18.32911997102201">
        <ele>515.8515625</ele>
      </trkpt>
      <trkpt lat="-34.039419908076525" lon="18.329288950189948">
        <ele>513.421875</ele>
      </trkpt>
      <trkpt lat="-34.039399959146976" lon="18.329400010406971">
        <ele>511.84375</ele>
      </trkpt>
      <trkpt lat="-34.039438599720597" lon="18.329476621001959">
        <ele>510.83203125</ele>
      </trkpt>
      <trkpt lat="-34.039779994636774" lon="18.329530013725162">
        <ele>508.62890625</ele>
      </trkpt>
      <trkpt lat="-34.040449960157275" lon="18.329520039260387">
        <ele>501.859375</ele>
      </trkpt>
      <trkpt lat="-34.040479464456439" lon="18.329581646248698">
        <ele>499.96484375</ele>
      </trkpt>
      <trkpt lat="-34.040485667064786" lon="18.329681055620313">
        <ele>497.640625</ele>
      </trkpt>
      <trkpt lat="-34.040409978479147" lon="18.329860009253025">
        <ele>495.78125</ele>
      </trkpt>
      <trkpt lat="-34.040412995964289" lon="18.329911390319467">
        <ele>494.80078125</ele>
      </trkpt>
      <trkpt lat="-34.040439231321216" lon="18.329947181046009">
        <ele>493.69921875</ele>
      </trkpt>
      <trkpt lat="-34.040543334558606" lon="18.329946007579565">
        <ele>491.84375</ele>
      </trkpt>
      <trkpt lat="-34.040809962898493" lon="18.329649958759546">
        <ele>491.953125</ele>
      </trkpt>
      <trkpt lat="-34.040894536301494" lon="18.329605702310801">
        <ele>490.328125</ele>
      </trkpt>
      <trkpt lat="-34.040944827720523" lon="18.32964283414185">
        <ele>489.24609375</ele>
      </trkpt>
      <trkpt lat="-34.040920017287135" lon="18.329839976504445">
        <ele>485.359375</ele>
      </trkpt>
      <trkpt lat="-34.040950192138553" lon="18.329889597371221">
        <ele>483.46484375</ele>
      </trkpt>
      <trkpt lat="-34.04101649299264" lon="18.329907869920135">
        <ele>481.18359375</ele>
      </trkpt>
      <trkpt lat="-34.0410634316504" lon="18.329896135255694">
        <ele>480.125</ele>
      </trkpt>
      <trkpt lat="-34.04121003113687" lon="18.329730005934834">
        <ele>480.1796875</ele>
      </trkpt>
      <trkpt lat="-34.041330143809319" lon="18.329645013436675">
        <ele>478.9375</ele>
      </trkpt>
      <trkpt lat="-34.041589982807636" lon="18.32954996265471">
        <ele>473.046875</ele>
      </trkpt>
      <trkpt lat="-34.041849989444017" lon="18.32927000708878">
        <ele>469.109375</ele>
      </trkpt>
      <trkpt lat="-34.041910506784916" lon="18.329293392598629">
        <ele>466.37890625</ele>
      </trkpt>
      <trkpt lat="-34.041979992762208" lon="18.329520039260387">
        <ele>460.78125</ele>
      </trkpt>
      <trkpt lat="-34.041989967226982" lon="18.330139964818954">
        <ele>456.4140625</ele>
      </trkpt>
      <trkpt lat="-34.042032714933157" lon="18.330475995317101">
        <ele>453.22265625</ele>
      </trkpt>
      <trkpt lat="-34.042179984971881" lon="18.330629970878363">
        <ele>449.4609375</ele>
      </trkpt>
      <trkpt lat="-34.042490031570196" lon="18.330680010840297">
        <ele>444.15234375</ele>
      </trkpt>
      <trkpt lat="-34.042777447029948" lon="18.33052871748805">
        <ele>441.09765625</ele>
      </trkpt>
      <trkpt lat="-34.042960004881024" lon="18.330229986459017">
        <ele>439.3515625</ele>
      </trkpt>
      <trkpt lat="-34.043120015412569" lon="18.329639984294772">
        <ele>433.4921875</ele>
      </trkpt>
      <trkpt lat="-34.043299974873662" lon="18.3288199827075">
        <ele>427.1328125</ele>
      </trkpt>
      <trkpt lat="-34.043355546891689" lon="18.328758040443063">
        <ele>425.734375</ele>
      </trkpt>
      <trkpt lat="-34.043452776968479" lon="18.328785365447402">
        <ele>423.28125</ele>
      </trkpt>
      <trkpt lat="-34.043540032580495" lon="18.329070014879107">
        <ele>420.72265625</ele>
      </trkpt>
      <trkpt lat="-34.043829962611198" lon="18.32999998703599">
        <ele>411.37109375</ele>
      </trkpt>
      <trkpt lat="-34.043949991464615" lon="18.330169972032309">
        <ele>408.6796875</ele>
      </trkpt>
      <trkpt lat="-34.044189965352416" lon="18.330239960923791">
        <ele>403.50390625</ele>
      </trkpt>
      <trkpt lat="-34.044549968093634" lon="18.330320008099079">
        <ele>397.890625</ele>
      </trkpt>
      <trkpt lat="-34.044807627797127" lon="18.330247839912772">
        <ele>394.25</ele>
      </trkpt>
      <trkpt lat="-34.045220017433167" lon="18.330380022525787">
        <ele>389.07421875</ele>
      </trkpt>
      <trkpt lat="-34.045510031282902" lon="18.330399971455336">
        <ele>385.9140625</ele>
      </trkpt>
      <trkpt lat="-34.045559987425804" lon="18.33045001141727">
        <ele>386.09375</ele>
      </trkpt>
      <trkpt lat="-34.045647494494915" lon="18.330442048609257">
        <ele>385.375</ele>
      </trkpt>
      <trkpt lat="-34.045751513913274" lon="18.330367114394903">
        <ele>383.63671875</ele>
      </trkpt>
      <trkpt lat="-34.045855868607759" lon="18.33041581325233">
        <ele>383.3671875</ele>
      </trkpt>
      <trkpt lat="-34.045940022915602" lon="18.330510025843978">
        <ele>383.98828125</ele>
      </trkpt>
      <trkpt lat="-34.045997858047485" lon="18.330518491566181">
        <ele>383.50390625</ele>
      </trkpt>
      <trkpt lat="-34.046119982376695" lon="18.330492256209254">
        <ele>381.78515625</ele>
      </trkpt>
      <trkpt lat="-34.046230036765337" lon="18.330501895397902">
        <ele>380.85546875</ele>
      </trkpt>
      <trkpt lat="-34.046470010653138" lon="18.330190004780889">
        <ele>373.43359375</ele>
      </trkpt>
      <trkpt lat="-34.046609569340944" lon="18.330163601785898">
        <ele>370.40234375</ele>
      </trkpt>
      <trkpt lat="-34.046739991754293" lon="18.330169972032309">
        <ele>368.19140625</ele>
      </trkpt>
      <trkpt lat="-34.046879969537258" lon="18.330069975927472">
        <ele>363.05859375</ele>
      </trkpt>
      <trkpt lat="-34.046900002285838" lon="18.330099983140826">
        <ele>363.27734375</ele>
      </trkpt>
      <trkpt lat="-34.047039980068803" lon="18.330069975927472">
        <ele>359.6015625</ele>
      </trkpt>
      <trkpt lat="-34.047229997813702" lon="18.329820027574897">
        <ele>350.9765625</ele>
      </trkpt>
      <trkpt lat="-34.047171995043755" lon="18.32966236397624">
        <ele>346.4375</ele>
      </trkpt>
      <trkpt lat="-34.047234859317541" lon="18.329529175534844">
        <ele>345.64453125</ele>
      </trkpt>
      <trkpt lat="-34.047204349189997" lon="18.329457091167569">
        <ele>342.21484375</ele>
      </trkpt>
      <trkpt lat="-34.047190016135573" lon="18.329390035942197">
        <ele>345.64453125</ele>
      </trkpt>
      <trkpt lat="-34.047249276190996" lon="18.329238658770919">
        <ele>349.96875</ele>
      </trkpt>
      <trkpt lat="-34.047238463535905" lon="18.329146960750222">
        <ele>342.21484375</ele>
      </trkpt>
      <trkpt lat="-34.047230668365955" lon="18.329064734280109">
        <ele>340.83984375</ele>
      </trkpt>
      <trkpt lat="-34.047580026090145" lon="18.328589983284473">
        <ele>327.5625</ele>
      </trkpt>
      <trkpt lat="-34.047729978337884" lon="18.328359983861446">
        <ele>322.89453125</ele>
      </trkpt>
      <trkpt lat="-34.047580026090145" lon="18.328589983284473">
        <ele>327.5625</ele>
      </trkpt>
      <trkpt lat="-34.047729978337884" lon="18.328359983861446">
        <ele>322.89453125</ele>
      </trkpt>
      <trkpt lat="-34.048470016568899" lon="18.328930037096143">
        <ele>311</ele>
      </trkpt>
      <trkpt lat="-34.049120033159852" lon="18.329390035942197">
        <ele>303.4296875</ele>
      </trkpt>
      <trkpt lat="-34.049297394230962" lon="18.32978599704802">
        <ele>301.37890625</ele>
      </trkpt>
      <trkpt lat="-34.049529992043972" lon="18.329960005357862">
        <ele>295.30078125</ele>
      </trkpt>
      <trkpt lat="-34.049634011462331" lon="18.33008355461061">
        <ele>293.7109375</ele>
      </trkpt>
      <trkpt lat="-34.049929976463318" lon="18.330659978091717">
        <ele>289</ele>
      </trkpt>
      <trkpt lat="-34.049958474934101" lon="18.330730386078358">
        <ele>288.38671875</ele>
      </trkpt>
      <trkpt lat="-34.049998037517071" lon="18.330747820436954">
        <ele>287.06640625</ele>
      </trkpt>
      <trkpt lat="-34.050051933154464" lon="18.330717226490378">
        <ele>285.73046875</ele>
      </trkpt>
      <trkpt lat="-34.050150001421571" lon="18.330350015312433">
        <ele>277.21484375</ele>
      </trkpt>
      <trkpt lat="-34.050150755792856" lon="18.330195285379887">
        <ele>274.4140625</ele>
      </trkpt>
      <trkpt lat="-34.050099961459637" lon="18.329929998144507">
        <ele>270.78515625</ele>
      </trkpt>
      <trkpt lat="-34.049829980358481" lon="18.329100022092462">
        <ele>266.1640625</ele>
      </trkpt>
      <trkpt lat="-34.049789998680353" lon="18.328780001029372">
        <ele>266.34375</ele>
      </trkpt>
      <trkpt lat="-34.049806594848633" lon="18.32864798605442">
        <ele>270.02734375</ele>
      </trkpt>
      <trkpt lat="-34.049847917631269" lon="18.328593419864774">
        <ele>272.046875</ele>
      </trkpt>
      <trkpt lat="-34.049920001998544" lon="18.328570034354925">
        <ele>273.5703125</ele>
      </trkpt>
      <trkpt lat="-34.050234155729413" lon="18.328733146190643">
        <ele>268.82421875</ele>
      </trkpt>
      <trkpt lat="-34.050619974732399" lon="18.329109996557236">
        <ele>258.6796875</ele>
      </trkpt>
      <trkpt lat="-34.050813596695662" lon="18.329223487526178">
        <ele>251.83984375</ele>
      </trkpt>
      <trkpt lat="-34.050930021330714" lon="18.329219967126846">
        <ele>251.4453125</ele>
      </trkpt>
      <trkpt lat="-34.051031023263931" lon="18.329175375401974">
        <ele>251.70703125</ele>
      </trkpt>
      <trkpt lat="-34.051290024071932" lon="18.328930037096143">
        <ele>259.09375</ele>
      </trkpt>
      <trkpt lat="-34.05137593857944" lon="18.328926432877779">
        <ele>258.953125</ele>
      </trkpt>
      <trkpt lat="-34.051399324089289" lon="18.32895920611918">
        <ele>257.33203125</ele>
      </trkpt>
      <trkpt lat="-34.051392115652561" lon="18.329005055129528">
        <ele>257.21875</ele>
      </trkpt>
      <trkpt lat="-34.05117996968329" lon="18.329230025410652">
        <ele>245.734375</ele>
      </trkpt>
      <trkpt lat="-34.051019959151745" lon="18.329349970445037">
        <ele>242.578125</ele>
      </trkpt>
      <trkpt lat="-34.050896242260933" lon="18.329391628503799">
        <ele>241.9296875</ele>
      </trkpt>
      <trkpt lat="-34.050640007480979" lon="18.329370003193617">
        <ele>244.03515625</ele>
      </trkpt>
      <trkpt lat="-34.050581837072968" lon="18.329385090619326">
        <ele>243.78125</ele>
      </trkpt>
      <trkpt lat="-34.050509668886662" lon="18.329483410343528">
        <ele>243.49609375</ele>
      </trkpt>
      <trkpt lat="-34.050499191507697" lon="18.329537976533175">
        <ele>243.26171875</ele>
      </trkpt>
      <trkpt lat="-34.05074997805059" lon="18.330009961500764">
        <ele>230.27734375</ele>
      </trkpt>
      <trkpt lat="-34.050839999690652" lon="18.330320008099079">
        <ele>226.32421875</ele>
      </trkpt>
      <trkpt lat="-34.050930021330714" lon="18.33090003579855">
        <ele>216.92578125</ele>
      </trkpt>
      <trkpt lat="-34.050939995795488" lon="18.331700004637241">
        <ele>208.0859375</ele>
      </trkpt>
      <trkpt lat="-34.050883334130049" lon="18.33250667899847">
        <ele>195.87890625</ele>
      </trkpt>
      <trkpt lat="-34.050826672464609" lon="18.333313353359699">
        <ele>187.703125</ele>
      </trkpt>
      <trkpt lat="-34.05077001079917" lon="18.334120027720928">
        <ele>175.69140625</ele>
      </trkpt>
      <trkpt lat="-34.050730029121041" lon="18.334269979968667">
        <ele>174.36328125</ele>
      </trkpt>
      <trkpt lat="-34.050579993054271" lon="18.334610033780336">
        <ele>172.22265625</ele>
      </trkpt>
      <trkpt lat="-34.050599774345756" lon="18.33475143648684">
        <ele>168.66796875</ele>
      </trkpt>
      <trkpt lat="-34.050679989159107" lon="18.334799967706203">
        <ele>165.765625</ele>
      </trkpt>
      <trkpt lat="-34.050795491784811" lon="18.334754118695855">
        <ele>164.2109375</ele>
      </trkpt>
      <trkpt lat="-34.051090031862259" lon="18.334260005503893">
        <ele>163.2265625</ele>
      </trkpt>
      <trkpt lat="-34.051204025745392" lon="18.33413134329021">
        <ele>161.6640625</ele>
      </trkpt>
      <trkpt lat="-34.051469983533025" lon="18.334179958328605">
        <ele>158.265625</ele>
      </trkpt>
      <trkpt lat="-34.051572578027844" lon="18.334359247237444">
        <ele>155.21875</ele>
      </trkpt>
      <trkpt lat="-34.051560005173087" lon="18.335059974342585">
        <ele>147.78125</ele>
      </trkpt>
      <trkpt lat="-34.051561178639531" lon="18.335232557728887">
        <ele>145.8671875</ele>
      </trkpt>
      <trkpt lat="-34.051959989592433" lon="18.335440009832382">
        <ele>140.24609375</ele>
      </trkpt>
      <trkpt lat="-34.05214061960578" lon="18.335610497742891">
        <ele>137.75</ele>
      </trkpt>
      <trkpt lat="-34.052013298496604" lon="18.336499985307455">
        <ele>126.03515625</ele>
      </trkpt>
      <trkpt lat="-34.051886647939682" lon="18.337259972468019">
        <ele>120.6484375</ele>
      </trkpt>
      <trkpt lat="-34.05175999738276" lon="18.338019959628582">
        <ele>113.62890625</ele>
      </trkpt>
      <trkpt lat="-34.051715824753046" lon="18.338179048150778">
        <ele>112.390625</ele>
      </trkpt>
      <trkpt lat="-34.051721272990108" lon="18.338266387581825">
        <ele>111.38671875</ele>
      </trkpt>
      <trkpt lat="-34.051762595772743" lon="18.338307878002524">
        <ele>110.45703125</ele>
      </trkpt>
      <trkpt lat="-34.052466843277216" lon="18.338200841099024">
        <ele>101.86328125</ele>
      </trkpt>
      <trkpt lat="-34.052850566804409" lon="18.338221712037921">
        <ele>97.0234375</ele>
      </trkpt>
      <trkpt lat="-34.053114596754313" lon="18.338239146396518">
        <ele>95.4609375</ele>
      </trkpt>
      <trkpt lat="-34.053155919536948" lon="18.338271919637918">
        <ele>95.375</ele>
      </trkpt>
      <trkpt lat="-34.052879316732287" lon="18.339268947020173">
        <ele>83.21484375</ele>
      </trkpt>
      <trkpt lat="-34.052532641217113" lon="18.340340154245496">
        <ele>71.92578125</ele>
      </trkpt>
      <trkpt lat="-34.052442787215114" lon="18.340521454811096">
        <ele>69.08984375</ele>
      </trkpt>
      <trkpt lat="-34.052403224632144" lon="18.340645926073194">
        <ele>66.33984375</ele>
      </trkpt>
      <trkpt lat="-34.05239962041378" lon="18.340755142271519">
        <ele>65.875</ele>
      </trkpt>
      <trkpt lat="-34.052424849942327" lon="18.340807612985373">
        <ele>64.89453125</ele>
      </trkpt>
      <trkpt lat="-34.052917873486876" lon="18.341423012316227">
        <ele>53.734375</ele>
      </trkpt>
      <trkpt lat="-34.052572203800082" lon="18.341605737805367">
        <ele>49.4296875</ele>
      </trkpt>
      <trkpt lat="-34.052120503038168" lon="18.342195991426706">
        <ele>48.83203125</ele>
      </trkpt>
      <trkpt lat="-34.051910117268562" lon="18.342669988051057">
        <ele>46.859375</ele>
      </trkpt>
      <trkpt lat="-34.051971891894937" lon="18.34290124475956">
        <ele>45.03125</ele>
      </trkpt>
      <trkpt lat="-34.052544627338648" lon="18.342885319143534">
        <ele>41.47265625</ele>
      </trkpt>
      <trkpt lat="-34.05265711247921" lon="18.343570120632648">
        <ele>31.83203125</ele>
      </trkpt>
      <trkpt lat="-34.052495090290904" lon="18.34386482834816">
        <ele>28.56640625</ele>
      </trkpt>
      <trkpt lat="-34.052386879920959" lon="18.344008913263679">
        <ele>26.98828125</ele>
      </trkpt>
      <trkpt lat="-34.052277496084571" lon="18.344155009835958">
        <ele>26.19921875</ele>
      </trkpt>
      <trkpt lat="-34.052221672609448" lon="18.344325581565499">
        <ele>25.6953125</ele>
      </trkpt>
      <trkpt lat="-34.052125196903944" lon="18.344392636790872">
        <ele>21.3828125</ele>
      </trkpt>
      <trkpt lat="-34.052005670964718" lon="18.34444485604763">
        <ele>19.26171875</ele>
      </trkpt>
      <trkpt lat="-34.051843397319317" lon="18.344433289021254">
        <ele>16.87890625</ele>
      </trkpt>
      <trkpt lat="-34.051678022369742" lon="18.344422811642289">
        <ele>12.984375</ele>
      </trkpt>
      <trkpt lat="-34.051664527505636" lon="18.344423649832606">
        <ele>10.42578125</ele>
      </trkpt>
      <trkpt lat="-34.05165153555572" lon="18.34447804838419">
        <ele>8</ele>
      </trkpt>
      <trkpt lat="-34.051648434251547" lon="18.344413172453642">
        <ele>8.59375</ele>
      </trkpt>
      <trkpt lat="-34.051650026813149" lon="18.344560023397207">
        <ele>5.8203125</ele>
      </trkpt>
      <trkpt lat="-34.051550449803472" lon="18.344620373100042">
        <ele>4.5859375</ele>
      </trkpt>
      <trkpt lat="-34.051047367975116" lon="18.344653146341443">
        <ele>3.0390625</ele>
      </trkpt>
      <trkpt lat="-34.050953909754753" lon="18.344749286770821">
        <ele>2.5390625</ele>
      </trkpt>
      <trkpt lat="-34.050851482897997" lon="18.344871578738093">
        <ele>1.63671875</ele>
      </trkpt>
      <trkpt lat="-34.0508047118783" lon="18.34494911134243">
        <ele>1.359375</ele>
      </trkpt>
      <trkpt lat="-34.050440015271306" lon="18.345180619508028">
        <ele>1.91796875</ele>
      </trkpt>
      <trkpt lat="-34.049715735018253" lon="18.345909174531698">
        <ele>4.48046875</ele>
      </trkpt>
      <trkpt lat="-34.048920040950179" lon="18.346590036526322">
        <ele>5.26171875</ele>
      </trkpt>
      <trkpt lat="-34.048110013827682" lon="18.347599972039461">
        <ele>3.39453125</ele>
      </trkpt>
      <trkpt lat="-34.04769997112453" lon="18.34837001748383">
        <ele>1.7421875</ele>
      </trkpt>
      <trkpt lat="-34.047462679445744" lon="18.348574116826057">
        <ele>0.88671875</ele>
      </trkpt>
      <trkpt lat="-34.047260340303183" lon="18.348459117114544">
        <ele>1.91015625</ele>
      </trkpt>
      <trkpt lat="-34.047065209597349" lon="18.348960857838392">
        <ele>0.8828125</ele>
      </trkpt>
      <trkpt lat="-34.046230036765337" lon="18.35077503696084">
        <ele>0.89453125</ele>
      </trkpt>
      <trkpt lat="-34.045740030705929" lon="18.353859996423125">
        <ele>0.66015625</ele>
      </trkpt>
      <trkpt lat="-34.046179996803403" lon="18.356840014457703">
        <ele>0</ele>
      </trkpt>
      <trkpt lat="-34.045710023492575" lon="18.357560019940138">
        <ele>4.015625</ele>
      </trkpt>
      <trkpt lat="-34.045410035178065" lon="18.357990011572838">
        <ele>5</ele>
      </trkpt>
      <trkpt lat="-34.045269973576069" lon="18.35982003249228">
        <ele>7</ele>
      </trkpt>
      <trkpt lat="-34.045317163690925" lon="18.360028238967061">
        <ele>6.6953125</ele>
      </trkpt>
      <trkpt lat="-34.046019986271858" lon="18.360859975218773">
        <ele>9.23828125</ele>
      </trkpt>
      <trkpt lat="-34.046483421698213" lon="18.36138753220439">
        <ele>9.703125</ele>
      </trkpt>
      <trkpt lat="-34.046569755300879" lon="18.361523319035769">
        <ele>9.08203125</ele>
      </trkpt>
      <trkpt lat="-34.046630188822746" lon="18.361743343994021">
        <ele>9.0546875</ele>
      </trkpt>
      <trkpt lat="-34.047331921756268" lon="18.361365739256144">
        <ele>9.2421875</ele>
      </trkpt>
      <trkpt lat="-34.047970036044717" lon="18.361170021817088">
        <ele>11.796875</ele>
      </trkpt>
      <trkpt lat="-34.047959977760911" lon="18.361170021817088">
        <ele>11.70703125</ele>
      </trkpt>
      <trkpt lat="-34.048270024359226" lon="18.36111000739038">
        <ele>10.26953125</ele>
      </trkpt>
      <trkpt lat="-34.048508405685425" lon="18.361116545274854">
        <ele>7.92578125</ele>
      </trkpt>
      <trkpt lat="-34.048686604946852" lon="18.361304048448801">
        <ele>7.265625</ele>
      </trkpt>
      <trkpt lat="-34.048670008778572" lon="18.361800005659461">
        <ele>19.6953125</ele>
      </trkpt>
      <trkpt lat="-34.048829097300768" lon="18.362248772755265">
        <ele>26.33984375</ele>
      </trkpt>
      <trkpt lat="-34.04916001483798" lon="18.362469971179962">
        <ele>26.8359375</ele>
      </trkpt>
      <trkpt lat="-34.049390014261007" lon="18.362559992820024">
        <ele>27.6953125</ele>
      </trkpt>
      <trkpt lat="-34.049686314538121" lon="18.362661330029368">
        <ele>29.42578125</ele>
      </trkpt>
      <trkpt lat="-34.050470776855946" lon="18.362729139626026">
        <ele>28.4921875</ele>
      </trkpt>
      <trkpt lat="-34.050819966942072" lon="18.362899962812662">
        <ele>32.36328125</ele>
      </trkpt>
      <trkpt lat="-34.051060024648905" lon="18.363180002197623">
        <ele>40.99609375</ele>
      </trkpt>
      <trkpt lat="-34.052410013973713" lon="18.363570012152195">
        <ele>46.3203125</ele>
      </trkpt>
      <trkpt lat="-34.052679995074868" lon="18.363679982721806">
        <ele>46.81640625</ele>
      </trkpt>
      <trkpt lat="-34.053260022774339" lon="18.364049959927797">
        <ele>51.3125</ele>
      </trkpt>
      <trkpt lat="-34.053729996085167" lon="18.364490009844303">
        <ele>59.140625</ele>
      </trkpt>
      <trkpt lat="-34.053910039365292" lon="18.36456997320056">
        <ele>60.58984375</ele>
      </trkpt>
      <trkpt lat="-34.054326787590981" lon="18.364623952656984">
        <ele>60.734375</ele>
      </trkpt>
      <trkpt lat="-34.054759964346886" lon="18.364880019798875">
        <ele>66.98046875</ele>
      </trkpt>
      <trkpt lat="-34.055086271837354" lon="18.364910446107388">
        <ele>67.69921875</ele>
      </trkpt>
      <trkpt lat="-34.055205965414643" lon="18.364883624017239">
        <ele>67.90625</ele>
      </trkpt>
      <trkpt lat="-34.055290035903454" lon="18.36501999758184">
        <ele>71.0859375</ele>
      </trkpt>
      <trkpt lat="-34.055281151086092" lon="18.365083616226912">
        <ele>72.09375</ele>
      </trkpt>
      <trkpt lat="-34.055469995364547" lon="18.364940034225583">
        <ele>71.0234375</ele>
      </trkpt>
      <trkpt lat="-34.055528836324811" lon="18.364972053095698">
        <ele>71.82421875</ele>
      </trkpt>
      <trkpt lat="-34.055539984256029" lon="18.365080012008548">
        <ele>73.203125</ele>
      </trkpt>
      <trkpt lat="-34.055520035326481" lon="18.365249997004867">
        <ele>75.09375</ele>
      </trkpt>
      <trkpt lat="-34.055620031431317" lon="18.365459963679314">
        <ele>76.94140625</ele>
      </trkpt>
      <trkpt lat="-34.055720027536154" lon="18.365849973633885">
        <ele>83.01953125</ele>
      </trkpt>
      <trkpt lat="-34.055590024217963" lon="18.365939995273948">
        <ele>85.91796875</ele>
      </trkpt>
      <trkpt lat="-34.055539984256029" lon="18.366250041872263">
        <ele>93.85546875</ele>
      </trkpt>
      <trkpt lat="-34.055469995364547" lon="18.366430001333356">
        <ele>98.91015625</ele>
      </trkpt>
      <trkpt lat="-34.054870018735528" lon="18.366539971902966">
        <ele>106.94921875</ele>
      </trkpt>
      <trkpt lat="-34.054220002144575" lon="18.366179969161749">
        <ele>109.359375</ele>
      </trkpt>
      <trkpt lat="-34.053460014984012" lon="18.365939995273948">
        <ele>114.8359375</ele>
      </trkpt>
      <trkpt lat="-34.053239990025759" lon="18.365819966420531">
        <ele>115.21484375</ele>
      </trkpt>
      <trkpt lat="-34.052789965644479" lon="18.365719970315695">
        <ele>121.98828125</ele>
      </trkpt>
      <trkpt lat="-34.052432728931308" lon="18.365447809919715">
        <ele>124.42578125</ele>
      </trkpt>
      <trkpt lat="-34.051959989592433" lon="18.365280004218221">
        <ele>134.12109375</ele>
      </trkpt>
      <trkpt lat="-34.052039701491594" lon="18.365473123267293">
        <ele>135.6953125</ele>
      </trkpt>
      <trkpt lat="-34.052270036190748" lon="18.365730028599501">
        <ele>137.375</ele>
      </trkpt>
      <trkpt lat="-34.052410013973713" lon="18.365960028022528">
        <ele>140.99609375</ele>
      </trkpt>
      <trkpt lat="-34.052679995074868" lon="18.366239983588457">
        <ele>144.6015625</ele>
      </trkpt>
      <trkpt lat="-34.053030023351312" lon="18.366729989647865">
        <ele>152.01953125</ele>
      </trkpt>
      <trkpt lat="-34.053639974445105" lon="18.367429962381721">
        <ele>158.93359375</ele>
      </trkpt>
      <trkpt lat="-34.054129980504513" lon="18.367960033938289">
        <ele>166.71875</ele>
      </trkpt>
      <trkpt lat="-34.054289991036057" lon="18.368130018934608">
        <ele>170.29296875</ele>
      </trkpt>
      <trkpt lat="-34.054710008203983" lon="18.368469988927245">
        <ele>176.12109375</ele>
      </trkpt>
      <trkpt lat="-34.05494000762701" lon="18.368690013885498">
        <ele>179.58203125</ele>
      </trkpt>
      <trkpt lat="-34.055230021476746" lon="18.3691699616611">
        <ele>187.046875</ele>
      </trkpt>
      <trkpt lat="-34.055449962615967" lon="18.369429968297482">
        <ele>192.09375</ele>
      </trkpt>
      <trkpt lat="-34.055939968675375" lon="18.369659967720509">
        <ele>196.078125</ele>
      </trkpt>
      <trkpt lat="-34.056379850953817" lon="18.37002013809979">
        <ele>195.453125</ele>
      </trkpt>
      <trkpt lat="-34.05657003633678" lon="18.370620030909777">
        <ele>202.95703125</ele>
      </trkpt>
      <trkpt lat="-34.056640025228262" lon="18.370899986475706">
        <ele>205.15625</ele>
      </trkpt>
      <trkpt lat="-34.05657003633678" lon="18.371759969741106">
        <ele>220.4765625</ele>
      </trkpt>
      <trkpt lat="-34.056640025228262" lon="18.37208996526897">
        <ele>219.7421875</ele>
      </trkpt>
      <trkpt lat="-34.056629966944456" lon="18.372249975800514">
        <ele>223.796875</ele>
      </trkpt>
      <trkpt lat="-34.056949988007545" lon="18.372639985755086">
        <ele>215.8984375</ele>
      </trkpt>
      <trkpt lat="-34.057290041819215" lon="18.373480020090938">
        <ele>226.01171875</ele>
      </trkpt>
      <trkpt lat="-34.057509982958436" lon="18.373570041731">
        <ele>221.30078125</ele>
      </trkpt>
      <trkpt lat="-34.057669993489981" lon="18.373889978975058">
        <ele>230.03125</ele>
      </trkpt>
      <trkpt lat="-34.05780971981585" lon="18.373910514637828">
        <ele>229.484375</ele>
      </trkpt>
      <trkpt lat="-34.057939974591136" lon="18.373719993978739">
        <ele>222.8671875</ele>
      </trkpt>
      <trkpt lat="-34.058127980679274" lon="18.373540872707963">
        <ele>220.328125</ele>
      </trkpt>
      <trkpt lat="-34.058589991182089" lon="18.373429980129004">
        <ele>222.78515625</ele>
      </trkpt>
      <trkpt lat="-34.058831054717302" lon="18.373827617615461">
        <ele>228.8046875</ele>
      </trkpt>
      <trkpt lat="-34.058919986709952" lon="18.374170018360019">
        <ele>227.65625</ele>
      </trkpt>
      <trkpt lat="-34.058810016140342" lon="18.37440999224782">
        <ele>234.375</ele>
      </trkpt>
      <trkpt lat="-34.058719994500279" lon="18.374679973348975">
        <ele>241.10546875</ele>
      </trkpt>
      <trkpt lat="-34.05884999781847" lon="18.375250026583672">
        <ele>235.43359375</ele>
      </trkpt>
      <trkpt lat="-34.058699961751699" lon="18.375359997153282">
        <ele>246.390625</ele>
      </trkpt>
      <trkpt lat="-34.058410031720996" lon="18.37587003596127">
        <ele>259.2421875</ele>
      </trkpt>
      <trkpt lat="-34.058229988440871" lon="18.376000039279461">
        <ele>267.12890625</ele>
      </trkpt>
      <trkpt lat="-34.058159999549389" lon="18.37617002427578">
        <ele>270.80078125</ele>
      </trkpt>
      <trkpt lat="-34.058029996231198" lon="18.376330034807324">
        <ele>279.10546875</ele>
      </trkpt>
      <trkpt lat="-34.057850036770105" lon="18.376760026440024">
        <ele>299.796875</ele>
      </trkpt>
      <trkpt lat="-34.057869985699654" lon="18.377069989219308">
        <ele>311.3828125</ele>
      </trkpt>
      <trkpt lat="-34.057856407016516" lon="18.377276435494423">
        <ele>319.16796875</ele>
      </trkpt>
      <trkpt lat="-34.057850707322359" lon="18.377342065796256">
        <ele>321.6875</ele>
      </trkpt>
      <trkpt lat="-34.057709388434887" lon="18.377309711650014">
        <ele>325.05859375</ele>
      </trkpt>
      <trkpt lat="-34.057737551629543" lon="18.377431500703096">
        <ele>327.796875</ele>
      </trkpt>
      <trkpt lat="-34.057709975168109" lon="18.377548009157181">
        <ele>333.015625</ele>
      </trkpt>
      <trkpt lat="-34.057696061208844" lon="18.377748001366854">
        <ele>341.42578125</ele>
      </trkpt>
      <trkpt lat="-34.057825058698654" lon="18.377751018851995">
        <ele>340.671875</ele>
      </trkpt>
      <trkpt lat="-34.058048687875271" lon="18.3776471670717">
        <ele>341.3984375</ele>
      </trkpt>
      <trkpt lat="-34.058048520237207" lon="18.377762837335467">
        <ele>348.25390625</ele>
      </trkpt>
      <trkpt lat="-34.057967802509665" lon="18.377881441265345">
        <ele>352.36328125</ele>
      </trkpt>
      <trkpt lat="-34.058163184672594" lon="18.377840789034963">
        <ele>357.83203125</ele>
      </trkpt>
      <trkpt lat="-34.058418665081263" lon="18.37757240049541">
        <ele>352.81640625</ele>
      </trkpt>
      <trkpt lat="-34.058855194598436" lon="18.377529652789235">
        <ele>358.015625</ele>
      </trkpt>
      <trkpt lat="-34.058661656454206" lon="18.377722185105085">
        <ele>369.7734375</ele>
      </trkpt>
      <trkpt lat="-34.058947646990418" lon="18.377762837335467">
        <ele>371.0390625</ele>
      </trkpt>
      <trkpt lat="-34.058633074164391" lon="18.377998787909746">
        <ele>385.2734375</ele>
      </trkpt>
      <trkpt lat="-34.058511033654213" lon="18.378099706023932">
        <ele>389.15234375</ele>
      </trkpt>
      <trkpt lat="-34.058945886790752" lon="18.378183525055647">
        <ele>396.16796875</ele>
      </trkpt>
      <trkpt lat="-34.058747654780746" lon="18.378281509503722">
        <ele>404.83984375</ele>
      </trkpt>
      <trkpt lat="-34.058675821870565" lon="18.378337416797876">
        <ele>409.328125</ele>
      </trkpt>
      <trkpt lat="-34.058549338951707" lon="18.378481920808554">
        <ele>419.55078125</ele>
      </trkpt>
      <trkpt lat="-34.058676660060883" lon="18.378535816445947">
        <ele>423.87109375</ele>
      </trkpt>
      <trkpt lat="-34.058566018939018" lon="18.378645787015557">
        <ele>432.38671875</ele>
      </trkpt>
      <trkpt lat="-34.058919986709952" lon="18.378719966858625">
        <ele>432.3125</ele>
      </trkpt>
      <trkpt lat="-34.059349978342652" lon="18.379169991239905">
        <ele>450.72265625</ele>
      </trkpt>
      <trkpt lat="-34.059570003300905" lon="18.379149958491325">
        <ele>446.91015625</ele>
      </trkpt>
      <trkpt lat="-34.059639992192388" lon="18.379049962386489">
        <ele>441.54296875</ele>
      </trkpt>
      <trkpt lat="-34.060122035443783" lon="18.379057087004185">
        <ele>442.13671875</ele>
      </trkpt>
      <trkpt lat="-34.060469968244433" lon="18.379380041733384">
        <ele>449.4453125</ele>
      </trkpt>
      <trkpt lat="-34.060710025951266" lon="18.379499986767769">
        <ele>453.59375</ele>
      </trkpt>
      <trkpt lat="-34.060910018160939" lon="18.379450030624866">
        <ele>459.53515625</ele>
      </trkpt>
      <trkpt lat="-34.060980007052422" lon="18.379469979554415">
        <ele>468.12109375</ele>
      </trkpt>
      <trkpt lat="-34.061049995943904" lon="18.379409965127707">
        <ele>473.8125</ele>
      </trkpt>
      <trkpt lat="-34.061140017583966" lon="18.379409965127707">
        <ele>484.1875</ele>
      </trkpt>
      <trkpt lat="-34.061202043667436" lon="18.379321787506342">
        <ele>488.07421875</ele>
      </trkpt>
      <trkpt lat="-34.061200032010674" lon="18.379499986767769">
        <ele>494.80078125</ele>
      </trkpt>
      <trkpt lat="-34.061182430014014" lon="18.379572574049234">
        <ele>495.51953125</ele>
      </trkpt>
      <trkpt lat="-34.061230039224029" lon="18.379580033943057">
        <ele>501.94921875</ele>
      </trkpt>
      <trkpt lat="-34.061167677864432" lon="18.379643652588129">
        <ele>496.71875</ele>
      </trkpt>
      <trkpt lat="-34.061122331768274" lon="18.379781451076269">
        <ele>498.71484375</ele>
      </trkpt>
      <trkpt lat="-34.060910018160939" lon="18.37975999340415">
        <ele>475.42578125</ele>
      </trkpt>
      <trkpt lat="-34.060759982094169" lon="18.380050007253885">
        <ele>491.09375</ele>
      </trkpt>
      <trkpt lat="-34.060669960454106" lon="18.380229966714978">
        <ele>503.1328125</ele>
      </trkpt>
      <trkpt lat="-34.060889985412359" lon="18.380119996145368">
        <ele>501.58203125</ele>
      </trkpt>
      <trkpt lat="-34.060729974880815" lon="18.380380002781749">
        <ele>518.9296875</ele>
      </trkpt>
      <trkpt lat="-34.060780014842749" lon="18.380419984459877">
        <ele>523.375</ele>
      </trkpt>
      <trkpt lat="-34.060925440862775" lon="18.38035267777741">
        <ele>521.03515625</ele>
      </trkpt>
      <trkpt lat="-34.061049995943904" lon="18.380170036107302">
        <ele>516.45703125</ele>
      </trkpt>
      <trkpt lat="-34.061270020902157" lon="18.38021001778543">
        <ele>537</ele>
      </trkpt>
      <trkpt lat="-34.061430031433702" lon="18.38018998503685">
        <ele>552.0859375</ele>
      </trkpt>
      <trkpt lat="-34.061371441930532" lon="18.380447309464216">
        <ele>558</ele>
      </trkpt>
      <trkpt lat="-34.061140017583966" lon="18.380400035530329">
        <ele>537.11328125</ele>
      </trkpt>
      <trkpt lat="-34.060966009274125" lon="18.380469940602779">
        <ele>532.01171875</ele>
      </trkpt>
      <trkpt lat="-34.061230039224029" lon="18.380549987778068">
        <ele>552.3515625</ele>
      </trkpt>
      <trkpt lat="-34.061249988153577" lon="18.380589969456196">
        <ele>556.3359375</ele>
      </trkpt>
      <trkpt lat="-34.061359958723187" lon="18.380709998309612">
        <ele>571.04296875</ele>
      </trkpt>
      <trkpt lat="-34.061200032010674" lon="18.380760038271546">
        <ele>563.83984375</ele>
      </trkpt>
      <trkpt lat="-34.061230039224029" lon="18.380830027163029">
        <ele>571.55078125</ele>
      </trkpt>
      <trkpt lat="-34.061319977045059" lon="18.380930023267865">
        <ele>584.1640625</ele>
      </trkpt>
      <trkpt lat="-34.061359958723187" lon="18.381030019372702">
        <ele>593.1875</ele>
      </trkpt>
      <trkpt lat="-34.061560034751892" lon="18.38109003379941">
        <ele>608.35546875</ele>
      </trkpt>
      <trkpt lat="-34.061519969254732" lon="18.381230011582375">
        <ele>613.375</ele>
      </trkpt>
      <trkpt lat="-34.061340009793639" lon="18.38117997162044">
        <ele>603.09375</ele>
      </trkpt>
      <trkpt lat="-34.061230039224029" lon="18.381249960511923">
        <ele>605.671875</ele>
      </trkpt>
      <trkpt lat="-34.061049995943904" lon="18.381309974938631">
        <ele>609.0078125</ele>
      </trkpt>
      <trkpt lat="-34.060889985412359" lon="18.381420029327273">
        <ele>614.34765625</ele>
      </trkpt>
      <trkpt lat="-34.060850003734231" lon="18.38152002543211">
        <ele>619.67578125</ele>
      </trkpt>
      <trkpt lat="-34.060780014842749" lon="18.3816500287503">
        <ele>624.14453125</ele>
      </trkpt>
      <trkpt lat="-34.060970032587647" lon="18.382259979844093">
        <ele>630.35546875</ele>
      </trkpt>
      <trkpt lat="-34.061500020325184" lon="18.383139995858073">
        <ele>632.8203125</ele>
      </trkpt>
      <trkpt lat="-34.061790034174919" lon="18.383999979123473">
        <ele>626.421875</ele>
      </trkpt>
      <trkpt lat="-34.062079964205623" lon="18.384359981864691">
        <ele>629.12109375</ele>
      </trkpt>
      <trkpt lat="-34.062950005754828" lon="18.385140001773834">
        <ele>630.58203125</ele>
      </trkpt>
      <trkpt lat="-34.064000006765127" lon="18.385999985039234">
        <ele>631.8359375</ele>
      </trkpt>
      <trkpt lat="-34.064339976757765" lon="18.386819986626506">
        <ele>622.5390625</ele>
      </trkpt>
      <trkpt lat="-34.064610041677952" lon="18.387219971045852">
        <ele>620.34375</ele>
      </trkpt>
      <trkpt lat="-34.064790001139045" lon="18.387339999899268">
        <ele>619.6953125</ele>
      </trkpt>
      <trkpt lat="-34.065170036628842" lon="18.388210041448474">
        <ele>612.4453125</ele>
      </trkpt>
      <trkpt lat="-34.065479999408126" lon="18.388714967295527">
        <ele>608.5234375</ele>
      </trkpt>
      <trkpt lat="-34.065789962187409" lon="18.389219976961613">
        <ele>602.8125</ele>
      </trkpt>
      <trkpt lat="-34.0663050301373" lon="18.389915004372597">
        <ele>594.546875</ele>
      </trkpt>
      <trkpt lat="-34.06682001426816" lon="18.390610031783581">
        <ele>589.0625</ele>
      </trkpt>
      <trkpt lat="-34.067140035331249" lon="18.390950001776218">
        <ele>585.51953125</ele>
      </trkpt>
      <trkpt lat="-34.067429965361953" lon="18.39161996729672">
        <ele>581.4375</ele>
      </trkpt>
      <trkpt lat="-34.067540019750595" lon="18.392480034381151">
        <ele>575.34765625</ele>
      </trkpt>
      <trkpt lat="-34.067649990320206" lon="18.39265001937747">
        <ele>571.19921875</ele>
      </trkpt>
      <trkpt lat="-34.068009993061423" lon="18.39308001101017">
        <ele>562.88671875</ele>
      </trkpt>
      <trkpt lat="-34.068170003592968" lon="18.393419981002808">
        <ele>557.76171875</ele>
      </trkpt>
      <trkpt lat="-34.068118538707495" lon="18.393823569640517">
        <ele>554.453125</ele>
      </trkpt>
      <trkpt lat="-34.068349963054061" lon="18.393900012597442">
        <ele>549.13671875</ele>
      </trkpt>
      <trkpt lat="-34.068520031869411" lon="18.393440013751388">
        <ele>549.62890625</ele>
      </trkpt>
      <trkpt lat="-34.068604437634349" lon="18.39332920499146">
        <ele>549.73046875</ele>
      </trkpt>
      <trkpt lat="-34.06896997243166" lon="18.393389973789454">
        <ele>542.93359375</ele>
      </trkpt>
      <trkpt lat="-34.068820020183921" lon="18.394079972058535">
        <ele>532.09375</ele>
      </trkpt>
      <trkpt lat="-34.068769980221987" lon="18.394529996439815">
        <ele>532.31640625</ele>
      </trkpt>
      <trkpt lat="-34.068873999640346" lon="18.394519267603755">
        <ele>527.3046875</ele>
      </trkpt>
      <trkpt lat="-34.069020012393594" lon="18.394220033660531">
        <ele>522.7265625</ele>
      </trkpt>
      <trkpt lat="-34.06909997574985" lon="18.393930019810796">
        <ele>525.13671875</ele>
      </trkpt>
      <trkpt lat="-34.069215059280396" lon="18.393877716735005">
        <ele>522.69140625</ele>
      </trkpt>
      <trkpt lat="-34.069110034033656" lon="18.394480040296912">
        <ele>516.9765625</ele>
      </trkpt>
      <trkpt lat="-34.069199971854687" lon="18.39492998085916">
        <ele>512.23828125</ele>
      </trkpt>
      <trkpt lat="-34.069216568022966" lon="18.395111868157983">
        <ele>512.1640625</ele>
      </trkpt>
      <trkpt lat="-34.069670028984547" lon="18.395760040730238">
        <ele>497.7421875</ele>
      </trkpt>
      <trkpt lat="-34.069830039516091" lon="18.396139992401004">
        <ele>494.14453125</ele>
      </trkpt>
      <trkpt lat="-34.070160035043955" lon="18.396769976243377">
        <ele>490.4140625</ele>
      </trkpt>
      <trkpt lat="-34.071039967238903" lon="18.397949980571866">
        <ele>487.54296875</ele>
      </trkpt>
      <trkpt lat="-34.071880001574755" lon="18.399629965424538">
        <ele>484.53125</ele>
      </trkpt>
      <trkpt lat="-34.073250023648143" lon="18.402189966291189">
        <ele>485.49609375</ele>
      </trkpt>
      <trkpt lat="-34.073580019176006" lon="18.402730012312531">
        <ele>481.56640625</ele>
      </trkpt>
      <trkpt lat="-34.073810018599033" lon="18.402990018948913">
        <ele>478.1796875</ele>
      </trkpt>
      <trkpt lat="-34.074079999700189" lon="18.403339963406324">
        <ele>474.6796875</ele>
      </trkpt>
      <trkpt lat="-34.074639994651079" lon="18.404279993847013">
        <ele>469.40625</ele>
      </trkpt>
      <trkpt lat="-34.074969990178943" lon="18.404890028759837">
        <ele>462.21484375</ele>
      </trkpt>
      <trkpt lat="-34.07532999292016" lon="18.405850008130074">
        <ele>458.48046875</ele>
      </trkpt>
      <trkpt lat="-34.076089980080724" lon="18.406739998608828">
        <ele>451.05859375</ele>
      </trkpt>
      <trkpt lat="-34.07633070833981" lon="18.406917192041874">
        <ele>448.39453125</ele>
      </trkpt>
      <trkpt lat="-34.076430033892393" lon="18.406549980863929">
        <ele>447.20703125</ele>
      </trkpt>
      <trkpt lat="-34.076661877334118" lon="18.406039690598845">
        <ele>446.2734375</ele>
      </trkpt>
      <trkpt lat="-34.07709002494812" lon="18.405710030347109">
        <ele>443.38671875</ele>
      </trkpt>
      <trkpt lat="-34.077989989891648" lon="18.407139983028173">
        <ele>436.93359375</ele>
      </trkpt>
      <trkpt lat="-34.078285032883286" lon="18.407599981874228">
        <ele>432.5390625</ele>
      </trkpt>
      <trkpt lat="-34.078579992055893" lon="18.408059980720282">
        <ele>428.08203125</ele>
      </trkpt>
      <trkpt lat="-34.078839998692274" lon="18.408510005101562">
        <ele>423.82421875</ele>
      </trkpt>
      <trkpt lat="-34.079069998115301" lon="18.408990036696196">
        <ele>417.5625</ele>
      </trkpt>
      <trkpt lat="-34.079299997538328" lon="18.409469984471798">
        <ele>411.59375</ele>
      </trkpt>
      <trkpt lat="-34.079850018024445" lon="18.41001003049314">
        <ele>404.73046875</ele>
      </trkpt>
      <trkpt lat="-34.080325020477176" lon="18.410574970766902">
        <ele>397.23828125</ele>
      </trkpt>
      <trkpt lat="-34.080800022929907" lon="18.411139994859695">
        <ele>390.59375</ele>
      </trkpt>
      <trkpt lat="-34.08113001845777" lon="18.411530004814267">
        <ele>386.55078125</ele>
      </trkpt>
      <trkpt lat="-34.0814099740237" lon="18.411990003660321">
        <ele>383.41015625</ele>
      </trkpt>
      <trkpt lat="-34.081639973446727" lon="18.412489984184504">
        <ele>379.625</ele>
      </trkpt>
      <trkpt lat="-34.081869972869754" lon="18.412989964708686">
        <ele>373.71875</ele>
      </trkpt>
      <trkpt lat="-34.082265011966228" lon="18.413645010441542">
        <ele>365.1953125</ele>
      </trkpt>
      <trkpt lat="-34.082659967243671" lon="18.414299972355366">
        <ele>357.25390625</ele>
      </trkpt>
      <trkpt lat="-34.083145027980208" lon="18.415119973942637">
        <ele>349.16015625</ele>
      </trkpt>
      <trkpt lat="-34.083630004897714" lon="18.415939975529909">
        <ele>342.74609375</ele>
      </trkpt>
      <trkpt lat="-34.084066031500697" lon="18.416652018204331">
        <ele>336.05859375</ele>
      </trkpt>
      <trkpt lat="-34.084501974284649" lon="18.417363977059722">
        <ele>330.08984375</ele>
      </trkpt>
      <trkpt lat="-34.085374027490616" lon="18.418787978589535">
        <ele>323.890625</ele>
      </trkpt>
      <trkpt lat="-34.086029995232821" lon="18.419779976829886">
        <ele>319.44140625</ele>
      </trkpt>
      <trkpt lat="-34.086919985711575" lon="18.420409960672259">
        <ele>314.51953125</ele>
      </trkpt>
      <trkpt lat="-34.087219974026084" lon="18.419790035113692">
        <ele>310.125</ele>
      </trkpt>
      <trkpt lat="-34.087519962340593" lon="18.419170025736094">
        <ele>307.16015625</ele>
      </trkpt>
      <trkpt lat="-34.087779968976974" lon="18.418469969183207">
        <ele>306.55078125</ele>
      </trkpt>
      <trkpt lat="-34.088180959224701" lon="18.418119437992573">
        <ele>305.80859375</ele>
      </trkpt>
      <trkpt lat="-34.088669959455729" lon="18.418060010299087">
        <ele>304.1875</ele>
      </trkpt>
      <trkpt lat="-34.089430030435324" lon="18.418260002508759">
        <ele>297.421875</ele>
      </trkpt>
      <trkpt lat="-34.08993998542428" lon="18.418980007991195">
        <ele>292.32421875</ele>
      </trkpt>
      <trkpt lat="-34.090118939056993" lon="18.419482754543424">
        <ele>290.9296875</ele>
      </trkpt>
      <trkpt lat="-34.09019161015749" lon="18.419701019302011">
        <ele>290.60546875</ele>
      </trkpt>
      <trkpt lat="-34.09023997373879" lon="18.419879972934723">
        <ele>290.08203125</ele>
      </trkpt>
      <trkpt lat="-34.090789994224906" lon="18.420009976252913">
        <ele>286.41015625</ele>
      </trkpt>
      <trkpt lat="-34.090529987588525" lon="18.421129966154695">
        <ele>290.421875</ele>
      </trkpt>
      <trkpt lat="-34.090505931526423" lon="18.421626761555672">
        <ele>293.0703125</ele>
      </trkpt>
      <trkpt lat="-34.090550020337105" lon="18.421749975532293">
        <ele>293.1953125</ele>
      </trkpt>
      <trkpt lat="-34.091161144897342" lon="18.422779943794012">
        <ele>294.91796875</ele>
      </trkpt>
      <trkpt lat="-34.091938901692629" lon="18.42333298176527">
        <ele>293.921875</ele>
      </trkpt>
      <trkpt lat="-34.092769967392087" lon="18.423389978706837">
        <ele>291.41796875</ele>
      </trkpt>
      <trkpt lat="-34.093479998409748" lon="18.423559963703156">
        <ele>287.8203125</ele>
      </trkpt>
      <trkpt lat="-34.094039993360639" lon="18.423779988661408">
        <ele>285.75</ele>
      </trkpt>
      <trkpt lat="-34.094479959458113" lon="18.424009988084435">
        <ele>282.80859375</ele>
      </trkpt>
      <trkpt lat="-34.095619982108474" lon="18.42476662248373">
        <ele>278.20703125</ele>
      </trkpt>
      <trkpt lat="-34.096139995381236" lon="18.425163337960839">
        <ele>273.54296875</ele>
      </trkpt>
      <trkpt lat="-34.097169963642955" lon="18.425789969041944">
        <ele>266.16015625</ele>
      </trkpt>
      <trkpt lat="-34.097840012982488" lon="18.426439985632896">
        <ele>264.96875</ele>
      </trkpt>
      <trkpt lat="-34.098600000143051" lon="18.427450004965067">
        <ele>276.52734375</ele>
      </trkpt>
      <trkpt lat="-34.098990010097623" lon="18.42807998880744">
        <ele>276.2734375</ele>
      </trkpt>
      <trkpt lat="-34.09935001283884" lon="18.430010005831718">
        <ele>284.109375</ele>
      </trkpt>
      <trkpt lat="-34.099489990621805" lon="18.430240005254745">
        <ele>283.50390625</ele>
      </trkpt>
      <trkpt lat="-34.099680008366704" lon="18.430969985201955">
        <ele>285.6171875</ele>
      </trkpt>
      <trkpt lat="-34.099659975618124" lon="18.431770037859678">
        <ele>292.3984375</ele>
      </trkpt>
      <trkpt lat="-34.099619993939996" lon="18.432210003957152">
        <ele>296.4453125</ele>
      </trkpt>
      <trkpt lat="-34.100109999999404" lon="18.433399982750416">
        <ele>301.22265625</ele>
      </trkpt>
      <trkpt lat="-34.100300017744303" lon="18.433650014922023">
        <ele>302.03515625</ele>
      </trkpt>
      <trkpt lat="-34.100904855877161" lon="18.434150498360395">
        <ele>301.67578125</ele>
      </trkpt>
      <trkpt lat="-34.101655036211014" lon="18.435490010306239">
        <ele>306.453125</ele>
      </trkpt>
      <trkpt lat="-34.101919988170266" lon="18.435970041900873">
        <ele>309.46484375</ele>
      </trkpt>
      <trkpt lat="-34.102460034191608" lon="18.436530036851764">
        <ele>313.3046875</ele>
      </trkpt>
      <trkpt lat="-34.102820036932826" lon="18.437390020117164">
        <ele>318.18359375</ele>
      </trkpt>
      <trkpt lat="-34.103090018033981" lon="18.438685024157166">
        <ele>327.08203125</ele>
      </trkpt>
      <trkpt lat="-34.103269977495074" lon="18.439590018242598">
        <ele>333.7890625</ele>
      </trkpt>
      <trkpt lat="-34.103450020775199" lon="18.440269958227873">
        <ele>338.6484375</ele>
      </trkpt>
      <trkpt lat="-34.10358002409339" lon="18.44097001478076">
        <ele>347.7265625</ele>
      </trkpt>
      <trkpt lat="-34.103729976341128" lon="18.442050023004413">
        <ele>356.328125</ele>
      </trkpt>
      <trkpt lat="-34.103855034336448" lon="18.442610017955303">
        <ele>360.1796875</ele>
      </trkpt>
      <trkpt lat="-34.103980008512735" lon="18.443170012906194">
        <ele>364.3984375</ele>
      </trkpt>
      <trkpt lat="-34.104000041261315" lon="18.443745011463761">
        <ele>367.76171875</ele>
      </trkpt>
      <trkpt lat="-34.104019990190864" lon="18.444320010021329">
        <ele>372.5625</ele>
      </trkpt>
      <trkpt lat="-34.103919994086027" lon="18.444800041615963">
        <ele>373.92578125</ele>
      </trkpt>
      <trkpt lat="-34.103919994086027" lon="18.444800041615963">
        <ele>373.92578125</ele>
      </trkpt>
      <trkpt lat="-34.104270022362471" lon="18.44503004103899">
        <ele>378.921875</ele>
      </trkpt>
      <trkpt lat="-34.104589959606528" lon="18.445289963856339">
        <ele>386.65625</ele>
      </trkpt>
      <trkpt lat="-34.104860024526715" lon="18.44584995880723">
        <ele>393.2109375</ele>
      </trkpt>
      <trkpt lat="-34.105260008946061" lon="18.446459993720055">
        <ele>401.78125</ele>
      </trkpt>
      <trkpt lat="-34.105889992788434" lon="18.447140017524362">
        <ele>407.5234375</ele>
      </trkpt>
      <trkpt lat="-34.106470020487905" lon="18.447709986940026">
        <ele>412.19921875</ele>
      </trkpt>
      <trkpt lat="-34.107230007648468" lon="18.448220025748014">
        <ele>407.109375</ele>
      </trkpt>
      <trkpt lat="-34.107769969850779" lon="18.448759987950325">
        <ele>401.4296875</ele>
      </trkpt>
      <trkpt lat="-34.107989994809031" lon="18.448980012908578">
        <ele>398.109375</ele>
      </trkpt>
      <trkpt lat="-34.108189987018704" lon="18.449019994586706">
        <ele>394.5078125</ele>
      </trkpt>
      <trkpt lat="-34.10845996811986" lon="18.448910024017096">
        <ele>389.9140625</ele>
      </trkpt>
      <trkpt lat="-34.10903999581933" lon="18.449430037289858">
        <ele>383.12890625</ele>
      </trkpt>
      <trkpt lat="-34.109609965234995" lon="18.44980001449585">
        <ele>376.01171875</ele>
      </trkpt>
      <trkpt lat="-34.110050015151501" lon="18.450060021132231">
        <ele>372.00390625</ele>
      </trkpt>
      <trkpt lat="-34.110540021210909" lon="18.45068003050983">
        <ele>364.5546875</ele>
      </trkpt>
      <trkpt lat="-34.110859958454967" lon="18.450869964435697">
        <ele>359.44140625</ele>
      </trkpt>
      <trkpt lat="-34.111339990049601" lon="18.451259974390268">
        <ele>350.41015625</ele>
      </trkpt>
      <trkpt lat="-34.111880036070943" lon="18.451380003243685">
        <ele>341.96875</ele>
      </trkpt>
      <trkpt lat="-34.112269962206483" lon="18.451419984921813">
        <ele>337.84375</ele>
      </trkpt>
      <trkpt lat="-34.112870022654533" lon="18.451849976554513">
        <ele>334.625</ele>
      </trkpt>
      <trkpt lat="-34.113309988752007" lon="18.452230012044311">
        <ele>330.4921875</ele>
      </trkpt>
      <trkpt lat="-34.113779962062836" lon="18.452379964292049">
        <ele>328.0234375</ele>
      </trkpt>
      <trkpt lat="-34.114440036937594" lon="18.452460011467338">
        <ele>321.5703125</ele>
      </trkpt>
      <trkpt lat="-34.115179991349578" lon="18.452049968764186">
        <ele>314.83984375</ele>
      </trkpt>
      <trkpt lat="-34.115470005199313" lon="18.451840002089739">
        <ele>309.48046875</ele>
      </trkpt>
      <trkpt lat="-34.115649964660406" lon="18.451709998771548">
        <ele>306.2265625</ele>
      </trkpt>
      <trkpt lat="-34.116030000150204" lon="18.451070040464401">
        <ele>302.94140625</ele>
      </trkpt>
      <trkpt lat="-34.116320013999939" lon="18.450750019401312">
        <ele>298.5703125</ele>
      </trkpt>
      <trkpt lat="-34.116469966247678" lon="18.450450031086802">
        <ele>299.6875</ele>
      </trkpt>
      <trkpt lat="-34.116785209625959" lon="18.449622569605708">
        <ele>298.20703125</ele>
      </trkpt>
      <trkpt lat="-34.116970030590892" lon="18.449359964579344">
        <ele>293.47265625</ele>
      </trkpt>
      <trkpt lat="-34.117119982838631" lon="18.449159972369671">
        <ele>289.95703125</ele>
      </trkpt>
      <trkpt lat="-34.117279993370175" lon="18.448710031807423">
        <ele>285.80078125</ele>
      </trkpt>
      <trkpt lat="-34.117522649466991" lon="18.448119862005115">
        <ele>279.80078125</ele>
      </trkpt>
      <trkpt lat="-34.117730017751455" lon="18.447809983044863">
        <ele>272.78515625</ele>
      </trkpt>
      <trkpt lat="-34.118039980530739" lon="18.447389965876937">
        <ele>265.73046875</ele>
      </trkpt>
      <trkpt lat="-34.118179958313704" lon="18.446970032528043">
        <ele>266.76953125</ele>
      </trkpt>
      <trkpt lat="-34.118850007653236" lon="18.44675000756979">
        <ele>263.62890625</ele>
      </trkpt>
      <trkpt lat="-34.11920003592968" lon="18.446550015360117">
        <ele>258.28125</ele>
      </trkpt>
      <trkpt lat="-34.119319980964065" lon="18.446710025891662">
        <ele>253.32421875</ele>
      </trkpt>
      <trkpt lat="-34.119410002604127" lon="18.447140017524362">
        <ele>248.015625</ele>
      </trkpt>
      <trkpt lat="-34.119455264881253" lon="18.447277816012502">
        <ele>245.0234375</ele>
      </trkpt>
      <trkpt lat="-34.119519973173738" lon="18.447279995307326">
        <ele>242.76171875</ele>
      </trkpt>
      <trkpt lat="-34.119585016742349" lon="18.447079248726368">
        <ele>242.265625</ele>
      </trkpt>
      <trkpt lat="-34.119606893509626" lon="18.446565102785826">
        <ele>242.75390625</ele>
      </trkpt>
      <trkpt lat="-34.119621310383081" lon="18.446235610172153">
        <ele>241.80078125</ele>
      </trkpt>
      <trkpt lat="-34.119631536304951" lon="18.445669077336788">
        <ele>242.93359375</ele>
      </trkpt>
      <trkpt lat="-34.119705380871892" lon="18.44563152641058">
        <ele>240.4140625</ele>
      </trkpt>
      <trkpt lat="-34.119790038093925" lon="18.445690032094717">
        <ele>237.46484375</ele>
      </trkpt>
      <trkpt lat="-34.119879975914955" lon="18.446120023727417">
        <ele>232.83203125</ele>
      </trkpt>
      <trkpt lat="-34.120030011981726" lon="18.446369972079992">
        <ele>227.85546875</ele>
      </trkpt>
      <trkpt lat="-34.120350033044815" lon="18.446699967607856">
        <ele>219.34765625</ele>
      </trkpt>
      <trkpt lat="-34.120429661124945" lon="18.446925776079297">
        <ele>216.08984375</ele>
      </trkpt>
      <trkpt lat="-34.120529992505908" lon="18.446949999779463">
        <ele>213.5703125</ele>
      </trkpt>
      <trkpt lat="-34.120769966393709" lon="18.446759982034564">
        <ele>211.83203125</ele>
      </trkpt>
      <trkpt lat="-34.120856048539281" lon="18.446663757786155">
        <ele>210.171875</ele>
      </trkpt>
      <trkpt lat="-34.120999965816736" lon="18.446629978716373">
        <ele>208.328125</ele>
      </trkpt>
      <trkpt lat="-34.121200041845441" lon="18.446550015360117">
        <ele>204.40625</ele>
      </trkpt>
      <trkpt lat="-34.121300037950277" lon="18.446439960971475">
        <ele>200.98046875</ele>
      </trkpt>
      <trkpt lat="-34.121530037373304" lon="18.44629998318851">
        <ele>196.46875</ele>
      </trkpt>
      <trkpt lat="-34.121619975194335" lon="18.446229994297028">
        <ele>196.4296875</ele>
      </trkpt>
      <trkpt lat="-34.121848968788981" lon="18.446301324293017">
        <ele>193.4140625</ele>
      </trkpt>
      <trkpt lat="-34.121990036219358" lon="18.446469968184829">
        <ele>188.47265625</ele>
      </trkpt>
      <trkpt lat="-34.122032281011343" lon="18.446618495509028">
        <ele>186.15625</ele>
      </trkpt>
      <trkpt lat="-34.122320031747222" lon="18.446689993143082">
        <ele>181.70703125</ele>
      </trkpt>
      <trkpt lat="-34.122379962354898" lon="18.446899959817529">
        <ele>177.35546875</ele>
      </trkpt>
      <trkpt lat="-34.122580038383603" lon="18.447110010311007">
        <ele>170.40625</ele>
      </trkpt>
      <trkpt lat="-34.122720016166568" lon="18.447219980880618">
        <ele>166.28515625</ele>
      </trkpt>
      <trkpt lat="-34.122850019484758" lon="18.447419973090291">
        <ele>158.734375</ele>
      </trkpt>
      <trkpt lat="-34.122969964519143" lon="18.447649972513318">
        <ele>151.890625</ele>
      </trkpt>
      <trkpt lat="-34.123010030016303" lon="18.447830015793443">
        <ele>146.3828125</ele>
      </trkpt>
      <trkpt lat="-34.123140033334494" lon="18.448120029643178">
        <ele>134.41015625</ele>
      </trkpt>
      <trkpt lat="-34.123299960047007" lon="18.448290014639497">
        <ele>125.51953125</ele>
      </trkpt>
      <trkpt lat="-34.123389981687069" lon="18.448320021852851">
        <ele>122.35546875</ele>
      </trkpt>
      <trkpt lat="-34.123197114095092" lon="18.448467375710607">
        <ele>122.55859375</ele>
      </trkpt>
      <trkpt lat="-34.123210022225976" lon="18.448659991845489">
        <ele>118.80859375</ele>
      </trkpt>
      <trkpt lat="-34.123329967260361" lon="18.448959980159998">
        <ele>107.9921875</ele>
      </trkpt>
      <trkpt lat="-34.123402889817953" lon="18.449091911315918">
        <ele>101.2578125</ele>
      </trkpt>
      <trkpt lat="-34.123459970578551" lon="18.44907003454864">
        <ele>99.06640625</ele>
      </trkpt>
      <trkpt lat="-34.123809998854995" lon="18.448829976841807">
        <ele>91.3515625</ele>
      </trkpt>
      <trkpt lat="-34.124090038239956" lon="18.448590002954006">
        <ele>84.08984375</ele>
      </trkpt>
      <trkpt lat="-34.124630000442266" lon="18.447909979149699">
        <ele>73.6953125</ele>
      </trkpt>
      <trkpt lat="-34.124859999865294" lon="18.447690038010478">
        <ele>68.75</ele>
      </trkpt>
      <trkpt lat="-34.125069966539741" lon="18.447570009157062">
        <ele>62.640625</ele>
      </trkpt>
      <trkpt lat="-34.125250009819865" lon="18.447690038010478">
        <ele>53.69921875</ele>
      </trkpt>
      <trkpt lat="-34.125440027564764" lon="18.447879971936345">
        <ele>44.34375</ele>
      </trkpt>
      <trkpt lat="-34.125529965385795" lon="18.447990026324987">
        <ele>39.71484375</ele>
      </trkpt>
      <trkpt lat="-34.126207809895277" lon="18.446647329255939">
        <ele>34.80078125</ele>
      </trkpt>
      <trkpt lat="-34.12628517486155" lon="18.446552529931068">
        <ele>33.53125</ele>
      </trkpt>
      <trkpt lat="-34.126325659453869" lon="18.446601899340749">
        <ele>32.15625</ele>
      </trkpt>
      <trkpt lat="-34.126404197886586" lon="18.446702565997839">
        <ele>29.44921875</ele>
      </trkpt>
      <trkpt lat="-34.126572255045176" lon="18.446790240705013">
        <ele>25.66015625</ele>
      </trkpt>
      <trkpt lat="-34.126579966396093" lon="18.446910018101335">
        <ele>24.79296875</ele>
      </trkpt>
      <trkpt lat="-34.126731427386403" lon="18.446556972339749">
        <ele>25.5390625</ele>
      </trkpt>
      <trkpt lat="-34.126813905313611" lon="18.446483798325062">
        <ele>25.16015625</ele>
      </trkpt>
      <trkpt lat="-34.126883475109935" lon="18.446381036192179">
        <ele>24.86328125</ele>
      </trkpt>
      <trkpt lat="-34.127084640786052" lon="18.446243489161134">
        <ele>23.8046875</ele>
      </trkpt>
      <trkpt lat="-34.127106266096234" lon="18.446272658184171">
        <ele>23.5</ele>
      </trkpt>
      <trkpt lat="-34.126931922510266" lon="18.446447756141424">
        <ele>23.95703125</ele>
      </trkpt>
      <trkpt lat="-34.126966623589396" lon="18.446487402543426">
        <ele>23.38671875</ele>
      </trkpt>
      <trkpt lat="-34.127530306577682" lon="18.447175808250904">
        <ele>15.453125</ele>
      </trkpt>
      <trkpt lat="-34.127567857503891" lon="18.447219394147396">
        <ele>14.890625</ele>
      </trkpt>
      <trkpt lat="-34.12764647975564" lon="18.447307404130697">
        <ele>13.69140625</ele>
      </trkpt>
      <trkpt lat="-34.127749996259809" lon="18.44776002690196">
        <ele>10.68359375</ele>
      </trkpt>
      <trkpt lat="-34.127806825563312" lon="18.447971669957042">
        <ele>8.26171875</ele>
      </trkpt>
      <trkpt lat="-34.12816003896296" lon="18.447790034115314">
        <ele>7.12109375</ele>
      </trkpt>
      <trkpt lat="-34.128567315638065" lon="18.447699761018157">
        <ele>7.265625</ele>
      </trkpt>
      <trkpt lat="-34.129329985007644" lon="18.447930011898279">
        <ele>10.31640625</ele>
      </trkpt>
      <trkpt lat="-34.129557553678751" lon="18.448049621656537">
        <ele>11.0859375</ele>
      </trkpt>
      <trkpt lat="-34.129870031028986" lon="18.448099996894598">
        <ele>11.3515625</ele>
      </trkpt>
      <trkpt lat="-34.130374873057008" lon="18.447959180921316">
        <ele>11.52734375</ele>
      </trkpt>
      <trkpt lat="-34.131265114992857" lon="18.447318049147725">
        <ele>12.15625</ele>
      </trkpt>
      <trkpt lat="-34.131678426638246" lon="18.446978665888309">
        <ele>13.42578125</ele>
      </trkpt>
      <trkpt lat="-34.131950000301003" lon="18.446710025891662">
        <ele>11.33203125</ele>
      </trkpt>
      <trkpt lat="-34.132104897871614" lon="18.446559654548764">
        <ele>9.2109375</ele>
      </trkpt>
      <trkpt lat="-34.132191147655249" lon="18.44637768343091">
        <ele>8.625</ele>
      </trkpt>
      <trkpt lat="-34.132262645289302" lon="18.446183642372489">
        <ele>8.21484375</ele>
      </trkpt>
      <trkpt lat="-34.132419973611832" lon="18.444750001654029">
        <ele>12.25</ele>
      </trkpt>
      <trkpt lat="-34.132395330816507" lon="18.443400012329221">
        <ele>12.15625</ele>
      </trkpt>
      <trkpt lat="-34.132100036367774" lon="18.441190039739013">
        <ele>10.03515625</ele>
      </trkpt>
      <trkpt lat="-34.131809435784817" lon="18.440553769469261">
        <ele>13.30859375</ele>
      </trkpt>
      <trkpt lat="-34.13174849934876" lon="18.440245231613517">
        <ele>12.3828125</ele>
      </trkpt>
      <trkpt lat="-34.13168353959918" lon="18.439819514751434">
        <ele>11.5859375</ele>
      </trkpt>
      <trkpt lat="-34.13162637501955" lon="18.439377620816231">
        <ele>10.98046875</ele>
      </trkpt>
      <trkpt lat="-34.131670799106359" lon="18.438939582556486">
        <ele>6.04296875</ele>
      </trkpt>
      <trkpt lat="-34.131732909008861" lon="18.438645545393229">
        <ele>4.22265625</ele>
      </trkpt>
      <trkpt lat="-34.131798790767789" lon="18.438720563426614">
        <ele>3.4765625</ele>
      </trkpt>
      <trkpt lat="-34.131937427446246" lon="18.438866995275021">
        <ele>2.43359375</ele>
      </trkpt>
      <trkpt lat="-34.132199278101325" lon="18.43891728669405">
        <ele>1.5703125</ele>
      </trkpt>
      <trkpt lat="-34.132370352745056" lon="18.438927764073014">
        <ele>1.25</ele>
      </trkpt>
      <trkpt lat="-34.132524747401476" lon="18.438936565071344">
        <ele>1.015625</ele>
      </trkpt>
      <trkpt lat="-34.132969742640853" lon="18.438758617267013">
        <ele>0</ele>
      </trkpt>
      <trkpt lat="-34.134156368672848" lon="18.437169240787625">
        <ele>1.08203125</ele>
      </trkpt>
      <trkpt lat="-34.135985467582941" lon="18.435059851035476">
        <ele>2.92578125</ele>
      </trkpt>
      <trkpt lat="-34.13713563233614" lon="18.43401144258678">
        <ele>4.2421875</ele>
      </trkpt>
      <trkpt lat="-34.138056887313724" lon="18.433301663026214">
        <ele>1.02734375</ele>
      </trkpt>
      <trkpt lat="-34.138299878686666" lon="18.433209881186485">
        <ele>0.25</ele>
      </trkpt>
      <trkpt lat="-34.139019716531038" lon="18.432837808504701">
        <ele>0</ele>
      </trkpt>
      <trkpt lat="-34.140827190130949" lon="18.432186618447304">
        <ele>2.30078125</ele>
      </trkpt>
      <trkpt lat="-34.141260115429759" lon="18.432156443595886">
        <ele>3.4609375</ele>
      </trkpt>
      <trkpt lat="-34.141551721841097" lon="18.432125011458993">
        <ele>6.26171875</ele>
      </trkpt>
      <trkpt lat="-34.141683485358953" lon="18.432300193235278">
        <ele>6.42578125</ele>
      </trkpt>
      <trkpt lat="-34.141820026561618" lon="18.432518541812897">
        <ele>6.9296875</ele>
      </trkpt>
      <trkpt lat="-34.141843998804688" lon="18.432606048882008">
        <ele>6.625</ele>
      </trkpt>
      <trkpt lat="-34.141906024888158" lon="18.432745188474655">
        <ele>6.71484375</ele>
      </trkpt>
      <trkpt lat="-34.142020018771291" lon="18.433439964428544">
        <ele>2.0703125</ele>
      </trkpt>
      <trkpt lat="-34.14216997101903" lon="18.433699971064925">
        <ele>1.99609375</ele>
      </trkpt>
      <trkpt lat="-34.142361329868436" lon="18.434083526954055">
        <ele>1.984375</ele>
      </trkpt>
      <trkpt lat="-34.142680093646049" lon="18.434557020664215">
        <ele>2.9453125</ele>
      </trkpt>
      <trkpt lat="-34.142747316509485" lon="18.43477126210928">
        <ele>2.73046875</ele>
      </trkpt>
      <trkpt lat="-34.143110001459718" lon="18.435230003669858">
        <ele>5.81640625</ele>
      </trkpt>
      <trkpt lat="-34.143138164654374" lon="18.435391103848815">
        <ele>4.78515625</ele>
      </trkpt>
      <trkpt lat="-34.143414013087749" lon="18.436099290847778">
        <ele>3.33984375</ele>
      </trkpt>
      <trkpt lat="-34.143709810450673" lon="18.436643108725548">
        <ele>4.44140625</ele>
      </trkpt>
      <trkpt lat="-34.143830006942153" lon="18.436770010739565">
        <ele>5.2265625</ele>
      </trkpt>
      <trkpt lat="-34.143922543153167" lon="18.436874449253082">
        <ele>5.48828125</ele>
      </trkpt>
      <trkpt lat="-34.143986413255334" lon="18.43677269294858">
        <ele>7.5546875</ele>
      </trkpt>
      <trkpt lat="-34.144095126539469" lon="18.436676049605012">
        <ele>10.45703125</ele>
      </trkpt>
      <trkpt lat="-34.143899995833635" lon="18.436280004680157">
        <ele>12.34765625</ele>
      </trkpt>
      <trkpt lat="-34.143994459882379" lon="18.436234574764967">
        <ele>14.74609375</ele>
      </trkpt>
      <trkpt lat="-34.144046511501074" lon="18.436125861480832">
        <ele>17.0625</ele>
      </trkpt>
      <trkpt lat="-34.144029999151826" lon="18.436059979721904">
        <ele>17.54296875</ele>
      </trkpt>
      <trkpt lat="-34.143917681649327" lon="18.435854706913233">
        <ele>17.91796875</ele>
      </trkpt>
      <trkpt lat="-34.1440399736166" lon="18.435769965872169">
        <ele>21.4375</ele>
      </trkpt>
      <trkpt lat="-34.144740030169487" lon="18.43618000857532">
        <ele>29.046875</ele>
      </trkpt>
      <trkpt lat="-34.145440002903342" lon="18.43658996745944">
        <ele>38.1484375</ele>
      </trkpt>
      <trkpt lat="-34.14550001733005" lon="18.436449989676476">
        <ele>41.77734375</ele>
      </trkpt>
      <trkpt lat="-34.145025014877319" lon="18.435544995591044">
        <ele>48.49609375</ele>
      </trkpt>
      <trkpt lat="-34.144550012424588" lon="18.434640001505613">
        <ele>49.59765625</ele>
      </trkpt>
      <trkpt lat="-34.144259998574853" lon="18.434055028483272">
        <ele>54.4140625</ele>
      </trkpt>
      <trkpt lat="-34.143969984725118" lon="18.433469971641898">
        <ele>58.1171875</ele>
      </trkpt>
      <trkpt lat="-34.143783319741488" lon="18.432760024443269">
        <ele>68.734375</ele>
      </trkpt>
      <trkpt lat="-34.143596654757857" lon="18.432049993425608">
        <ele>76.1640625</ele>
      </trkpt>
      <trkpt lat="-34.14336665533483" lon="18.431195206940174">
        <ele>76.703125</ele>
      </trkpt>
      <trkpt lat="-34.143400015309453" lon="18.431069981306791">
        <ele>79.2890625</ele>
      </trkpt>
      <trkpt lat="-34.143434967845678" lon="18.430194994434714">
        <ele>86.3203125</ele>
      </trkpt>
      <trkpt lat="-34.143470004200935" lon="18.429320007562637">
        <ele>90.375</ele>
      </trkpt>
      <trkpt lat="-34.143489701673388" lon="18.429240295663476">
        <ele>91.37109375</ele>
      </trkpt>
      <trkpt lat="-34.14354451932013" lon="18.429214227944613">
        <ele>94.1328125</ele>
      </trkpt>
      <trkpt lat="-34.143620040267706" lon="18.429229985922575">
        <ele>97.94140625</ele>
      </trkpt>
      <trkpt lat="-34.143567569553852" lon="18.429028484970331">
        <ele>95.48046875</ele>
      </trkpt>
      <trkpt lat="-34.14349858649075" lon="18.428588267415762">
        <ele>95.44921875</ele>
      </trkpt>
      <trkpt lat="-34.143482409417629" lon="18.427526196464896">
        <ele>98.15234375</ele>
      </trkpt>
      <trkpt lat="-34.14363001473248" lon="18.427039962261915">
        <ele>106.09765625</ele>
      </trkpt>
      <trkpt lat="-34.143620040267706" lon="18.426550040021539">
        <ele>104.87109375</ele>
      </trkpt>
      <trkpt lat="-34.143690029159188" lon="18.426209986209869">
        <ele>112.69921875</ele>
      </trkpt>
      <trkpt lat="-34.143606377765536" lon="18.425900777801871">
        <ele>116.7578125</ele>
      </trkpt>
      <trkpt lat="-34.143430022522807" lon="18.425589976832271">
        <ele>117.2421875</ele>
      </trkpt>
      <trkpt lat="-34.143100026994944" lon="18.425449999049306">
        <ele>113.99609375</ele>
      </trkpt>
      <trkpt lat="-34.143360033631325" lon="18.425270039588213">
        <ele>123.484375</ele>
      </trkpt>
      <trkpt lat="-34.143690029159188" lon="18.425169959664345">
        <ele>133.2421875</ele>
      </trkpt>
      <trkpt lat="-34.143869988620281" lon="18.425180017948151">
        <ele>138.31640625</ele>
      </trkpt>
      <trkpt lat="-34.144099988043308" lon="18.425259981304407">
        <ele>145.12890625</ele>
      </trkpt>
      <trkpt lat="-34.144099988043308" lon="18.425299962982535">
        <ele>144.5546875</ele>
      </trkpt>
      <trkpt lat="-34.144410034641623" lon="18.425600035116076">
        <ele>154.60546875</ele>
      </trkpt>
      <trkpt lat="-34.144689990207553" lon="18.425779994577169">
        <ele>161.17578125</ele>
      </trkpt>
      <trkpt lat="-34.145080000162125" lon="18.426630003377795">
        <ele>166.09765625</ele>
      </trkpt>
      <trkpt lat="-34.145309999585152" lon="18.426939966157079">
        <ele>169.04296875</ele>
      </trkpt>
      <trkpt lat="-34.145639995113015" lon="18.427259987220168">
        <ele>173.6484375</ele>
      </trkpt>
      <trkpt lat="-34.145687855780125" lon="18.427250096574426">
        <ele>174.56640625</ele>
      </trkpt>
      <trkpt lat="-34.145690621808171" lon="18.427408179268241">
        <ele>175.08203125</ele>
      </trkpt>
      <trkpt lat="-34.145609484985471" lon="18.427630383521318">
        <ele>175.87890625</ele>
      </trkpt>
      <trkpt lat="-34.145730016753078" lon="18.427819982171059">
        <ele>178.16796875</ele>
      </trkpt>
      <trkpt lat="-34.145960016176105" lon="18.42807998880744">
        <ele>181.93359375</ele>
      </trkpt>
      <trkpt lat="-34.146109968423843" lon="18.428460024297237">
        <ele>187.31640625</ele>
      </trkpt>
      <trkpt lat="-34.14625003002584" lon="18.428500005975366">
        <ele>191.73046875</ele>
      </trkpt>
      <trkpt lat="-34.146429989486933" lon="18.42866001650691">
        <ele>201.0546875</ele>
      </trkpt>
      <trkpt lat="-34.146559992805123" lon="18.428760012611747">
        <ele>206.9765625</ele>
      </trkpt>
      <trkpt lat="-34.146720003336668" lon="18.42906997539103">
        <ele>216.1171875</ele>
      </trkpt>
      <trkpt lat="-34.146850006654859" lon="18.429290000349283">
        <ele>221.59375</ele>
      </trkpt>
      <trkpt lat="-34.147140020504594" lon="18.429380021989346">
        <ele>224.8359375</ele>
      </trkpt>
      <trkpt lat="-34.147140020504594" lon="18.429559981450438">
        <ele>226.25390625</ele>
      </trkpt>
      <trkpt lat="-34.14724437519908" lon="18.429699707776308">
        <ele>229.734375</ele>
      </trkpt>
      <trkpt lat="-34.147479990497231" lon="18.429629970341921">
        <ele>229.99609375</ele>
      </trkpt>
      <trkpt lat="-34.147624159231782" lon="18.429658301174641">
        <ele>230.27734375</ele>
      </trkpt>
      <trkpt lat="-34.147770004346967" lon="18.430049987509847">
        <ele>235.75</ele>
      </trkpt>
      <trkpt lat="-34.147660033777356" lon="18.430160041898489">
        <ele>238.57421875</ele>
      </trkpt>
      <trkpt lat="-34.147585183382034" lon="18.430322986096144">
        <ele>241.14453125</ele>
      </trkpt>
      <trkpt lat="-34.147630026564002" lon="18.430430022999644">
        <ele>241.81640625</ele>
      </trkpt>
      <trkpt lat="-34.147509913891554" lon="18.430599672719836">
        <ele>245.91796875</ele>
      </trkpt>
      <trkpt lat="-34.147609993815422" lon="18.430879963561893">
        <ele>251.328125</ele>
      </trkpt>
      <trkpt lat="-34.147653495892882" lon="18.43096487224102">
        <ele>253.31640625</ele>
      </trkpt>
      <trkpt lat="-34.147630026564002" lon="18.431050032377243">
        <ele>254.77734375</ele>
      </trkpt>
      <trkpt lat="-34.14755567908287" lon="18.431061683222651">
        <ele>254.80078125</ele>
      </trkpt>
      <trkpt lat="-34.147378653287888" lon="18.431337866932154">
        <ele>253.89453125</ele>
      </trkpt>
      <trkpt lat="-34.147472362965345" lon="18.431566106155515">
        <ele>256.62109375</ele>
      </trkpt>
      <trkpt lat="-34.147492898628116" lon="18.431716812774539">
        <ele>257.203125</ele>
      </trkpt>
      <trkpt lat="-34.147540843114257" lon="18.431869950145483">
        <ele>257.87109375</ele>
      </trkpt>
      <trkpt lat="-34.147635390982032" lon="18.431963240727782">
        <ele>258.55859375</ele>
      </trkpt>
      <trkpt lat="-34.14784787222743" lon="18.432102547958493">
        <ele>260.46484375</ele>
      </trkpt>
      <trkpt lat="-34.148003188893199" lon="18.432282842695713">
        <ele>262.6015625</ele>
      </trkpt>
      <trkpt lat="-34.148187004029751" lon="18.432361800223589">
        <ele>264.66015625</ele>
      </trkpt>
      <trkpt lat="-34.148329999297857" lon="18.432530025020242">
        <ele>266.7421875</ele>
      </trkpt>
      <trkpt lat="-34.148451536893845" lon="18.432615268975496">
        <ele>267.640625</ele>
      </trkpt>
      <trkpt lat="-34.14850995875895" lon="18.432749966159463">
        <ele>268.6875</ele>
      </trkpt>
      <trkpt lat="-34.14898001588881" lon="18.433320019394159">
        <ele>279.1640625</ele>
      </trkpt>
      <trkpt lat="-34.149159975349903" lon="18.433529986068606">
        <ele>283.53125</ele>
      </trkpt>
      <trkpt lat="-34.149219989776611" lon="18.433840032666922">
        <ele>287.15234375</ele>
      </trkpt>
      <trkpt lat="-34.149470692500472" lon="18.434188803657889">
        <ele>286.515625</ele>
      </trkpt>
      <trkpt lat="-34.149652663618326" lon="18.435080973431468">
        <ele>290.046875</ele>
      </trkpt>
      <trkpt lat="-34.149979976937175" lon="18.434500023722649">
        <ele>282.4296875</ele>
      </trkpt>
      <trkpt lat="-34.150009984150529" lon="18.434279998764396">
        <ele>277.37109375</ele>
      </trkpt>
      <trkpt lat="-34.149979976937175" lon="18.433970035985112">
        <ele>271.8203125</ele>
      </trkpt>
      <trkpt lat="-34.149979976937175" lon="18.433260004967451">
        <ele>256.55859375</ele>
      </trkpt>
      <trkpt lat="-34.150100005790591" lon="18.433120027184486">
        <ele>249.65625</ele>
      </trkpt>
      <trkpt lat="-34.150160020217299" lon="18.432949958369136">
        <ele>244.4296875</ele>
      </trkpt>
      <trkpt lat="-34.150190027430654" lon="18.432790031656623">
        <ele>240.46875</ele>
      </trkpt>
      <trkpt lat="-34.150279965251684" lon="18.432739991694689">
        <ele>236.328125</ele>
      </trkpt>
      <trkpt lat="-34.150250041857362" lon="18.432509992271662">
        <ele>232.62890625</ele>
      </trkpt>
      <trkpt lat="-34.150279965251684" lon="18.432159963995218">
        <ele>223.93359375</ele>
      </trkpt>
      <trkpt lat="-34.149979976937175" lon="18.431520005688071">
        <ele>212.91796875</ele>
      </trkpt>
      <trkpt lat="-34.149870006367564" lon="18.431029999628663">
        <ele>198.78125</ele>
      </trkpt>
      <trkpt lat="-34.149579992517829" lon="18.430600007995963">
        <ele>189.1015625</ele>
      </trkpt>
      <trkpt lat="-34.149440014734864" lon="18.430260038003325">
        <ele>184.87890625</ele>
      </trkpt>
      <trkpt lat="-34.14943004027009" lon="18.430010005831718">
        <ele>181.234375</ele>
      </trkpt>
      <trkpt lat="-34.148639962077141" lon="18.429080033674836">
        <ele>187.59765625</ele>
      </trkpt>
      <trkpt lat="-34.14839998818934" lon="18.428830001503229">
        <ele>193.2265625</ele>
      </trkpt>
      <trkpt lat="-34.147879974916577" lon="18.427879996597767">
        <ele>202.3046875</ele>
      </trkpt>
      <trkpt lat="-34.147860025987029" lon="18.427830040454865">
        <ele>202.33203125</ele>
      </trkpt>
      <trkpt lat="-34.147790037095547" lon="18.427480012178421">
        <ele>198.3359375</ele>
      </trkpt>
      <trkpt lat="-34.147790037095547" lon="18.427299968898296">
        <ele>193.2890625</ele>
      </trkpt>
      <trkpt lat="-34.147660033777356" lon="18.427059995010495">
        <ele>194.4375</ele>
      </trkpt>
      <trkpt lat="-34.147493736818433" lon="18.426669230684638">
        <ele>191.078125</ele>
      </trkpt>
      <trkpt lat="-34.147305563092232" lon="18.426428753882647">
        <ele>191.3671875</ele>
      </trkpt>
      <trkpt lat="-34.147300031036139" lon="18.426209986209869">
        <ele>184.3203125</ele>
      </trkpt>
      <trkpt lat="-34.147317130118608" lon="18.426144020631909">
        <ele>182.72265625</ele>
      </trkpt>
      <trkpt lat="-34.147194838151336" lon="18.425985518842936">
        <ele>183.45703125</ele>
      </trkpt>
      <trkpt lat="-34.147010017186403" lon="18.425659965723753">
        <ele>183.34765625</ele>
      </trkpt>
      <trkpt lat="-34.146803067997098" lon="18.425396606326103">
        <ele>187.109375</ele>
      </trkpt>
      <trkpt lat="-34.146580025553703" lon="18.425219999626279">
        <ele>189.99609375</ele>
      </trkpt>
      <trkpt lat="-34.145612418651581" lon="18.42521664686501">
        <ele>180.3125</ele>
      </trkpt>
      <trkpt lat="-34.145690035074949" lon="18.424939960241318">
        <ele>184.00390625</ele>
      </trkpt>
      <trkpt lat="-34.145506974309683" lon="18.424335792660713">
        <ele>188.1015625</ele>
      </trkpt>
      <trkpt lat="-34.145542848855257" lon="18.424133621156216">
        <ele>190.0703125</ele>
      </trkpt>
      <trkpt lat="-34.145506052300334" lon="18.423995990306139">
        <ele>190.83984375</ele>
      </trkpt>
      <trkpt lat="-34.145234394818544" lon="18.423274392262101">
        <ele>195.1953125</ele>
      </trkpt>
      <trkpt lat="-34.145024595782161" lon="18.422480709850788">
        <ele>202.00390625</ele>
      </trkpt>
      <trkpt lat="-34.14494295604527" lon="18.422186924144626">
        <ele>204.97265625</ele>
      </trkpt>
      <trkpt lat="-34.144794512540102" lon="18.421967569738626">
        <ele>208.21875</ele>
      </trkpt>
      <trkpt lat="-34.144382039085031" lon="18.422254314646125">
        <ele>212.4140625</ele>
      </trkpt>
      <trkpt lat="-34.144275337457657" lon="18.422417929396033">
        <ele>212.87109375</ele>
      </trkpt>
      <trkpt lat="-34.144138796254992" lon="18.422416672110558">
        <ele>216.42578125</ele>
      </trkpt>
      <trkpt lat="-34.144097724929452" lon="18.422143841162324">
        <ele>220.81640625</ele>
      </trkpt>
      <trkpt lat="-34.143960010260344" lon="18.421760033816099">
        <ele>227.6875</ele>
      </trkpt>
      <trkpt lat="-34.143749456852674" lon="18.421882912516594">
        <ele>232.6875</ele>
      </trkpt>
      <trkpt lat="-34.143616687506437" lon="18.42165794223547">
        <ele>238.3671875</ele>
      </trkpt>
      <trkpt lat="-34.143547117710114" lon="18.421550737693906">
        <ele>241.09765625</ele>
      </trkpt>
      <trkpt lat="-34.143519960343838" lon="18.421259969472885">
        <ele>248.04296875</ele>
      </trkpt>
      <trkpt lat="-34.143430022522807" lon="18.421029970049858">
        <ele>253.01171875</ele>
      </trkpt>
      <trkpt lat="-34.143399596214294" lon="18.420584807172418">
        <ele>256.1640625</ele>
      </trkpt>
      <trkpt lat="-34.143340000882745" lon="18.420460000634193">
        <ele>256.8515625</ele>
      </trkpt>
      <trkpt lat="-34.143029619008303" lon="18.419993380084634">
        <ele>257.88671875</ele>
      </trkpt>
      <trkpt lat="-34.142974130809307" lon="18.419854324311018">
        <ele>258.890625</ele>
      </trkpt>
      <trkpt lat="-34.143019979819655" lon="18.419560035690665">
        <ele>261.12890625</ele>
      </trkpt>
      <trkpt lat="-34.14306566119194" lon="18.419306818395853">
        <ele>261.13671875</ele>
      </trkpt>
      <trkpt lat="-34.142955606803298" lon="18.419051421806216">
        <ele>262.33203125</ele>
      </trkpt>
      <trkpt lat="-34.142931215465069" lon="18.418995682150126">
        <ele>262.5703125</ele>
      </trkpt>
      <trkpt lat="-34.142815042287111" lon="18.418719246983528">
        <ele>263.45703125</ele>
      </trkpt>
      <trkpt lat="-34.142704987898469" lon="18.418565774336457">
        <ele>264.24609375</ele>
      </trkpt>
      <trkpt lat="-34.142619073390961" lon="18.41856736689806">
        <ele>265.7265625</ele>
      </trkpt>
      <trkpt lat="-34.142589988186955" lon="18.418450020253658">
        <ele>265.75</ele>
      </trkpt>
      <trkpt lat="-34.14253449998796" lon="18.41826880350709">
        <ele>266.09765625</ele>
      </trkpt>
      <trkpt lat="-34.142415393143892" lon="18.417872255668044">
        <ele>264.4609375</ele>
      </trkpt>
      <trkpt lat="-34.142377926036716" lon="18.417829424142838">
        <ele>264.45703125</ele>
      </trkpt>
      <trkpt lat="-34.142325706779957" lon="18.41770495288074">
        <ele>263.97265625</ele>
      </trkpt>
      <trkpt lat="-34.142369208857417" lon="18.417561370879412">
        <ele>263.58203125</ele>
      </trkpt>
      <trkpt lat="-34.142279103398323" lon="18.417287115007639">
        <ele>263.90625</ele>
      </trkpt>
      <trkpt lat="-34.142427463084459" lon="18.417185945436358">
        <ele>263.37109375</ele>
      </trkpt>
      <trkpt lat="-34.142478676512837" lon="18.417039765045047">
        <ele>263.49609375</ele>
      </trkpt>
      <trkpt lat="-34.142357474192977" lon="18.416833151131868">
        <ele>265.2578125</ele>
      </trkpt>
      <trkpt lat="-34.142149686813354" lon="18.416638690978289">
        <ele>267.48046875</ele>
      </trkpt>
      <trkpt lat="-34.142028233036399" lon="18.416494438424706">
        <ele>268.234375</ele>
      </trkpt>
      <trkpt lat="-34.1418865788728" lon="18.4162478428334">
        <ele>270.296875</ele>
      </trkpt>
      <trkpt lat="-34.141699997708201" lon="18.416080037131906">
        <ele>273.1953125</ele>
      </trkpt>
      <trkpt lat="-34.141537640243769" lon="18.415785664692521">
        <ele>277.39453125</ele>
      </trkpt>
      <trkpt lat="-34.141424400731921" lon="18.415714083239436">
        <ele>277.25</ele>
      </trkpt>
      <trkpt lat="-34.141492126509547" lon="18.415469666942954">
        <ele>281.92578125</ele>
      </trkpt>
      <trkpt lat="-34.141428088769317" lon="18.415240840986371">
        <ele>284.92578125</ele>
      </trkpt>
      <trkpt lat="-34.141256175935268" lon="18.415165655314922">
        <ele>283.05859375</ele>
      </trkpt>
      <trkpt lat="-34.141249973326921" lon="18.414749996736646">
        <ele>284.47265625</ele>
      </trkpt>
      <trkpt lat="-34.141063056886196" lon="18.414589064195752">
        <ele>282.6171875</ele>
      </trkpt>
      <trkpt lat="-34.141047215089202" lon="18.414391167461872">
        <ele>282.83203125</ele>
      </trkpt>
      <trkpt lat="-34.140840014442801" lon="18.413980035111308">
        <ele>281.1640625</ele>
      </trkpt>
      <trkpt lat="-34.140810510143638" lon="18.413922032341361">
        <ele>281.484375</ele>
      </trkpt>
      <trkpt lat="-34.140699785202742" lon="18.413882637396455">
        <ele>282.72265625</ele>
      </trkpt>
      <trkpt lat="-34.140652846544981" lon="18.413782138377428">
        <ele>284.04296875</ele>
      </trkpt>
      <trkpt lat="-34.140631975606084" lon="18.413545181974769">
        <ele>284.9296875</ele>
      </trkpt>
      <trkpt lat="-34.140519993379712" lon="18.413400007411838">
        <ele>286.90625</ele>
      </trkpt>
      <trkpt lat="-34.140352942049503" lon="18.413297161459923">
        <ele>289.78515625</ele>
      </trkpt>
      <trkpt lat="-34.140331652015448" lon="18.412978397682309">
        <ele>289.57421875</ele>
      </trkpt>
      <trkpt lat="-34.140175329521298" lon="18.412902290001512">
        <ele>292.4921875</ele>
      </trkpt>
      <trkpt lat="-34.140113471075892" lon="18.412695089355111">
        <ele>292.15234375</ele>
      </trkpt>
      <trkpt lat="-34.14007474668324" lon="18.41256458312273">
        <ele>291.08203125</ele>
      </trkpt>
      <trkpt lat="-34.13974785245955" lon="18.412288818508387">
        <ele>294.59765625</ele>
      </trkpt>
      <trkpt lat="-34.139507710933685" lon="18.41226652264595">
        <ele>297.98046875</ele>
      </trkpt>
      <trkpt lat="-34.139394471421838" lon="18.412110283970833">
        <ele>298.70703125</ele>
      </trkpt>
      <trkpt lat="-34.139227671548724" lon="18.411697810515761">
        <ele>300.0859375</ele>
      </trkpt>
      <trkpt lat="-34.139225156977773" lon="18.411532267928123">
        <ele>299.12890625</ele>
      </trkpt>
      <trkpt lat="-34.139190036803484" lon="18.411260023713112">
        <ele>295.59765625</ele>
      </trkpt>
      <trkpt lat="-34.139019967988133" lon="18.411179976537824">
        <ele>296.03515625</ele>
      </trkpt>
      <trkpt lat="-34.138789968565106" lon="18.410949977114797">
        <ele>292.3359375</ele>
      </trkpt>
      <trkpt lat="-34.138719979673624" lon="18.410649988800287">
        <ele>284.859375</ele>
      </trkpt>
      <trkpt lat="-34.138581259176135" lon="18.410284537822008">
        <ele>277.16796875</ele>
      </trkpt>
      <trkpt lat="-34.138449244201183" lon="18.410016568377614">
        <ele>271.88671875</ele>
      </trkpt>
      <trkpt lat="-34.138243719935417" lon="18.409656984731555">
        <ele>263.80078125</ele>
      </trkpt>
      <trkpt lat="-34.138233996927738" lon="18.409661930054426">
        <ele>263.63671875</ele>
        <time>2024-05-27T09:16:55Z</time>
      </trkpt>
      <trkpt lat="-34.138252940028906" lon="18.40964499861002">
        <ele>263.875</ele>
        <time>2024-05-27T09:16:55Z</time>
      </trkpt>
      <trkpt lat="-34.138277918100357" lon="18.409623960033059">
        <ele>264.17578125</ele>
        <time>2024-05-27T09:16:55Z</time>
      </trkpt>
      <trkpt lat="-34.138306919485331" lon="18.409609962254763">
        <ele>264.5859375</ele>
        <time>2024-05-27T09:16:55Z</time>
      </trkpt>
      <trkpt lat="-34.138338938355446" lon="18.409583978354931">
        <ele>264.73828125</ele>
        <time>2024-05-27T09:16:55Z</time>
      </trkpt>
      <trkpt lat="-34.138357965275645" lon="18.409573920071125">
        <ele>264.91015625</ele>
        <time>2024-05-27T09:16:55Z</time>
      </trkpt>
      <trkpt lat="-34.138373974710703" lon="18.409564951434731">
        <ele>264.859375</ele>
        <time>2024-05-27T09:16:55Z</time>
      </trkpt>
      <trkpt lat="-34.138393923640251" lon="18.409554976969957">
        <ele>264.5703125</ele>
        <time>2024-05-27T09:16:55Z</time>
      </trkpt>
      <trkpt lat="-34.138418985530734" lon="18.409540979191661">
        <ele>264.1796875</ele>
        <time>2024-05-27T09:16:55Z</time>
      </trkpt>
      <trkpt lat="-34.138450920581818" lon="18.409524969756603">
        <ele>263.71875</ele>
        <time>2024-05-27T09:16:55Z</time>
      </trkpt>
      <trkpt lat="-34.138473970815539" lon="18.409497980028391">
        <ele>263.05078125</ele>
        <time>2024-05-27T09:16:55Z</time>
      </trkpt>
      <trkpt lat="-34.138485956937075" lon="18.409481970593333">
        <ele>262.66015625</ele>
        <time>2024-05-27T09:16:55Z</time>
      </trkpt>
      <trkpt lat="-34.138508923351765" lon="18.409445928409696">
        <ele>261.80078125</ele>
        <time>2024-05-27T09:16:55Z</time>
      </trkpt>
      <trkpt lat="-34.138514958322048" lon="18.409425979480147">
        <ele>261.34765625</ele>
        <time>2024-05-27T09:16:55Z</time>
      </trkpt>
      <trkpt lat="-34.138527950271964" lon="18.409407958388329">
        <ele>260.91015625</ele>
        <time>2024-05-27T09:16:55Z</time>
      </trkpt>
      <trkpt lat="-34.138533985242248" lon="18.409386919811368">
        <ele>260.43359375</ele>
        <time>2024-05-27T09:16:55Z</time>
      </trkpt>
      <trkpt lat="-34.138549994677305" lon="18.409361941739917">
        <ele>259.8359375</ele>
        <time>2024-05-27T09:16:55Z</time>
      </trkpt>
      <trkpt lat="-34.138556951656938" lon="18.40932497754693">
        <ele>259.046875</ele>
        <time>2024-05-27T09:16:55Z</time>
      </trkpt>
      <trkpt lat="-34.138569943606853" lon="18.409295976161957">
        <ele>258.453125</ele>
        <time>2024-05-27T09:16:55Z</time>
      </trkpt>
      <trkpt lat="-34.138588970527053" lon="18.409282984212041">
        <ele>258.15234375</ele>
        <time>2024-05-27T09:16:55Z</time>
      </trkpt>
      <trkpt lat="-34.138604979962111" lon="18.409263957291842">
        <ele>257.75390625</ele>
        <time>2024-05-27T09:16:55Z</time>
      </trkpt>
      <trkpt lat="-34.138617971912026" lon="18.409247947856784">
        <ele>257.42578125</ele>
        <time>2024-05-27T09:16:55Z</time>
      </trkpt>
      <trkpt lat="-34.138645967468619" lon="18.409223975613713">
        <ele>256.9296875</ele>
        <time>2024-05-27T09:16:55Z</time>
      </trkpt>
      <trkpt lat="-34.138665916398168" lon="18.409204948693514">
        <ele>256.5859375</ele>
        <time>2024-05-27T09:16:55Z</time>
      </trkpt>
      <trkpt lat="-34.138684943318367" lon="18.40919497422874">
        <ele>256.4140625</ele>
        <time>2024-05-27T09:16:55Z</time>
      </trkpt>
      <trkpt lat="-34.138719979673624" lon="18.409197991713881">
        <ele>256.46484375</ele>
        <time>2024-05-27T09:16:55Z</time>
      </trkpt>
      <trkpt lat="-34.138748981058598" lon="18.409196985885501">
        <ele>256.453125</ele>
        <time>2024-05-27T09:16:55Z</time>
      </trkpt>
      <trkpt lat="-34.138767924159765" lon="18.40919497422874">
        <ele>256.42578125</ele>
        <time>2024-05-27T09:16:55Z</time>
      </trkpt>
      <trkpt lat="-34.138789968565106" lon="18.409188939258456">
        <ele>256.33984375</ele>
        <time>2024-05-27T09:16:55Z</time>
      </trkpt>
      <trkpt lat="-34.13881896995008" lon="18.40917594730854">
        <ele>256.17578125</ele>
        <time>2024-05-27T09:16:55Z</time>
      </trkpt>
      <trkpt lat="-34.138834979385138" lon="18.409164967015386">
        <ele>256.04296875</ele>
        <time>2024-05-27T09:16:55Z</time>
      </trkpt>
      <trkpt lat="-34.138853922486305" lon="18.409148957580328">
        <ele>255.859375</ele>
        <time>2024-05-27T09:16:55Z</time>
      </trkpt>
      <trkpt lat="-34.138876972720027" lon="18.409138983115554">
        <ele>255.76953125</ele>
        <time>2024-05-27T09:16:55Z</time>
      </trkpt>
      <trkpt lat="-34.138905974105" lon="18.409127919003367">
        <ele>255.69140625</ele>
        <time>2024-05-27T09:16:55Z</time>
      </trkpt>
      <trkpt lat="-34.138930952176452" lon="18.409114927053452">
        <ele>255.60546875</ele>
        <time>2024-05-27T09:16:55Z</time>
      </trkpt>
      <trkpt lat="-34.138949979096651" lon="18.409095983952284">
        <ele>255.46484375</ele>
        <time>2024-05-27T09:16:55Z</time>
      </trkpt>
      <trkpt lat="-34.138969928026199" lon="18.409076957032084">
        <ele>255.33203125</ele>
        <time>2024-05-27T09:16:55Z</time>
      </trkpt>
      <trkpt lat="-34.138988954946399" lon="18.409060947597027">
        <ele>255.23828125</ele>
        <time>2024-05-27T09:16:55Z</time>
      </trkpt>
      <trkpt lat="-34.139007981866598" lon="18.409044938161969">
        <ele>255.19140625</ele>
        <time>2024-05-27T09:16:55Z</time>
      </trkpt>
      <trkpt lat="-34.139026924967766" lon="18.409029934555292">
        <ele>255.15234375</ele>
        <time>2024-05-27T09:16:55Z</time>
      </trkpt>
      <trkpt lat="-34.139045951887965" lon="18.409015936776996">
        <ele>255.12109375</ele>
        <time>2024-05-27T09:16:55Z</time>
      </trkpt>
      <trkpt lat="-34.139068918302655" lon="18.40898098424077">
        <ele>254.953125</ele>
        <time>2024-05-27T09:16:55Z</time>
      </trkpt>
      <trkpt lat="-34.139084927737713" lon="18.408961957320571">
        <ele>254.87109375</ele>
        <time>2024-05-27T09:16:55Z</time>
      </trkpt>
      <trkpt lat="-34.139103954657912" lon="18.408924993127584">
        <ele>254.67578125</ele>
        <time>2024-05-27T09:16:55Z</time>
      </trkpt>
      <trkpt lat="-34.139103954657912" lon="18.40889791958034">
        <ele>254.48046875</ele>
        <time>2024-05-27T09:16:55Z</time>
      </trkpt>
      <trkpt lat="-34.139093980193138" lon="18.408871935680509">
        <ele>254.2578125</ele>
        <time>2024-05-27T09:16:55Z</time>
      </trkpt>
      <trkpt lat="-34.139084927737713" lon="18.408837988972664">
        <ele>253.98046875</ele>
        <time>2024-05-27T09:16:55Z</time>
      </trkpt>
      <trkpt lat="-34.139084927737713" lon="18.408805970102549">
        <ele>253.75</ele>
        <time>2024-05-27T09:16:55Z</time>
      </trkpt>
      <trkpt lat="-34.139087945222855" lon="18.408777974545956">
        <ele>253.5390625</ele>
        <time>2024-05-27T09:16:56Z</time>
      </trkpt>
      <trkpt lat="-34.139087945222855" lon="18.408751990646124">
        <ele>253.2578125</ele>
        <time>2024-05-27T09:16:56Z</time>
      </trkpt>
      <trkpt lat="-34.139084927737713" lon="18.40872198343277">
        <ele>252.921875</ele>
        <time>2024-05-27T09:16:56Z</time>
      </trkpt>
      <trkpt lat="-34.139074953272939" lon="18.408692982047796">
        <ele>252.5703125</ele>
        <time>2024-05-27T09:16:56Z</time>
      </trkpt>
      <trkpt lat="-34.139071935787797" lon="18.408668925985694">
        <ele>252.30078125</ele>
        <time>2024-05-27T09:16:56Z</time>
      </trkpt>
      <trkpt lat="-34.139065984636545" lon="18.408647971227765">
        <ele>252.0546875</ele>
        <time>2024-05-27T09:16:56Z</time>
      </trkpt>
      <trkpt lat="-34.139071935787797" lon="18.408609917387366">
        <ele>251.6640625</ele>
        <time>2024-05-27T09:16:56Z</time>
      </trkpt>
      <trkpt lat="-34.139081994071603" lon="18.408569935709238">
        <ele>251.26953125</ele>
        <time>2024-05-27T09:16:56Z</time>
      </trkpt>
      <trkpt lat="-34.139086939394474" lon="18.408547975122929">
        <ele>251.046875</ele>
        <time>2024-05-27T09:16:56Z</time>
      </trkpt>
      <trkpt lat="-34.139091968536377" lon="18.408525930717587">
        <ele>250.828125</ele>
        <time>2024-05-27T09:16:56Z</time>
      </trkpt>
      <trkpt lat="-34.139097919687629" lon="18.408503970131278">
        <ele>250.59375</ele>
        <time>2024-05-27T09:16:56Z</time>
      </trkpt>
      <trkpt lat="-34.139103954657912" lon="18.408474968746305">
        <ele>250.05859375</ele>
        <time>2024-05-27T09:16:56Z</time>
      </trkpt>
      <trkpt lat="-34.139097919687629" lon="18.408434987068176">
        <ele>249.26171875</ele>
        <time>2024-05-27T09:16:56Z</time>
      </trkpt>
      <trkpt lat="-34.139090962707996" lon="18.408413948491216">
        <ele>248.8203125</ele>
        <time>2024-05-27T09:16:56Z</time>
      </trkpt>
      <trkpt lat="-34.139068918302655" lon="18.408393999561667">
        <ele>248.32421875</ele>
        <time>2024-05-27T09:16:56Z</time>
      </trkpt>
      <trkpt lat="-34.139065984636545" lon="18.408361980691552">
        <ele>247.67578125</ele>
        <time>2024-05-27T09:16:56Z</time>
      </trkpt>
      <trkpt lat="-34.139052992686629" lon="18.408345971256495">
        <ele>247.28515625</ele>
        <time>2024-05-27T09:16:56Z</time>
      </trkpt>
      <trkpt lat="-34.139045951887965" lon="18.408325938507915">
        <ele>246.84375</ele>
        <time>2024-05-27T09:16:56Z</time>
      </trkpt>
      <trkpt lat="-34.139026924967766" lon="18.408305989578366">
        <ele>246.328125</ele>
        <time>2024-05-27T09:16:56Z</time>
      </trkpt>
      <trkpt lat="-34.139004964381456" lon="18.408281933516264">
        <ele>245.69921875</ele>
        <time>2024-05-27T09:16:56Z</time>
      </trkpt>
      <trkpt lat="-34.138981997966766" lon="18.408263996243477">
        <ele>245.17578125</ele>
        <time>2024-05-27T09:16:57Z</time>
      </trkpt>
      <trkpt lat="-34.138962971046567" lon="18.408250920474529">
        <ele>244.76953125</ele>
        <time>2024-05-27T09:16:57Z</time>
      </trkpt>
      <trkpt lat="-34.138943944126368" lon="18.408236922696233">
        <ele>244.33984375</ele>
        <time>2024-05-27T09:16:57Z</time>
      </trkpt>
      <trkpt lat="-34.138933969661593" lon="18.408223930746317">
        <ele>243.9921875</ele>
        <time>2024-05-27T09:16:57Z</time>
      </trkpt>
      <trkpt lat="-34.138933969661593" lon="18.408199958503246">
        <ele>243.47265625</ele>
        <time>2024-05-27T09:16:57Z</time>
      </trkpt>
      <trkpt lat="-34.138943944126368" lon="18.408177997916937">
        <ele>243.0703125</ele>
        <time>2024-05-27T09:16:57Z</time>
      </trkpt>
      <trkpt lat="-34.138962971046567" lon="18.408161988481879">
        <ele>242.859375</ele>
        <time>2024-05-27T09:16:57Z</time>
      </trkpt>
      <trkpt lat="-34.138985937461257" lon="18.40814396739006">
        <ele>242.63671875</ele>
        <time>2024-05-27T09:16:57Z</time>
      </trkpt>
      <trkpt lat="-34.139004964381456" lon="18.408125946298242">
        <ele>242.3828125</ele>
        <time>2024-05-27T09:16:57Z</time>
      </trkpt>
      <trkpt lat="-34.139026924967766" lon="18.408111948519945">
        <ele>242.2421875</ele>
        <time>2024-05-27T09:16:57Z</time>
      </trkpt>
      <trkpt lat="-34.139049975201488" lon="18.40811999514699">
        <ele>242.58203125</ele>
        <time>2024-05-27T09:16:57Z</time>
      </trkpt>
      <trkpt lat="-34.139061961323023" lon="18.408105997368693">
        <ele>242.36328125</ele>
        <time>2024-05-27T09:16:57Z</time>
      </trkpt>
      <trkpt lat="-34.139084927737713" lon="18.408092921599746">
        <ele>242.24609375</ele>
        <time>2024-05-27T09:16:57Z</time>
      </trkpt>
      <trkpt lat="-34.139109989628196" lon="18.408087976276875">
        <ele>242.3203125</ele>
        <time>2024-05-27T09:16:57Z</time>
      </trkpt>
      <trkpt lat="-34.139132956042886" lon="18.408082947134972">
        <ele>242.37890625</ele>
        <time>2024-05-27T09:16:57Z</time>
      </trkpt>
      <trkpt lat="-34.139145947992802" lon="18.408065931871533">
        <ele>242.1015625</ele>
        <time>2024-05-27T09:16:57Z</time>
      </trkpt>
      <trkpt lat="-34.139145947992802" lon="18.408042965456843">
        <ele>241.60546875</ele>
        <time>2024-05-27T09:16:58Z</time>
      </trkpt>
      <trkpt lat="-34.139145947992802" lon="18.408010946586728">
        <ele>240.9140625</ele>
        <time>2024-05-27T09:16:58Z</time>
      </trkpt>
      <trkpt lat="-34.139141924679279" lon="18.407988986000419">
        <ele>240.41015625</ele>
        <time>2024-05-27T09:16:58Z</time>
      </trkpt>
      <trkpt lat="-34.139145947992802" lon="18.407948920503259">
        <ele>239.58984375</ele>
        <time>2024-05-27T09:16:58Z</time>
      </trkpt>
      <trkpt lat="-34.139161957427859" lon="18.407921930775046">
        <ele>239.328125</ele>
        <time>2024-05-27T09:16:58Z</time>
      </trkpt>
      <trkpt lat="-34.139167992398143" lon="18.407892929390073">
        <ele>238.96484375</ele>
        <time>2024-05-27T09:16:58Z</time>
      </trkpt>
      <trkpt lat="-34.139173943549395" lon="18.407866945490241">
        <ele>238.63671875</ele>
        <time>2024-05-27T09:16:58Z</time>
      </trkpt>
      <trkpt lat="-34.139180984348059" lon="18.40784297324717">
        <ele>238.33984375</ele>
        <time>2024-05-27T09:16:58Z</time>
      </trkpt>
      <trkpt lat="-34.139180984348059" lon="18.407807936891913">
        <ele>237.84375</ele>
        <time>2024-05-27T09:16:58Z</time>
      </trkpt>
      <trkpt lat="-34.139183918014169" lon="18.407781952992082">
        <ele>237.48828125</ele>
        <time>2024-05-27T09:16:58Z</time>
      </trkpt>
      <trkpt lat="-34.139180984348059" lon="18.40775697492063">
        <ele>237.12109375</ele>
        <time>2024-05-27T09:16:58Z</time>
      </trkpt>
      <trkpt lat="-34.139170926064253" lon="18.407732918858528">
        <ele>236.734375</ele>
        <time>2024-05-27T09:16:58Z</time>
      </trkpt>
      <trkpt lat="-34.139164974913001" lon="18.407708946615458">
        <ele>236.375</ele>
        <time>2024-05-27T09:16:58Z</time>
      </trkpt>
      <trkpt lat="-34.139154916629195" lon="18.407682962715626">
        <ele>235.9765625</ele>
        <time>2024-05-27T09:16:59Z</time>
      </trkpt>
      <trkpt lat="-34.139154916629195" lon="18.407657984644175">
        <ele>235.67578125</ele>
        <time>2024-05-27T09:16:59Z</time>
      </trkpt>
      <trkpt lat="-34.139170926064253" lon="18.407629989087582">
        <ele>235.4296875</ele>
        <time>2024-05-27T09:16:59Z</time>
      </trkpt>
      <trkpt lat="-34.13918693549931" lon="18.407604927197099">
        <ele>235.21875</ele>
        <time>2024-05-27T09:16:59Z</time>
      </trkpt>
      <trkpt lat="-34.139193976297975" lon="18.407580954954028">
        <ele>234.984375</ele>
        <time>2024-05-27T09:16:59Z</time>
      </trkpt>
      <trkpt lat="-34.139193976297975" lon="18.407557988539338">
        <ele>234.734375</ele>
        <time>2024-05-27T09:16:59Z</time>
      </trkpt>
      <trkpt lat="-34.139193976297975" lon="18.407524963840842">
        <ele>234.37890625</ele>
        <time>2024-05-27T09:16:59Z</time>
      </trkpt>
      <trkpt lat="-34.139196993783116" lon="18.407500991597772">
        <ele>234.12890625</ele>
        <time>2024-05-27T09:16:59Z</time>
      </trkpt>
      <trkpt lat="-34.139209985733032" lon="18.407484982162714">
        <ele>233.875</ele>
        <time>2024-05-27T09:16:59Z</time>
      </trkpt>
      <trkpt lat="-34.139221971854568" lon="18.407461931928992">
        <ele>233.51171875</ele>
        <time>2024-05-27T09:16:59Z</time>
      </trkpt>
      <trkpt lat="-34.139231946319342" lon="18.407437959685922">
        <ele>233.140625</ele>
        <time>2024-05-27T09:16:59Z</time>
      </trkpt>
      <trkpt lat="-34.139244938269258" lon="18.407410969957709">
        <ele>232.69140625</ele>
        <time>2024-05-27T09:16:59Z</time>
      </trkpt>
      <trkpt lat="-34.139263965189457" lon="18.40739194303751">
        <ele>232.27734375</ele>
        <time>2024-05-27T09:17:00Z</time>
      </trkpt>
      <trkpt lat="-34.139279974624515" lon="18.407370988279581">
        <ele>231.9765625</ele>
        <time>2024-05-27T09:17:00Z</time>
      </trkpt>
      <trkpt lat="-34.139285925775766" lon="18.407349949702621">
        <ele>231.78515625</ele>
        <time>2024-05-27T09:17:00Z</time>
      </trkpt>
      <trkpt lat="-34.139295984059572" lon="18.407332934439182">
        <ele>231.58203125</ele>
        <time>2024-05-27T09:17:00Z</time>
      </trkpt>
      <trkpt lat="-34.13931199349463" lon="18.407317930832505">
        <ele>231.3359375</ele>
        <time>2024-05-27T09:17:00Z</time>
      </trkpt>
      <trkpt lat="-34.139324985444546" lon="18.407303933054209">
        <ele>231.12890625</ele>
        <time>2024-05-27T09:17:00Z</time>
      </trkpt>
      <trkpt lat="-34.139343928545713" lon="18.407290941104293">
        <ele>230.87890625</ele>
        <time>2024-05-27T09:17:00Z</time>
      </trkpt>
      <trkpt lat="-34.139359937980771" lon="18.407269986346364">
        <ele>230.62109375</ele>
        <time>2024-05-27T09:17:00Z</time>
      </trkpt>
      <trkpt lat="-34.139372929930687" lon="18.407258922234178">
        <ele>230.4453125</ele>
        <time>2024-05-27T09:17:00Z</time>
      </trkpt>
      <trkpt lat="-34.139385921880603" lon="18.407242996618152">
        <ele>230.25390625</ele>
        <time>2024-05-27T09:17:00Z</time>
      </trkpt>
      <trkpt lat="-34.13940193131566" lon="18.407218940556049">
        <ele>230</ele>
        <time>2024-05-27T09:17:00Z</time>
      </trkpt>
      <trkpt lat="-34.139407966285944" lon="18.40719697996974">
        <ele>229.8515625</ele>
        <time>2024-05-27T09:17:01Z</time>
      </trkpt>
      <trkpt lat="-34.139413917437196" lon="18.407170996069908">
        <ele>229.6875</ele>
        <time>2024-05-27T09:17:01Z</time>
      </trkpt>
      <trkpt lat="-34.139413917437196" lon="18.407146940007806">
        <ele>229.58203125</ele>
        <time>2024-05-27T09:17:01Z</time>
      </trkpt>
      <trkpt lat="-34.13942095823586" lon="18.407119950279593">
        <ele>229.41015625</ele>
        <time>2024-05-27T09:17:01Z</time>
      </trkpt>
      <trkpt lat="-34.139413917437196" lon="18.407093966379762">
        <ele>229.17578125</ele>
        <time>2024-05-27T09:17:01Z</time>
      </trkpt>
      <trkpt lat="-34.13940193131566" lon="18.407071921974421">
        <ele>228.99609375</ele>
        <time>2024-05-27T09:17:01Z</time>
      </trkpt>
      <trkpt lat="-34.139388939365745" lon="18.407052978873253">
        <ele>228.85546875</ele>
        <time>2024-05-27T09:17:01Z</time>
      </trkpt>
      <trkpt lat="-34.139375947415829" lon="18.407034957781434">
        <ele>228.71875</ele>
        <time>2024-05-27T09:17:01Z</time>
      </trkpt>
      <trkpt lat="-34.139365972951055" lon="18.407013919204473">
        <ele>228.5234375</ele>
        <time>2024-05-27T09:17:01Z</time>
      </trkpt>
      <trkpt lat="-34.13933839648962" lon="18.40698198415339">
        <ele>228.28125</ele>
        <time>2024-05-27T09:17:01Z</time>
      </trkpt>
      <trkpt lat="-34.139330936595798" lon="18.406972931697965">
        <ele>228.20703125</ele>
        <time>2024-05-27T09:17:02Z</time>
      </trkpt>
      <trkpt lat="-34.13931199349463" lon="18.406957928091288">
        <ele>228.11328125</ele>
        <time>2024-05-27T09:17:02Z</time>
      </trkpt>
      <trkpt lat="-34.13929296657443" lon="18.406948959454894">
        <ele>228.09375</ele>
        <time>2024-05-27T09:17:02Z</time>
      </trkpt>
      <trkpt lat="-34.139282992109656" lon="18.406922975555062">
        <ele>227.796875</ele>
        <time>2024-05-27T09:17:02Z</time>
      </trkpt>
      <trkpt lat="-34.139289949089289" lon="18.406900931149721">
        <ele>227.47265625</ele>
        <time>2024-05-27T09:17:02Z</time>
      </trkpt>
      <trkpt lat="-34.139301935210824" lon="18.406884921714664">
        <ele>227.2109375</ele>
        <time>2024-05-27T09:17:02Z</time>
      </trkpt>
      <trkpt lat="-34.13931492716074" lon="18.406858937814832">
        <ele>226.82421875</ele>
        <time>2024-05-27T09:17:02Z</time>
      </trkpt>
      <trkpt lat="-34.139327919110656" lon="18.406836977228522">
        <ele>226.46875</ele>
        <time>2024-05-27T09:17:02Z</time>
      </trkpt>
      <trkpt lat="-34.139343928545713" lon="18.406810993328691">
        <ele>225.89453125</ele>
        <time>2024-05-27T09:17:02Z</time>
      </trkpt>
      <trkpt lat="-34.139349963515997" lon="18.406783919781446">
        <ele>225.328125</ele>
        <time>2024-05-27T09:17:03Z</time>
      </trkpt>
      <trkpt lat="-34.139349963515997" lon="18.406759947538376">
        <ele>224.8515625</ele>
        <time>2024-05-27T09:17:03Z</time>
      </trkpt>
      <trkpt lat="-34.139346946030855" lon="18.406727928668261">
        <ele>224.2265625</ele>
        <time>2024-05-27T09:17:03Z</time>
      </trkpt>
      <trkpt lat="-34.139346946030855" lon="18.40670395642519">
        <ele>223.75</ele>
        <time>2024-05-27T09:17:03Z</time>
      </trkpt>
      <trkpt lat="-34.139343928545713" lon="18.406681995838881">
        <ele>223.328125</ele>
        <time>2024-05-27T09:17:03Z</time>
      </trkpt>
      <trkpt lat="-34.139349963515997" lon="18.406652994453907">
        <ele>222.71484375</ele>
        <time>2024-05-27T09:17:03Z</time>
      </trkpt>
      <trkpt lat="-34.139346946030855" lon="18.406625920906663">
        <ele>222.1953125</ele>
        <time>2024-05-27T09:17:03Z</time>
      </trkpt>
      <trkpt lat="-34.139346946030855" lon="18.406604966148734">
        <ele>221.77734375</ele>
        <time>2024-05-27T09:17:03Z</time>
      </trkpt>
      <trkpt lat="-34.139353986829519" lon="18.406578982248902">
        <ele>221.2109375</ele>
        <time>2024-05-27T09:17:03Z</time>
      </trkpt>
      <trkpt lat="-34.139359937980771" lon="18.406548975035548">
        <ele>220.59375</ele>
        <time>2024-05-27T09:17:04Z</time>
      </trkpt>
      <trkpt lat="-34.139362955465913" lon="18.406521985307336">
        <ele>220.0859375</ele>
        <time>2024-05-27T09:17:04Z</time>
      </trkpt>
      <trkpt lat="-34.139362955465913" lon="18.406493989750743">
        <ele>219.58203125</ele>
        <time>2024-05-27T09:17:04Z</time>
      </trkpt>
      <trkpt lat="-34.139372929930687" lon="18.406474962830544">
        <ele>219.16796875</ele>
        <time>2024-05-27T09:17:04Z</time>
      </trkpt>
      <trkpt lat="-34.139388939365745" lon="18.406447973102331">
        <ele>218.56640625</ele>
        <time>2024-05-27T09:17:04Z</time>
      </trkpt>
      <trkpt lat="-34.139404948800802" lon="18.406423917040229">
        <ele>218.015625</ele>
        <time>2024-05-27T09:17:04Z</time>
      </trkpt>
      <trkpt lat="-34.139413917437196" lon="18.406404973939061">
        <ele>217.609375</ele>
        <time>2024-05-27T09:17:04Z</time>
      </trkpt>
      <trkpt lat="-34.139439985156059" lon="18.406397933140397">
        <ele>217.296875</ele>
        <time>2024-05-27T09:17:04Z</time>
      </trkpt>
      <trkpt lat="-34.139452977105975" lon="18.406381923705339">
        <ele>216.9140625</ele>
        <time>2024-05-27T09:17:05Z</time>
      </trkpt>
      <trkpt lat="-34.139465969055891" lon="18.406365998089314">
        <ele>216.53515625</ele>
        <time>2024-05-27T09:17:05Z</time>
      </trkpt>
      <trkpt lat="-34.13948499597609" lon="18.406337918713689">
        <ele>215.91015625</ele>
        <time>2024-05-27T09:17:05Z</time>
      </trkpt>
      <trkpt lat="-34.139500921592116" lon="18.406309923157096">
        <ele>215.34375</ele>
        <time>2024-05-27T09:17:05Z</time>
      </trkpt>
      <trkpt lat="-34.139519948512316" lon="18.406295925378799">
        <ele>215.02734375</ele>
        <time>2024-05-27T09:17:05Z</time>
      </trkpt>
      <trkpt lat="-34.139532940462232" lon="18.406279999762774">
        <ele>214.7578125</ele>
        <time>2024-05-27T09:17:05Z</time>
      </trkpt>
      <trkpt lat="-34.139557918533683" lon="18.406268935650587">
        <ele>214.57421875</ele>
        <time>2024-05-27T09:17:05Z</time>
      </trkpt>
      <trkpt lat="-34.139586919918656" lon="18.406255943700671">
        <ele>214.3515625</ele>
        <time>2024-05-27T09:17:05Z</time>
      </trkpt>
      <trkpt lat="-34.139599995687604" lon="18.406229959800839">
        <ele>214.0703125</ele>
        <time>2024-05-27T09:17:06Z</time>
      </trkpt>
      <trkpt lat="-34.139602929353714" lon="18.406197940930724">
        <ele>213.7734375</ele>
        <time>2024-05-27T09:17:06Z</time>
      </trkpt>
      <trkpt lat="-34.13961298763752" lon="18.406177992001176">
        <ele>213.546875</ele>
        <time>2024-05-27T09:17:06Z</time>
      </trkpt>
      <trkpt lat="-34.139625979587436" lon="18.406156953424215">
        <ele>213.2890625</ele>
        <time>2024-05-27T09:17:06Z</time>
      </trkpt>
      <trkpt lat="-34.139641989022493" lon="18.406137926504016">
        <ele>213.02734375</ele>
        <time>2024-05-27T09:17:06Z</time>
      </trkpt>
      <trkpt lat="-34.139650957658887" lon="18.406116971746087">
        <ele>212.78125</ele>
        <time>2024-05-27T09:17:06Z</time>
      </trkpt>
      <trkpt lat="-34.139663949608803" lon="18.406090987846255">
        <ele>212.45703125</ele>
        <time>2024-05-27T09:17:06Z</time>
      </trkpt>
      <trkpt lat="-34.13967995904386" lon="18.406060980632901">
        <ele>212.0625</ele>
        <time>2024-05-27T09:17:06Z</time>
      </trkpt>
      <trkpt lat="-34.139685994014144" lon="18.406034996733069">
        <ele>211.765625</ele>
        <time>2024-05-27T09:17:07Z</time>
      </trkpt>
      <trkpt lat="-34.139689933508635" lon="18.406005995348096">
        <ele>211.453125</ele>
        <time>2024-05-27T09:17:07Z</time>
      </trkpt>
      <trkpt lat="-34.139685994014144" lon="18.405969953164458">
        <ele>211.1875</ele>
        <time>2024-05-27T09:17:07Z</time>
      </trkpt>
      <trkpt lat="-34.13969898596406" lon="18.405938940122724">
        <ele>210.85546875</ele>
        <time>2024-05-27T09:17:07Z</time>
      </trkpt>
      <trkpt lat="-34.139708960428834" lon="18.405908932909369">
        <ele>210.55859375</ele>
        <time>2024-05-27T09:17:07Z</time>
      </trkpt>
      <trkpt lat="-34.139711977913976" lon="18.405881943181157">
        <ele>210.33203125</ele>
        <time>2024-05-27T09:17:07Z</time>
      </trkpt>
      <trkpt lat="-34.13972195237875" lon="18.405852941796184">
        <ele>210.0546875</ele>
        <time>2024-05-27T09:17:07Z</time>
      </trkpt>
      <trkpt lat="-34.139724969863892" lon="18.405826957896352">
        <ele>209.84375</ele>
        <time>2024-05-27T09:17:08Z</time>
      </trkpt>
      <trkpt lat="-34.139727987349033" lon="18.405793933197856">
        <ele>209.578125</ele>
        <time>2024-05-27T09:17:08Z</time>
      </trkpt>
      <trkpt lat="-34.139727987349033" lon="18.405764931812882">
        <ele>209.359375</ele>
        <time>2024-05-27T09:17:08Z</time>
      </trkpt>
      <trkpt lat="-34.139724969863892" lon="18.405740959569812">
        <ele>209.19140625</ele>
        <time>2024-05-27T09:17:08Z</time>
      </trkpt>
      <trkpt lat="-34.139717929065228" lon="18.40571497566998">
        <ele>209.015625</ele>
        <time>2024-05-27T09:17:08Z</time>
      </trkpt>
      <trkpt lat="-34.139711977913976" lon="18.405692931264639">
        <ele>208.8671875</ele>
        <time>2024-05-27T09:17:08Z</time>
      </trkpt>
      <trkpt lat="-34.139705942943692" lon="18.405663929879665">
        <ele>208.65625</ele>
        <time>2024-05-27T09:17:08Z</time>
      </trkpt>
      <trkpt lat="-34.139708960428834" lon="18.405639957636595">
        <ele>208.4609375</ele>
        <time>2024-05-27T09:17:09Z</time>
      </trkpt>
      <trkpt lat="-34.139708960428834" lon="18.405610956251621">
        <ele>208.234375</ele>
        <time>2024-05-27T09:17:09Z</time>
      </trkpt>
      <trkpt lat="-34.139708960428834" lon="18.405581954866648">
        <ele>208.01171875</ele>
        <time>2024-05-27T09:17:09Z</time>
      </trkpt>
      <trkpt lat="-34.139711977913976" lon="18.405554965138435">
        <ele>207.796875</ele>
        <time>2024-05-27T09:17:09Z</time>
      </trkpt>
      <trkpt lat="-34.139708960428834" lon="18.405530992895365">
        <ele>207.61328125</ele>
        <time>2024-05-27T09:17:09Z</time>
      </trkpt>
      <trkpt lat="-34.139708960428834" lon="18.405503919348121">
        <ele>207.40234375</ele>
        <time>2024-05-27T09:17:09Z</time>
      </trkpt>
      <trkpt lat="-34.139708960428834" lon="18.40547994710505">
        <ele>207.21484375</ele>
        <time>2024-05-27T09:17:09Z</time>
      </trkpt>
      <trkpt lat="-34.13970191963017" lon="18.405452957376838">
        <ele>207.00390625</ele>
        <time>2024-05-27T09:17:10Z</time>
      </trkpt>
      <trkpt lat="-34.139692950993776" lon="18.405421944335103">
        <ele>207</ele>
        <time>2024-05-27T09:17:10Z</time>
      </trkpt>
      <trkpt lat="-34.139692950993776" lon="18.405385985970497">
        <ele>207</ele>
        <time>2024-05-27T09:17:10Z</time>
      </trkpt>
      <trkpt lat="-34.139689933508635" lon="18.405353967100382">
        <ele>207</ele>
        <time>2024-05-27T09:17:10Z</time>
      </trkpt>
      <trkpt lat="-34.139673924073577" lon="18.405325971543789">
        <ele>207</ele>
        <time>2024-05-27T09:17:10Z</time>
      </trkpt>
      <trkpt lat="-34.139666967093945" lon="18.405305938795209">
        <ele>207</ele>
        <time>2024-05-27T09:17:10Z</time>
      </trkpt>
      <trkpt lat="-34.139682976529002" lon="18.405292946845293">
        <ele>207</ele>
        <time>2024-05-27T09:17:11Z</time>
      </trkpt>
      <trkpt lat="-34.13970191963017" lon="18.405266962945461">
        <ele>207</ele>
        <time>2024-05-27T09:17:11Z</time>
      </trkpt>
      <trkpt lat="-34.139711977913976" lon="18.405245924368501">
        <ele>207</ele>
        <time>2024-05-27T09:17:11Z</time>
      </trkpt>
      <trkpt lat="-34.139717929065228" lon="18.405212983489037">
        <ele>207</ele>
        <time>2024-05-27T09:17:11Z</time>
      </trkpt>
      <trkpt lat="-34.139730921015143" lon="18.405172917991877">
        <ele>207.00390625</ele>
        <time>2024-05-27T09:17:11Z</time>
      </trkpt>
      <trkpt lat="-34.139743996784091" lon="18.405151963233948">
        <ele>207.07421875</ele>
        <time>2024-05-27T09:17:11Z</time>
      </trkpt>
      <trkpt lat="-34.139749947935343" lon="18.405124973505735">
        <ele>207.171875</ele>
        <time>2024-05-27T09:17:12Z</time>
      </trkpt>
      <trkpt lat="-34.139759922400117" lon="18.405101923272014">
        <ele>207.27734375</ele>
        <time>2024-05-27T09:17:12Z</time>
      </trkpt>
      <trkpt lat="-34.139769980683923" lon="18.405082980170846">
        <ele>207.3671875</ele>
        <time>2024-05-27T09:17:12Z</time>
      </trkpt>
      <trkpt lat="-34.13978599011898" lon="18.405058924108744">
        <ele>207.484375</ele>
        <time>2024-05-27T09:17:12Z</time>
      </trkpt>
      <trkpt lat="-34.139797976240516" lon="18.405036963522434">
        <ele>207.57421875</ele>
        <time>2024-05-27T09:17:12Z</time>
      </trkpt>
      <trkpt lat="-34.139804933220148" lon="18.405013997107744">
        <ele>207.65625</ele>
        <time>2024-05-27T09:17:12Z</time>
      </trkpt>
      <trkpt lat="-34.139810968190432" lon="18.404989941045642">
        <ele>207.734375</ele>
        <time>2024-05-27T09:17:13Z</time>
      </trkpt>
      <trkpt lat="-34.139820942655206" lon="18.404969992116094">
        <ele>207.80078125</ele>
        <time>2024-05-27T09:17:13Z</time>
      </trkpt>
      <trkpt lat="-34.139826977625489" lon="18.404948953539133">
        <ele>207.86328125</ele>
        <time>2024-05-27T09:17:13Z</time>
      </trkpt>
      <trkpt lat="-34.139842987060547" lon="18.404937973245978">
        <ele>207.8984375</ele>
        <time>2024-05-27T09:17:13Z</time>
      </trkpt>
      <trkpt lat="-34.139858996495605" lon="18.404922969639301">
        <ele>207.94140625</ele>
        <time>2024-05-27T09:17:13Z</time>
      </trkpt>
      <trkpt lat="-34.139877939596772" lon="18.40490092523396">
        <ele>207.9921875</ele>
        <time>2024-05-27T09:17:13Z</time>
      </trkpt>
      <trkpt lat="-34.139900989830494" lon="18.404879970476031">
        <ele>208</ele>
        <time>2024-05-27T09:17:14Z</time>
      </trkpt>
      <trkpt lat="-34.139916999265552" lon="18.404855998232961">
        <ele>208</ele>
        <time>2024-05-27T09:17:14Z</time>
      </trkpt>
      <trkpt lat="-34.139929991215467" lon="18.404834959656">
        <ele>208</ele>
        <time>2024-05-27T09:17:14Z</time>
      </trkpt>
      <trkpt lat="-34.139938959851861" lon="18.404818950220942">
        <ele>208</ele>
        <time>2024-05-27T09:17:14Z</time>
      </trkpt>
      <trkpt lat="-34.139948934316635" lon="18.404797995463014">
        <ele>208</ele>
        <time>2024-05-27T09:17:14Z</time>
      </trkpt>
      <trkpt lat="-34.139977935701609" lon="18.404789948835969">
        <ele>208</ele>
        <time>2024-05-27T09:17:14Z</time>
      </trkpt>
      <trkpt lat="-34.13999998010695" lon="18.404780980199575">
        <ele>208</ele>
        <time>2024-05-27T09:17:15Z</time>
      </trkpt>
      <trkpt lat="-34.140018923208117" lon="18.404764970764518">
        <ele>208</ele>
        <time>2024-05-27T09:17:15Z</time>
      </trkpt>
      <trkpt lat="-34.140018923208117" lon="18.404741920530796">
        <ele>208</ele>
        <time>2024-05-27T09:17:15Z</time>
      </trkpt>
      <trkpt lat="-34.140018923208117" lon="18.404717948287725">
        <ele>208</ele>
        <time>2024-05-27T09:17:15Z</time>
      </trkpt>
      <trkpt lat="-34.140021940693259" lon="18.404693976044655">
        <ele>208</ele>
        <time>2024-05-27T09:17:15Z</time>
      </trkpt>
      <trkpt lat="-34.140034932643175" lon="18.404676960781217">
        <ele>207.99609375</ele>
        <time>2024-05-27T09:17:15Z</time>
      </trkpt>
      <trkpt lat="-34.140057982876897" lon="18.404671931639314">
        <ele>207.98046875</ele>
        <time>2024-05-27T09:17:16Z</time>
      </trkpt>
      <trkpt lat="-34.140079943463206" lon="18.40468492358923">
        <ele>207.9609375</ele>
        <time>2024-05-27T09:17:16Z</time>
      </trkpt>
      <trkpt lat="-34.140098970383406" lon="18.404690958559513">
        <ele>207.9375</ele>
        <time>2024-05-27T09:17:16Z</time>
      </trkpt>
      <trkpt lat="-34.14010894484818" lon="18.404714930802584">
        <ele>207.90625</ele>
        <time>2024-05-27T09:17:16Z</time>
      </trkpt>
      <trkpt lat="-34.140127971768379" lon="18.40472498908639">
        <ele>207.8671875</ele>
        <time>2024-05-27T09:17:16Z</time>
      </trkpt>
      <trkpt lat="-34.140156973153353" lon="18.404717948287725">
        <ele>207.83984375</ele>
        <time>2024-05-27T09:17:17Z</time>
      </trkpt>
      <trkpt lat="-34.14017591625452" lon="18.404721971601248">
        <ele>207.80859375</ele>
        <time>2024-05-27T09:17:17Z</time>
      </trkpt>
      <trkpt lat="-34.140201983973384" lon="18.40472599491477">
        <ele>207.765625</ele>
        <time>2024-05-27T09:17:17Z</time>
      </trkpt>
      <trkpt lat="-34.140223944559693" lon="18.404733957722783">
        <ele>207.71484375</ele>
        <time>2024-05-27T09:17:17Z</time>
      </trkpt>
      <trkpt lat="-34.140274990350008" lon="18.40474896132946">
        <ele>207.59375</ele>
        <time>2024-05-27T09:17:17Z</time>
      </trkpt>
      <trkpt lat="-34.140287982299924" lon="18.404741920530796">
        <ele>207.59375</ele>
        <time>2024-05-27T09:17:17Z</time>
      </trkpt>
      <trkpt lat="-34.140316983684897" lon="18.404751978814602">
        <ele>207.484375</ele>
        <time>2024-05-27T09:17:18Z</time>
      </trkpt>
      <trkpt lat="-34.140332993119955" lon="18.404764970764518">
        <ele>207.3515625</ele>
        <time>2024-05-27T09:17:18Z</time>
      </trkpt>
      <trkpt lat="-34.140361994504929" lon="18.404778968542814">
        <ele>207.15625</ele>
        <time>2024-05-27T09:17:18Z</time>
      </trkpt>
      <trkpt lat="-34.14038697257638" lon="18.404786931350827">
        <ele>207.0078125</ele>
        <time>2024-05-27T09:17:18Z</time>
      </trkpt>
      <trkpt lat="-34.140415973961353" lon="18.404796989634633">
        <ele>206.83984375</ele>
        <time>2024-05-27T09:17:18Z</time>
      </trkpt>
      <trkpt lat="-34.140441957861185" lon="18.404797995463014">
        <ele>206.7109375</ele>
        <time>2024-05-27T09:17:19Z</time>
      </trkpt>
      <trkpt lat="-34.140460984781384" lon="18.404794977977872">
        <ele>206.62109375</ele>
        <time>2024-05-27T09:17:19Z</time>
      </trkpt>
      <trkpt lat="-34.140479927882552" lon="18.404801934957504">
        <ele>206.51953125</ele>
        <time>2024-05-27T09:17:19Z</time>
      </trkpt>
      <trkpt lat="-34.140501972287893" lon="18.40481098741293">
        <ele>206.40234375</ele>
        <time>2024-05-27T09:17:19Z</time>
      </trkpt>
      <trkpt lat="-34.140524938702583" lon="18.404818950220942">
        <ele>206.2890625</ele>
        <time>2024-05-27T09:17:19Z</time>
      </trkpt>
      <trkpt lat="-34.140543965622783" lon="18.404804952442646">
        <ele>206.20703125</ele>
        <time>2024-05-27T09:17:20Z</time>
      </trkpt>
      <trkpt lat="-34.14055997505784" lon="18.404789948835969">
        <ele>206.13671875</ele>
        <time>2024-05-27T09:17:20Z</time>
      </trkpt>
      <trkpt lat="-34.140578918159008" lon="18.404799923300743">
        <ele>206.0390625</ele>
        <time>2024-05-27T09:17:20Z</time>
      </trkpt>
      <trkpt lat="-34.140597945079207" lon="18.404797995463014">
        <ele>205.8984375</ele>
        <time>2024-05-27T09:17:20Z</time>
      </trkpt>
      <trkpt lat="-34.140623928979039" lon="18.404794977977872">
        <ele>205.65234375</ele>
        <time>2024-05-27T09:17:20Z</time>
      </trkpt>
      <trkpt lat="-34.140652930364013" lon="18.404799923300743">
        <ele>205.375</ele>
        <time>2024-05-27T09:17:21Z</time>
      </trkpt>
      <trkpt lat="-34.140677992254496" lon="18.404807969927788">
        <ele>205.125</ele>
        <time>2024-05-27T09:17:21Z</time>
      </trkpt>
      <trkpt lat="-34.140700958669186" lon="18.40481392107904">
        <ele>204.89453125</ele>
        <time>2024-05-27T09:17:21Z</time>
      </trkpt>
      <trkpt lat="-34.140722919255495" lon="18.404815932735801">
        <ele>204.67578125</ele>
        <time>2024-05-27T09:17:21Z</time>
      </trkpt>
      <trkpt lat="-34.140741946175694" lon="18.404815932735801">
        <ele>204.4921875</ele>
        <time>2024-05-27T09:17:21Z</time>
      </trkpt>
      <trkpt lat="-34.140757955610752" lon="18.404825991019607">
        <ele>204.3125</ele>
        <time>2024-05-27T09:17:22Z</time>
      </trkpt>
      <trkpt lat="-34.140777988359332" lon="18.404834959656">
        <ele>204.09375</ele>
        <time>2024-05-27T09:17:22Z</time>
      </trkpt>
      <trkpt lat="-34.1407969314605" lon="18.404834959656">
        <ele>203.90234375</ele>
        <time>2024-05-27T09:17:22Z</time>
      </trkpt>
      <trkpt lat="-34.140818975865841" lon="18.404839988797903">
        <ele>203.66796875</ele>
        <time>2024-05-27T09:17:22Z</time>
      </trkpt>
      <trkpt lat="-34.140841942280531" lon="18.404841916635633">
        <ele>203.4296875</ele>
        <time>2024-05-27T09:17:22Z</time>
      </trkpt>
      <trkpt lat="-34.14086096920073" lon="18.404836971312761">
        <ele>203.2578125</ele>
        <time>2024-05-27T09:17:23Z</time>
      </trkpt>
      <trkpt lat="-34.14088292978704" lon="18.404839988797903">
        <ele>203.0625</ele>
        <time>2024-05-27T09:17:23Z</time>
      </trkpt>
      <trkpt lat="-34.140908997505903" lon="18.404847951605916">
        <ele>202.83203125</ele>
        <time>2024-05-27T09:17:23Z</time>
      </trkpt>
      <trkpt lat="-34.140933975577354" lon="18.404845939949155">
        <ele>202.640625</ele>
        <time>2024-05-27T09:17:23Z</time>
      </trkpt>
      <trkpt lat="-34.140956941992044" lon="18.404837977141142">
        <ele>202.48046875</ele>
        <time>2024-05-27T09:17:24Z</time>
      </trkpt>
      <trkpt lat="-34.140981920063496" lon="18.404823979362845">
        <ele>202.30859375</ele>
        <time>2024-05-27T09:17:24Z</time>
      </trkpt>
      <trkpt lat="-34.141001952812076" lon="18.404825991019607">
        <ele>202.140625</ele>
        <time>2024-05-27T09:17:24Z</time>
      </trkpt>
      <trkpt lat="-34.141020979732275" lon="18.404834959656">
        <ele>201.97265625</ele>
        <time>2024-05-27T09:17:24Z</time>
      </trkpt>
      <trkpt lat="-34.141033971682191" lon="18.404820961877704">
        <ele>201.890625</ele>
        <time>2024-05-27T09:17:24Z</time>
      </trkpt>
      <trkpt lat="-34.1410559322685" lon="18.404799923300743">
        <ele>201.734375</ele>
        <time>2024-05-27T09:17:25Z</time>
      </trkpt>
      <trkpt lat="-34.141081999987364" lon="18.404777962714434">
        <ele>201.53125</ele>
        <time>2024-05-27T09:17:25Z</time>
      </trkpt>
      <trkpt lat="-34.141100943088531" lon="18.404764970764518">
        <ele>201.37109375</ele>
        <time>2024-05-27T09:17:25Z</time>
      </trkpt>
      <trkpt lat="-34.141119970008731" lon="18.404759941622615">
        <ele>201.203125</ele>
        <time>2024-05-27T09:17:25Z</time>
      </trkpt>
      <trkpt lat="-34.14113899692893" lon="18.404764970764518">
        <ele>201.03125</ele>
        <time>2024-05-27T09:17:25Z</time>
      </trkpt>
      <trkpt lat="-34.141157940030098" lon="18.404775951057673">
        <ele>200.890625</ele>
        <time>2024-05-27T09:17:26Z</time>
      </trkpt>
      <trkpt lat="-34.14118099026382" lon="18.404764970764518">
        <ele>200.72265625</ele>
        <time>2024-05-27T09:17:26Z</time>
      </trkpt>
      <trkpt lat="-34.141205968335271" lon="18.404746949672699">
        <ele>200.54296875</ele>
        <time>2024-05-27T09:17:26Z</time>
      </trkpt>
      <trkpt lat="-34.141234969720244" lon="18.404730940237641">
        <ele>200.33203125</ele>
        <time>2024-05-27T09:17:26Z</time>
      </trkpt>
      <trkpt lat="-34.141257936134934" lon="18.4047279227525">
        <ele>200.16796875</ele>
        <time>2024-05-27T09:17:27Z</time>
      </trkpt>
      <trkpt lat="-34.141279980540276" lon="18.404741920530796">
        <ele>200.0078125</ele>
        <time>2024-05-27T09:17:27Z</time>
      </trkpt>
      <trkpt lat="-34.141298923641443" lon="18.404745943844318">
        <ele>199.875</ele>
        <time>2024-05-27T09:17:27Z</time>
      </trkpt>
      <trkpt lat="-34.141327925026417" lon="18.404735969379544">
        <ele>199.6640625</ele>
        <time>2024-05-27T09:17:27Z</time>
      </trkpt>
      <trkpt lat="-34.141349969431758" lon="18.40472599491477">
        <ele>199.50390625</ele>
        <time>2024-05-27T09:17:27Z</time>
      </trkpt>
      <trkpt lat="-34.141365978866816" lon="18.40470596216619">
        <ele>199.390625</ele>
        <time>2024-05-27T09:17:28Z</time>
      </trkpt>
      <trkpt lat="-34.141378970816731" lon="18.40468592941761">
        <ele>199.296875</ele>
        <time>2024-05-27T09:17:28Z</time>
      </trkpt>
      <trkpt lat="-34.141401937231421" lon="18.404687941074371">
        <ele>199.1328125</ele>
        <time>2024-05-27T09:17:28Z</time>
      </trkpt>
      <trkpt lat="-34.141420964151621" lon="18.404690958559513">
        <ele>198.9921875</ele>
        <time>2024-05-27T09:17:28Z</time>
      </trkpt>
      <trkpt lat="-34.14143999107182" lon="18.404679978266358">
        <ele>198.80078125</ele>
        <time>2024-05-27T09:17:29Z</time>
      </trkpt>
      <trkpt lat="-34.141455916687846" lon="18.404666986316442">
        <ele>198.63671875</ele>
        <time>2024-05-27T09:17:29Z</time>
      </trkpt>
      <trkpt lat="-34.141474943608046" lon="18.40466195717454">
        <ele>198.4375</ele>
        <time>2024-05-27T09:17:29Z</time>
      </trkpt>
      <trkpt lat="-34.141493970528245" lon="18.404660951346159">
        <ele>198.2421875</ele>
        <time>2024-05-27T09:17:29Z</time>
      </trkpt>
      <trkpt lat="-34.141513919457793" lon="18.404658939689398">
        <ele>198.03515625</ele>
        <time>2024-05-27T09:17:30Z</time>
      </trkpt>
      <trkpt lat="-34.141535963863134" lon="18.404658939689398">
        <ele>197.80859375</ele>
        <time>2024-05-27T09:17:30Z</time>
      </trkpt>
      <trkpt lat="-34.141564965248108" lon="18.404658939689398">
        <ele>197.5078125</ele>
        <time>2024-05-27T09:17:30Z</time>
      </trkpt>
      <trkpt lat="-34.141589943319559" lon="18.40466195717454">
        <ele>197.2578125</ele>
        <time>2024-05-27T09:17:30Z</time>
      </trkpt>
      <trkpt lat="-34.141609976068139" lon="18.404669919982553">
        <ele>197.07421875</ele>
        <time>2024-05-27T09:17:30Z</time>
      </trkpt>
      <trkpt lat="-34.141631936654449" lon="18.404669919982553">
        <ele>196.84765625</ele>
        <time>2024-05-27T09:17:31Z</time>
      </trkpt>
      <trkpt lat="-34.141650963574648" lon="18.404679978266358">
        <ele>196.6875</ele>
        <time>2024-05-27T09:17:31Z</time>
      </trkpt>
      <trkpt lat="-34.141669990494847" lon="18.40468492358923">
        <ele>196.51171875</ele>
        <time>2024-05-27T09:17:31Z</time>
      </trkpt>
      <trkpt lat="-34.141689939424396" lon="18.40468492358923">
        <ele>196.3125</ele>
        <time>2024-05-27T09:17:31Z</time>
      </trkpt>
      <trkpt lat="-34.141708966344595" lon="18.404690958559513">
        <ele>196.1640625</ele>
        <time>2024-05-27T09:17:32Z</time>
      </trkpt>
      <trkpt lat="-34.141733944416046" lon="18.404687941074371">
        <ele>195.953125</ele>
        <time>2024-05-27T09:17:32Z</time>
      </trkpt>
      <trkpt lat="-34.14176294580102" lon="18.404677966609597">
        <ele>195.69140625</ele>
        <time>2024-05-27T09:17:32Z</time>
      </trkpt>
      <trkpt lat="-34.141785996034741" lon="18.404666986316442">
        <ele>195.48046875</ele>
        <time>2024-05-27T09:17:32Z</time>
      </trkpt>
      <trkpt lat="-34.141804939135909" lon="18.404645947739482">
        <ele>195.28515625</ele>
        <time>2024-05-27T09:17:33Z</time>
      </trkpt>
      <trkpt lat="-34.141817931085825" lon="18.40461895801127">
        <ele>195.1328125</ele>
        <time>2024-05-27T09:17:33Z</time>
      </trkpt>
      <trkpt lat="-34.14182698354125" lon="18.40459993109107">
        <ele>195.03515625</ele>
        <time>2024-05-27T09:17:33Z</time>
      </trkpt>
      <trkpt lat="-34.141842992976308" lon="18.404578976333141">
        <ele>194.87890625</ele>
        <time>2024-05-27T09:17:33Z</time>
      </trkpt>
      <trkpt lat="-34.14184994995594" lon="18.404551986604929">
        <ele>194.76953125</ele>
        <time>2024-05-27T09:17:34Z</time>
      </trkpt>
      <trkpt lat="-34.141852967441082" lon="18.404530948027968">
        <ele>194.703125</ele>
        <time>2024-05-27T09:17:34Z</time>
      </trkpt>
      <trkpt lat="-34.141871994361281" lon="18.40450999327004">
        <ele>194.49609375</ele>
        <time>2024-05-27T09:17:34Z</time>
      </trkpt>
      <trkpt lat="-34.141887919977307" lon="18.404492978006601">
        <ele>194.31640625</ele>
        <time>2024-05-27T09:17:34Z</time>
      </trkpt>
      <trkpt lat="-34.141897978261113" lon="18.404473951086402">
        <ele>194.1796875</ele>
        <time>2024-05-27T09:17:35Z</time>
      </trkpt>
      <trkpt lat="-34.141916921362281" lon="18.404463976621628">
        <ele>193.9765625</ele>
        <time>2024-05-27T09:17:35Z</time>
      </trkpt>
      <trkpt lat="-34.141945922747254" lon="18.40444796718657">
        <ele>193.66015625</ele>
        <time>2024-05-27T09:17:35Z</time>
      </trkpt>
      <trkpt lat="-34.141961932182312" lon="18.404437992721796">
        <ele>193.47265625</ele>
        <time>2024-05-27T09:17:35Z</time>
      </trkpt>
      <trkpt lat="-34.141969392076135" lon="18.404429443180561">
        <ele>193.37109375</ele>
        <time>2024-05-27T09:17:36Z</time>
      </trkpt>
      <trkpt lat="-34.141993951052427" lon="18.40438392944634">
        <ele>193.0078125</ele>
        <time>2024-05-27T09:17:36Z</time>
      </trkpt>
      <trkpt lat="-34.142012977972627" lon="18.404359957203269">
        <ele>192.78515625</ele>
        <time>2024-05-27T09:17:36Z</time>
      </trkpt>
      <trkpt lat="-34.142028987407684" lon="18.404338918626308">
        <ele>192.61328125</ele>
        <time>2024-05-27T09:17:36Z</time>
      </trkpt>
      <trkpt lat="-34.142047930508852" lon="18.404319975525141">
        <ele>192.4765625</ele>
        <time>2024-05-27T09:17:37Z</time>
      </trkpt>
      <trkpt lat="-34.142066957429051" lon="18.404300948604941">
        <ele>192.33984375</ele>
        <time>2024-05-27T09:17:37Z</time>
      </trkpt>
      <trkpt lat="-34.142082966864109" lon="18.404277982190251">
        <ele>192.2265625</ele>
        <time>2024-05-27T09:17:37Z</time>
      </trkpt>
      <trkpt lat="-34.142105933278799" lon="18.404265996068716">
        <ele>192.05859375</ele>
        <time>2024-05-27T09:17:37Z</time>
      </trkpt>
      <trkpt lat="-34.142124960198998" lon="18.404250992462039">
        <ele>191.921875</ele>
        <time>2024-05-27T09:17:38Z</time>
      </trkpt>
      <trkpt lat="-34.142140969634056" lon="18.404237916693091">
        <ele>191.80859375</ele>
        <time>2024-05-27T09:17:38Z</time>
      </trkpt>
      <trkpt lat="-34.142165947705507" lon="18.404223918914795">
        <ele>191.625</ele>
        <time>2024-05-27T09:17:38Z</time>
      </trkpt>
      <trkpt lat="-34.142191931605339" lon="18.404207993298769">
        <ele>191.44140625</ele>
        <time>2024-05-27T09:17:38Z</time>
      </trkpt>
      <trkpt lat="-34.142220932990313" lon="18.404197935014963">
        <ele>191.23046875</ele>
        <time>2024-05-27T09:17:39Z</time>
      </trkpt>
      <trkpt lat="-34.142242977395654" lon="18.404194917529821">
        <ele>191.0703125</ele>
        <time>2024-05-27T09:17:39Z</time>
      </trkpt>
      <trkpt lat="-34.142268961295485" lon="18.404197935014963">
        <ele>190.8828125</ele>
        <time>2024-05-27T09:17:39Z</time>
      </trkpt>
      <trkpt lat="-34.142290921881795" lon="18.404207993298769">
        <ele>190.7265625</ele>
        <time>2024-05-27T09:17:39Z</time>
      </trkpt>
      <trkpt lat="-34.142313972115517" lon="18.404220985248685">
        <ele>190.55859375</ele>
        <time>2024-05-27T09:17:40Z</time>
      </trkpt>
      <trkpt lat="-34.142332999035716" lon="18.40423196554184">
        <ele>190.421875</ele>
        <time>2024-05-27T09:17:40Z</time>
      </trkpt>
      <trkpt lat="-34.142357977107167" lon="18.404233977198601">
        <ele>190.2421875</ele>
        <time>2024-05-27T09:17:40Z</time>
      </trkpt>
      <trkpt lat="-34.142383961006999" lon="18.404221991077065">
        <ele>190.0546875</ele>
        <time>2024-05-27T09:17:41Z</time>
      </trkpt>
      <trkpt lat="-34.142405921593308" lon="18.404229953885078">
        <ele>189.8984375</ele>
        <time>2024-05-27T09:17:41Z</time>
      </trkpt>
      <trkpt lat="-34.142441963776946" lon="18.404239928349853">
        <ele>189.63671875</ele>
        <time>2024-05-27T09:17:41Z</time>
      </trkpt>
      <trkpt lat="-34.142469959333539" lon="18.404242945834994">
        <ele>189.4375</ele>
        <time>2024-05-27T09:17:41Z</time>
      </trkpt>
      <trkpt lat="-34.142501978203654" lon="18.404242945834994">
        <ele>189.20703125</ele>
        <time>2024-05-27T09:17:42Z</time>
      </trkpt>
      <trkpt lat="-34.142521927133203" lon="18.404234983026981">
        <ele>189.0625</ele>
        <time>2024-05-27T09:17:42Z</time>
      </trkpt>
      <trkpt lat="-34.142540954053402" lon="18.404221991077065">
        <ele>188.8515625</ele>
        <time>2024-05-27T09:17:42Z</time>
      </trkpt>
      <trkpt lat="-34.14255696348846" lon="18.404202964156866">
        <ele>188.62109375</ele>
        <time>2024-05-27T09:17:42Z</time>
      </trkpt>
      <trkpt lat="-34.142572972923517" lon="18.40418997220695">
        <ele>188.390625</ele>
        <time>2024-05-27T09:17:43Z</time>
      </trkpt>
      <trkpt lat="-34.142597950994968" lon="18.404181925579906">
        <ele>188.02734375</ele>
        <time>2024-05-27T09:17:43Z</time>
      </trkpt>
      <trkpt lat="-34.142617983743548" lon="18.404180919751525">
        <ele>187.7421875</ele>
        <time>2024-05-27T09:17:43Z</time>
      </trkpt>
      <trkpt lat="-34.142639944329858" lon="18.404185948893428">
        <ele>187.42578125</ele>
        <time>2024-05-27T09:17:44Z</time>
      </trkpt>
      <trkpt lat="-34.142661988735199" lon="18.404194917529821">
        <ele>187.10546875</ele>
        <time>2024-05-27T09:17:44Z</time>
      </trkpt>
      <trkpt lat="-34.142681937664747" lon="18.404194917529821">
        <ele>186.8203125</ele>
        <time>2024-05-27T09:17:44Z</time>
      </trkpt>
      <trkpt lat="-34.142700964584947" lon="18.404194917529821">
        <ele>186.54296875</ele>
        <time>2024-05-27T09:17:44Z</time>
      </trkpt>
      <trkpt lat="-34.142722925171256" lon="18.404183937236667">
        <ele>186.2265625</ele>
        <time>2024-05-27T09:17:45Z</time>
      </trkpt>
      <trkpt lat="-34.142741952091455" lon="18.404181925579906">
        <ele>185.953125</ele>
        <time>2024-05-27T09:17:45Z</time>
      </trkpt>
      <trkpt lat="-34.142764918506145" lon="18.404175974428654">
        <ele>185.625</ele>
        <time>2024-05-27T09:17:45Z</time>
      </trkpt>
      <trkpt lat="-34.142789980396628" lon="18.404172956943512">
        <ele>185.26171875</ele>
        <time>2024-05-27T09:17:45Z</time>
      </trkpt>
      <trkpt lat="-34.142818981781602" lon="18.404162982478738">
        <ele>184.87109375</ele>
        <time>2024-05-27T09:17:46Z</time>
      </trkpt>
      <trkpt lat="-34.14283792488277" lon="18.40416993945837">
        <ele>184.63671875</ele>
        <time>2024-05-27T09:17:46Z</time>
      </trkpt>
      <trkpt lat="-34.14285795763135" lon="18.404175974428654">
        <ele>184.390625</ele>
        <time>2024-05-27T09:17:46Z</time>
      </trkpt>
      <trkpt lat="-34.142882935702801" lon="18.404191983863711">
        <ele>184.06640625</ele>
        <time>2024-05-27T09:17:47Z</time>
      </trkpt>
      <trkpt lat="-34.142901962623" lon="18.404202964156866">
        <ele>183.81640625</ele>
        <time>2024-05-27T09:17:47Z</time>
      </trkpt>
      <trkpt lat="-34.142927946522832" lon="18.404207993298769">
        <ele>183.48046875</ele>
        <time>2024-05-27T09:17:47Z</time>
      </trkpt>
      <trkpt lat="-34.142949990928173" lon="18.404213944450021">
        <ele>183.19140625</ele>
        <time>2024-05-27T09:17:47Z</time>
      </trkpt>
      <trkpt lat="-34.142975974828005" lon="18.404229953885078">
        <ele>182.82421875</ele>
        <time>2024-05-27T09:17:48Z</time>
      </trkpt>
      <trkpt lat="-34.142994917929173" lon="18.404250992462039">
        <ele>182.53125</ele>
        <time>2024-05-27T09:17:48Z</time>
      </trkpt>
      <trkpt lat="-34.143017968162894" lon="18.404258955270052">
        <ele>182.203125</ele>
        <time>2024-05-27T09:17:48Z</time>
      </trkpt>
      <trkpt lat="-34.143036995083094" lon="18.404265996068716">
        <ele>181.9296875</ele>
        <time>2024-05-27T09:17:49Z</time>
      </trkpt>
      <trkpt lat="-34.143055938184261" lon="18.40427496470511">
        <ele>181.64453125</ele>
        <time>2024-05-27T09:17:49Z</time>
      </trkpt>
      <trkpt lat="-34.143077982589602" lon="18.404281921684742">
        <ele>181.32421875</ele>
        <time>2024-05-27T09:17:49Z</time>
      </trkpt>
      <trkpt lat="-34.14309399202466" lon="18.404261972755194">
        <ele>181.15234375</ele>
        <time>2024-05-27T09:17:50Z</time>
      </trkpt>
      <trkpt lat="-34.143119975924492" lon="18.404242945834994">
        <ele>180.77734375</ele>
        <time>2024-05-27T09:17:50Z</time>
      </trkpt>
      <trkpt lat="-34.143145959824324" lon="18.404223918914795">
        <ele>180.375</ele>
        <time>2024-05-27T09:17:50Z</time>
      </trkpt>
      <trkpt lat="-34.143173955380917" lon="18.404209921136498">
        <ele>179.90234375</ele>
        <time>2024-05-27T09:17:50Z</time>
      </trkpt>
      <trkpt lat="-34.143199939280748" lon="18.404197935014963">
        <ele>179.4453125</ele>
        <time>2024-05-27T09:17:51Z</time>
      </trkpt>
      <trkpt lat="-34.143215948715806" lon="18.404193995520473">
        <ele>179.15625</ele>
        <time>2024-05-27T09:17:51Z</time>
      </trkpt>
      <trkpt lat="-34.143234975636005" lon="18.404180919751525">
        <ele>178.80859375</ele>
        <time>2024-05-27T09:17:51Z</time>
      </trkpt>
      <trkpt lat="-34.143253918737173" lon="18.404170945286751">
        <ele>178.4453125</ele>
        <time>2024-05-27T09:17:52Z</time>
      </trkpt>
      <trkpt lat="-34.143276968970895" lon="18.40416993945837">
        <ele>178.01171875</ele>
        <time>2024-05-27T09:17:52Z</time>
      </trkpt>
      <trkpt lat="-34.143301947042346" lon="18.40416599996388">
        <ele>177.53125</ele>
        <time>2024-05-27T09:17:52Z</time>
      </trkpt>
      <trkpt lat="-34.143321979790926" lon="18.404175974428654">
        <ele>177.17578125</ele>
        <time>2024-05-27T09:17:52Z</time>
      </trkpt>
      <trkpt lat="-34.143343940377235" lon="18.404172956943512">
        <ele>176.7578125</ele>
        <time>2024-05-27T09:17:53Z</time>
      </trkpt>
      <trkpt lat="-34.143365984782577" lon="18.40416993945837">
        <ele>176.30859375</ele>
        <time>2024-05-27T09:17:53Z</time>
      </trkpt>
      <trkpt lat="-34.143381994217634" lon="18.404181925579906">
        <ele>175.9140625</ele>
        <time>2024-05-27T09:17:53Z</time>
      </trkpt>
      <trkpt lat="-34.14339791983366" lon="18.404185948893428">
        <ele>175.49609375</ele>
        <time>2024-05-27T09:17:54Z</time>
      </trkpt>
      <trkpt lat="-34.14341795258224" lon="18.404191983863711">
        <ele>174.9765625</ele>
        <time>2024-05-27T09:17:54Z</time>
      </trkpt>
      <trkpt lat="-34.143439996987581" lon="18.404194917529821">
        <ele>174.390625</ele>
        <time>2024-05-27T09:17:54Z</time>
      </trkpt>
      <trkpt lat="-34.143458940088749" lon="18.404213944450021">
        <ele>173.97265625</ele>
        <time>2024-05-27T09:17:55Z</time>
      </trkpt>
      <trkpt lat="-34.143477967008948" lon="18.404221991077065">
        <ele>173.5</ele>
        <time>2024-05-27T09:17:55Z</time>
      </trkpt>
      <trkpt lat="-34.143497999757528" lon="18.404234983026981">
        <ele>173.03515625</ele>
        <time>2024-05-27T09:17:55Z</time>
      </trkpt>
      <trkpt lat="-34.143509985879064" lon="18.404257949441671">
        <ele>172.83984375</ele>
        <time>2024-05-27T09:17:56Z</time>
      </trkpt>
      <trkpt lat="-34.143522977828979" lon="18.404273958876729">
        <ele>172.58984375</ele>
        <time>2024-05-27T09:17:56Z</time>
      </trkpt>
      <trkpt lat="-34.143541920930147" lon="18.404282927513123">
        <ele>172.1484375</ele>
        <time>2024-05-27T09:17:56Z</time>
      </trkpt>
      <trkpt lat="-34.143564971163869" lon="18.404289968311787">
        <ele>171.59375</ele>
        <time>2024-05-27T09:17:56Z</time>
      </trkpt>
      <trkpt lat="-34.143583998084068" lon="18.404301954433322">
        <ele>171.1796875</ele>
        <time>2024-05-27T09:17:57Z</time>
      </trkpt>
      <trkpt lat="-34.143596990033984" lon="18.404319975525141">
        <ele>170.96484375</ele>
        <time>2024-05-27T09:17:57Z</time>
      </trkpt>
      <trkpt lat="-34.143612999469042" lon="18.404343947768211">
        <ele>170.71484375</ele>
        <time>2024-05-27T09:17:57Z</time>
      </trkpt>
      <trkpt lat="-34.143621968105435" lon="18.404367920011282">
        <ele>170.57421875</ele>
        <time>2024-05-27T09:17:58Z</time>
      </trkpt>
      <trkpt lat="-34.143641917034984" lon="18.404381917789578">
        <ele>170.125</ele>
        <time>2024-05-27T09:17:58Z</time>
      </trkpt>
      <trkpt lat="-34.143660943955183" lon="18.404388958588243">
        <ele>169.75</ele>
        <time>2024-05-27T09:17:58Z</time>
      </trkpt>
      <trkpt lat="-34.143689945340157" lon="18.40438099578023">
        <ele>169.109375</ele>
        <time>2024-05-27T09:17:59Z</time>
      </trkpt>
      <trkpt lat="-34.143708972260356" lon="18.404372949153185">
        <ele>168.66796875</ele>
        <time>2024-05-27T09:17:59Z</time>
      </trkpt>
      <trkpt lat="-34.143730932846665" lon="18.404373954981565">
        <ele>168.20703125</ele>
        <time>2024-05-27T09:17:59Z</time>
      </trkpt>
      <trkpt lat="-34.143753983080387" lon="18.404389964416623">
        <ele>167.80078125</ele>
        <time>2024-05-27T09:18:00Z</time>
      </trkpt>
      <trkpt lat="-34.143769992515445" lon="18.4044049680233">
        <ele>167.54296875</ele>
        <time>2024-05-27T09:18:00Z</time>
      </trkpt>
      <trkpt lat="-34.143775943666697" lon="18.404428940266371">
        <ele>167.55078125</ele>
        <time>2024-05-27T09:18:00Z</time>
      </trkpt>
      <trkpt lat="-34.14378197863698" lon="18.404449978843331">
        <ele>167.5390625</ele>
        <time>2024-05-27T09:18:01Z</time>
      </trkpt>
      <trkpt lat="-34.14378197863698" lon="18.404471939429641">
        <ele>167.66015625</ele>
        <time>2024-05-27T09:18:01Z</time>
      </trkpt>
      <trkpt lat="-34.14378197863698" lon="18.404498929157853">
        <ele>167.8046875</ele>
        <time>2024-05-27T09:18:01Z</time>
      </trkpt>
      <trkpt lat="-34.143791953101754" lon="18.404521979391575">
        <ele>167.73828125</ele>
        <time>2024-05-27T09:18:02Z</time>
      </trkpt>
      <trkpt lat="-34.143794970586896" lon="18.404545951634645">
        <ele>167.81640625</ele>
        <time>2024-05-27T09:18:02Z</time>
      </trkpt>
      <trkpt lat="-34.143810980021954" lon="18.404549974948168">
        <ele>167.53515625</ele>
        <time>2024-05-27T09:18:02Z</time>
      </trkpt>
      <trkpt lat="-34.143823971971869" lon="18.404562966898084">
        <ele>167.3671875</ele>
        <time>2024-05-27T09:18:02Z</time>
      </trkpt>
      <trkpt lat="-34.143849955871701" lon="18.404572941362858">
        <ele>166.94140625</ele>
        <time>2024-05-27T09:18:03Z</time>
      </trkpt>
      <trkpt lat="-34.143871916458011" lon="18.404588950797915">
        <ele>166.640625</ele>
        <time>2024-05-27T09:18:03Z</time>
      </trkpt>
      <trkpt lat="-34.14389094337821" lon="18.404589956626296">
        <ele>166.296875</ele>
        <time>2024-05-27T09:18:03Z</time>
      </trkpt>
      <trkpt lat="-34.143919944763184" lon="18.404594985768199">
        <ele>165.80078125</ele>
        <time>2024-05-27T09:18:04Z</time>
      </trkpt>
      <trkpt lat="-34.143948946148157" lon="18.404602948576212">
        <ele>165.33203125</ele>
        <time>2024-05-27T09:18:04Z</time>
      </trkpt>
      <trkpt lat="-34.143970990553498" lon="18.404612923040986">
        <ele>165.0078125</ele>
        <time>2024-05-27T09:18:04Z</time>
      </trkpt>
      <trkpt lat="-34.143989933654666" lon="18.404621975496411">
        <ele>164.73046875</ele>
        <time>2024-05-27T09:18:05Z</time>
      </trkpt>
      <trkpt lat="-34.144012983888388" lon="18.404620969668031">
        <ele>164.30859375</ele>
        <time>2024-05-27T09:18:05Z</time>
      </trkpt>
      <trkpt lat="-34.144031926989555" lon="18.40461895801127">
        <ele>163.953125</ele>
        <time>2024-05-27T09:18:05Z</time>
      </trkpt>
      <trkpt lat="-34.144050953909755" lon="18.404626920819283">
        <ele>163.65625</ele>
        <time>2024-05-27T09:18:06Z</time>
      </trkpt>
      <trkpt lat="-34.144069980829954" lon="18.404631949961185">
        <ele>163.33984375</ele>
        <time>2024-05-27T09:18:06Z</time>
      </trkpt>
      <trkpt lat="-34.144085990265012" lon="18.404645947739482">
        <ele>163.1171875</ele>
        <time>2024-05-27T09:18:06Z</time>
      </trkpt>
      <trkpt lat="-34.14410593919456" lon="18.404655922204256">
        <ele>162.80078125</ele>
        <time>2024-05-27T09:18:07Z</time>
      </trkpt>
      <trkpt lat="-34.144127983599901" lon="18.404665980488062">
        <ele>162.4375</ele>
        <time>2024-05-27T09:18:07Z</time>
      </trkpt>
      <trkpt lat="-34.144140975549817" lon="18.40468198992312">
        <ele>162.265625</ele>
        <time>2024-05-27T09:18:07Z</time>
      </trkpt>
      <trkpt lat="-34.144156984984875" lon="18.404693976044655">
        <ele>162.01171875</ele>
        <time>2024-05-27T09:18:08Z</time>
      </trkpt>
      <trkpt lat="-34.144175928086042" lon="18.404700933024287">
        <ele>161.6796875</ele>
        <time>2024-05-27T09:18:08Z</time>
      </trkpt>
      <trkpt lat="-34.144188920035958" lon="18.404716942459345">
        <ele>161.4921875</ele>
        <time>2024-05-27T09:18:08Z</time>
      </trkpt>
      <trkpt lat="-34.144207946956158" lon="18.404719959944487">
        <ele>161.08203125</ele>
        <time>2024-05-27T09:18:09Z</time>
      </trkpt>
      <trkpt lat="-34.144220938906074" lon="18.404700933024287">
        <ele>160.6953125</ele>
        <time>2024-05-27T09:18:09Z</time>
      </trkpt>
      <trkpt lat="-34.144239965826273" lon="18.404689952731133">
        <ele>160.19140625</ele>
        <time>2024-05-27T09:18:09Z</time>
      </trkpt>
      <trkpt lat="-34.144268967211246" lon="18.404674949124455">
        <ele>159.41796875</ele>
        <time>2024-05-27T09:18:10Z</time>
      </trkpt>
      <trkpt lat="-34.144284976646304" lon="18.404658939689398">
        <ele>158.94921875</ele>
        <time>2024-05-27T09:18:10Z</time>
      </trkpt>
      <trkpt lat="-34.14429796859622" lon="18.40463999658823">
        <ele>158.53515625</ele>
        <time>2024-05-27T09:18:10Z</time>
      </trkpt>
      <trkpt lat="-34.144309954717755" lon="18.404621975496411">
        <ele>158.14453125</ele>
        <time>2024-05-27T09:18:11Z</time>
      </trkpt>
      <trkpt lat="-34.144325964152813" lon="18.404591968283057">
        <ele>157.57421875</ele>
        <time>2024-05-27T09:18:11Z</time>
      </trkpt>
      <trkpt lat="-34.144338956102729" lon="18.404575958848">
        <ele>157.16796875</ele>
        <time>2024-05-27T09:18:12Z</time>
      </trkpt>
      <trkpt lat="-34.144357983022928" lon="18.40455399826169">
        <ele>156.5859375</ele>
        <time>2024-05-27T09:18:12Z</time>
      </trkpt>
      <trkpt lat="-34.144377931952477" lon="18.40453295968473">
        <ele>156</ele>
        <time>2024-05-27T09:18:12Z</time>
      </trkpt>
      <trkpt lat="-34.144399976357818" lon="18.404519967734814">
        <ele>155.40625</ele>
        <time>2024-05-27T09:18:13Z</time>
      </trkpt>
      <trkpt lat="-34.144415985792875" lon="18.404498929157853">
        <ele>154.93359375</ele>
        <time>2024-05-27T09:18:13Z</time>
      </trkpt>
      <trkpt lat="-34.144428977742791" lon="18.404473951086402">
        <ele>154.5234375</ele>
        <time>2024-05-27T09:18:13Z</time>
      </trkpt>
      <trkpt lat="-34.144444987177849" lon="18.404460959136486">
        <ele>154.09765625</ele>
        <time>2024-05-27T09:18:14Z</time>
      </trkpt>
      <trkpt lat="-34.144457979127765" lon="18.404442938044667">
        <ele>153.7265625</ele>
        <time>2024-05-27T09:18:14Z</time>
      </trkpt>
      <trkpt lat="-34.144485974684358" lon="18.404437992721796">
        <ele>153.08203125</ele>
        <time>2024-05-27T09:18:14Z</time>
      </trkpt>
      <trkpt lat="-34.144508941099048" lon="18.40442692860961">
        <ele>152.546875</ele>
        <time>2024-05-27T09:18:15Z</time>
      </trkpt>
      <trkpt lat="-34.144527968019247" lon="18.404420977458358">
        <ele>152.11328125</ele>
        <time>2024-05-27T09:18:15Z</time>
      </trkpt>
      <trkpt lat="-34.144546994939446" lon="18.404420977458358">
        <ele>151.703125</ele>
        <time>2024-05-27T09:18:15Z</time>
      </trkpt>
      <trkpt lat="-34.144569961354136" lon="18.404429946094751">
        <ele>151.23828125</ele>
        <time>2024-05-27T09:18:16Z</time>
      </trkpt>
      <trkpt lat="-34.144585970789194" lon="18.404442938044667">
        <ele>150.94140625</ele>
        <time>2024-05-27T09:18:16Z</time>
      </trkpt>
      <trkpt lat="-34.144613966345787" lon="18.404450984671712">
        <ele>150.36328125</ele>
        <time>2024-05-27T09:18:16Z</time>
      </trkpt>
      <trkpt lat="-34.144633999094367" lon="18.404441932216287">
        <ele>149.8984375</ele>
        <time>2024-05-27T09:18:17Z</time>
      </trkpt>
      <trkpt lat="-34.144652942195535" lon="18.404439920559525">
        <ele>149.48046875</ele>
        <time>2024-05-27T09:18:17Z</time>
      </trkpt>
      <trkpt lat="-34.144671969115734" lon="18.404433969408274">
        <ele>149.05078125</ele>
        <time>2024-05-27T09:18:17Z</time>
      </trkpt>
      <trkpt lat="-34.144693929702044" lon="18.404431957751513">
        <ele>148.56640625</ele>
        <time>2024-05-27T09:18:18Z</time>
      </trkpt>
      <trkpt lat="-34.144716979935765" lon="18.40442692860961">
        <ele>148.05078125</ele>
        <time>2024-05-27T09:18:18Z</time>
      </trkpt>
      <trkpt lat="-34.144745981320739" lon="18.404412930831313">
        <ele>147.375</ele>
        <time>2024-05-27T09:18:19Z</time>
      </trkpt>
      <trkpt lat="-34.144764924421906" lon="18.404412930831313">
        <ele>147.05078125</ele>
        <time>2024-05-27T09:18:19Z</time>
      </trkpt>
      <trkpt lat="-34.144786968827248" lon="18.404413936659694">
        <ele>146.71484375</ele>
        <time>2024-05-27T09:18:19Z</time>
      </trkpt>
      <trkpt lat="-34.144812952727079" lon="18.404402956366539">
        <ele>146.28515625</ele>
        <time>2024-05-27T09:18:20Z</time>
      </trkpt>
      <trkpt lat="-34.144831979647279" lon="18.40438099578023">
        <ele>145.9375</ele>
        <time>2024-05-27T09:18:20Z</time>
      </trkpt>
      <trkpt lat="-34.144850922748446" lon="18.404367920011282">
        <ele>145.625</ele>
        <time>2024-05-27T09:18:20Z</time>
      </trkpt>
      <trkpt lat="-34.144869949668646" lon="18.404357945546508">
        <ele>145.32421875</ele>
        <time>2024-05-27T09:18:21Z</time>
      </trkpt>
      <trkpt lat="-34.144892999902368" lon="18.404346965253353">
        <ele>144.96875</ele>
        <time>2024-05-27T09:18:21Z</time>
      </trkpt>
      <trkpt lat="-34.144911943003535" lon="18.404329949989915">
        <ele>144.6640625</ele>
        <time>2024-05-27T09:18:21Z</time>
      </trkpt>
      <trkpt lat="-34.144930969923735" lon="18.404314946383238">
        <ele>144.3515625</ele>
        <time>2024-05-27T09:18:22Z</time>
      </trkpt>
      <trkpt lat="-34.144949996843934" lon="18.404303966090083">
        <ele>144.04296875</ele>
        <time>2024-05-27T09:18:22Z</time>
      </trkpt>
      <trkpt lat="-34.144969945773482" lon="18.404301954433322">
        <ele>143.73828125</ele>
        <time>2024-05-27T09:18:23Z</time>
      </trkpt>
      <trkpt lat="-34.144991990178823" lon="18.404300948604941">
        <ele>143.40625</ele>
        <time>2024-05-27T09:18:23Z</time>
      </trkpt>
      <trkpt lat="-34.145013950765133" lon="18.404300948604941">
        <ele>143.078125</ele>
        <time>2024-05-27T09:18:23Z</time>
      </trkpt>
      <trkpt lat="-34.145039934664965" lon="18.404292985796928">
        <ele>142.6015625</ele>
        <time>2024-05-27T09:18:24Z</time>
      </trkpt>
      <trkpt lat="-34.145061979070306" lon="18.404287956655025">
        <ele>142.140625</ele>
        <time>2024-05-27T09:18:24Z</time>
      </trkpt>
      <trkpt lat="-34.145084945484996" lon="18.404282927513123">
        <ele>141.6640625</ele>
        <time>2024-05-27T09:18:24Z</time>
      </trkpt>
      <trkpt lat="-34.145103972405195" lon="18.404289968311787">
        <ele>141.29296875</ele>
        <time>2024-05-27T09:18:25Z</time>
      </trkpt>
      <trkpt lat="-34.145129956305027" lon="18.4042979311198">
        <ele>140.77734375</ele>
        <time>2024-05-27T09:18:25Z</time>
      </trkpt>
      <trkpt lat="-34.145148983225226" lon="18.404301954433322">
        <ele>140.38671875</ele>
        <time>2024-05-27T09:18:26Z</time>
      </trkpt>
      <trkpt lat="-34.145173961296678" lon="18.404306983575225">
        <ele>139.875</ele>
        <time>2024-05-27T09:18:26Z</time>
      </trkpt>
      <trkpt lat="-34.145199945196509" lon="18.404314946383238">
        <ele>139.328125</ele>
        <time>2024-05-27T09:18:26Z</time>
      </trkpt>
      <trkpt lat="-34.145221989601851" lon="18.404321987181902">
        <ele>138.859375</ele>
        <time>2024-05-27T09:18:27Z</time>
      </trkpt>
      <trkpt lat="-34.145241938531399" lon="18.404322993010283">
        <ele>138.43359375</ele>
        <time>2024-05-27T09:18:27Z</time>
      </trkpt>
      <trkpt lat="-34.145260965451598" lon="18.404327938333154">
        <ele>138.01953125</ele>
        <time>2024-05-27T09:18:27Z</time>
      </trkpt>
      <trkpt lat="-34.145282926037908" lon="18.404322993010283">
        <ele>137.5703125</ele>
        <time>2024-05-27T09:18:28Z</time>
      </trkpt>
      <trkpt lat="-34.145301952958107" lon="18.404313940554857">
        <ele>137.19921875</ele>
        <time>2024-05-27T09:18:28Z</time>
      </trkpt>
      <trkpt lat="-34.145324919372797" lon="18.404313940554857">
        <ele>136.8359375</ele>
        <time>2024-05-27T09:18:29Z</time>
      </trkpt>
      <trkpt lat="-34.145343946292996" lon="18.404311928898096">
        <ele>136.5703125</ele>
        <time>2024-05-27T09:18:29Z</time>
      </trkpt>
      <trkpt lat="-34.145365990698338" lon="18.404313940554857">
        <ele>136.24609375</ele>
        <time>2024-05-27T09:18:29Z</time>
      </trkpt>
      <trkpt lat="-34.145385939627886" lon="18.40429893694818">
        <ele>136.01171875</ele>
        <time>2024-05-27T09:18:30Z</time>
      </trkpt>
      <trkpt lat="-34.145401949062943" lon="18.404277982190251">
        <ele>135.85546875</ele>
        <time>2024-05-27T09:18:30Z</time>
      </trkpt>
      <trkpt lat="-34.145417958498001" lon="18.404257949441671">
        <ele>135.69921875</ele>
        <time>2024-05-27T09:18:30Z</time>
      </trkpt>
      <trkpt lat="-34.145429944619536" lon="18.404241940006614">
        <ele>135.58203125</ele>
        <time>2024-05-27T09:18:31Z</time>
      </trkpt>
      <trkpt lat="-34.145445954054594" lon="18.40423196554184">
        <ele>135.390625</ele>
        <time>2024-05-27T09:18:31Z</time>
      </trkpt>
      <trkpt lat="-34.14545894600451" lon="18.40421293862164">
        <ele>135.26953125</ele>
        <time>2024-05-27T09:18:32Z</time>
      </trkpt>
      <trkpt lat="-34.145484929904342" lon="18.404204975813627">
        <ele>134.92578125</ele>
        <time>2024-05-27T09:18:32Z</time>
      </trkpt>
      <trkpt lat="-34.145509991794825" lon="18.404202964156866">
        <ele>134.5703125</ele>
        <time>2024-05-27T09:18:32Z</time>
      </trkpt>
      <trkpt lat="-34.145525917410851" lon="18.40418896637857">
        <ele>134.390625</ele>
        <time>2024-05-27T09:18:33Z</time>
      </trkpt>
      <trkpt lat="-34.145538993179798" lon="18.404170945286751">
        <ele>134.26953125</ele>
        <time>2024-05-27T09:18:33Z</time>
      </trkpt>
      <trkpt lat="-34.145551985129714" lon="18.404154935851693">
        <ele>134.13671875</ele>
        <time>2024-05-27T09:18:34Z</time>
      </trkpt>
      <trkpt lat="-34.145561959594488" lon="18.404129957780242">
        <ele>134.0859375</ele>
        <time>2024-05-27T09:18:34Z</time>
      </trkpt>
      <trkpt lat="-34.145570928230882" lon="18.404105985537171">
        <ele>134.04296875</ele>
        <time>2024-05-27T09:18:34Z</time>
      </trkpt>
      <trkpt lat="-34.145577969029546" lon="18.404084946960211">
        <ele>134.015625</ele>
        <time>2024-05-27T09:18:35Z</time>
      </trkpt>
      <trkpt lat="-34.145589955151081" lon="18.404065920040011">
        <ele>133.97265625</ele>
        <time>2024-05-27T09:18:35Z</time>
      </trkpt>
      <trkpt lat="-34.145599929615855" lon="18.404042953625321">
        <ele>134.1640625</ele>
        <time>2024-05-27T09:18:35Z</time>
      </trkpt>
      <trkpt lat="-34.145615939050913" lon="18.404023926705122">
        <ele>134.2890625</ele>
        <time>2024-05-27T09:18:36Z</time>
      </trkpt>
      <trkpt lat="-34.145625997334719" lon="18.404002971947193">
        <ele>134.4453125</ele>
        <time>2024-05-27T09:18:36Z</time>
      </trkpt>
      <trkpt lat="-34.145637983456254" lon="18.403981933370233">
        <ele>134.58203125</ele>
        <time>2024-05-27T09:18:37Z</time>
      </trkpt>
      <trkpt lat="-34.145657932385802" lon="18.403964918106794">
        <ele>134.6171875</ele>
        <time>2024-05-27T09:18:37Z</time>
      </trkpt>
      <trkpt lat="-34.145676959306002" lon="18.403956955298781">
        <ele>134.56640625</ele>
        <time>2024-05-27T09:18:37Z</time>
      </trkpt>
      <trkpt lat="-34.145698919892311" lon="18.403940945863724">
        <ele>134.5546875</ele>
        <time>2024-05-27T09:18:38Z</time>
      </trkpt>
      <trkpt lat="-34.145708978176117" lon="18.403916973620653">
        <ele>134.66796875</ele>
        <time>2024-05-27T09:18:38Z</time>
      </trkpt>
      <trkpt lat="-34.145733956247568" lon="18.403892917558551">
        <ele>134.6484375</ele>
        <time>2024-05-27T09:18:39Z</time>
      </trkpt>
      <trkpt lat="-34.145740997046232" lon="18.403865927830338">
        <ele>134.7734375</ele>
        <time>2024-05-27T09:18:39Z</time>
      </trkpt>
      <trkpt lat="-34.145756922662258" lon="18.403852935880423">
        <ele>134.71484375</ele>
        <time>2024-05-27T09:18:39Z</time>
      </trkpt>
      <trkpt lat="-34.145769998431206" lon="18.403877997770905">
        <ele>134.4453125</ele>
        <time>2024-05-27T09:18:40Z</time>
      </trkpt>
      <trkpt lat="-34.145781984552741" lon="18.403897946700454">
        <ele>134.23046875</ele>
        <time>2024-05-27T09:18:40Z</time>
      </trkpt>
      <trkpt lat="-34.145801933482289" lon="18.40391194447875">
        <ele>134</ele>
        <time>2024-05-27T09:18:41Z</time>
      </trkpt>
      <trkpt lat="-34.14582397788763" lon="18.403919991105795">
        <ele>133.796875</ele>
        <time>2024-05-27T09:18:41Z</time>
      </trkpt>
      <trkpt lat="-34.145839987322688" lon="18.403905993327498">
        <ele>133.73828125</ele>
        <time>2024-05-27T09:18:41Z</time>
      </trkpt>
      <trkpt lat="-34.145855996757746" lon="18.403881937265396">
        <ele>133.70703125</ele>
        <time>2024-05-27T09:18:42Z</time>
      </trkpt>
      <trkpt lat="-34.145861947908998" lon="18.403852935880423">
        <ele>133.76171875</ele>
        <time>2024-05-27T09:18:42Z</time>
      </trkpt>
      <trkpt lat="-34.145881980657578" lon="18.403833992779255">
        <ele>133.81640625</ele>
        <time>2024-05-27T09:18:43Z</time>
      </trkpt>
      <trkpt lat="-34.145900923758745" lon="18.403813960030675">
        <ele>133.88671875</ele>
        <time>2024-05-27T09:18:43Z</time>
      </trkpt>
      <trkpt lat="-34.145919950678945" lon="18.403797950595617">
        <ele>133.94921875</ele>
        <time>2024-05-27T09:18:44Z</time>
      </trkpt>
      <trkpt lat="-34.145935960114002" lon="18.403773978352547">
        <ele>134.1171875</ele>
        <time>2024-05-27T09:18:44Z</time>
      </trkpt>
      <trkpt lat="-34.145938977599144" lon="18.403746988624334">
        <ele>134.3671875</ele>
        <time>2024-05-27T09:18:44Z</time>
      </trkpt>
      <trkpt lat="-34.145941995084286" lon="18.403721926733851">
        <ele>134.6015625</ele>
        <time>2024-05-27T09:18:45Z</time>
      </trkpt>
      <trkpt lat="-34.145941995084286" lon="18.403689991682768">
        <ele>134.8984375</ele>
        <time>2024-05-27T09:18:45Z</time>
      </trkpt>
      <trkpt lat="-34.145941995084286" lon="18.403657972812653">
        <ele>135.1953125</ele>
        <time>2024-05-27T09:18:46Z</time>
      </trkpt>
      <trkpt lat="-34.145938977599144" lon="18.403626959770918">
        <ele>135.46875</ele>
        <time>2024-05-27T09:18:46Z</time>
      </trkpt>
      <trkpt lat="-34.145935960114002" lon="18.403599970042706">
        <ele>135.703125</ele>
        <time>2024-05-27T09:18:46Z</time>
      </trkpt>
      <trkpt lat="-34.145935960114002" lon="18.403569962829351">
        <ele>135.9765625</ele>
        <time>2024-05-27T09:18:47Z</time>
      </trkpt>
      <trkpt lat="-34.145935960114002" lon="18.403545990586281">
        <ele>136.1953125</ele>
        <time>2024-05-27T09:18:47Z</time>
      </trkpt>
      <trkpt lat="-34.145935960114002" lon="18.403516989201307">
        <ele>136.4609375</ele>
        <time>2024-05-27T09:18:48Z</time>
      </trkpt>
      <trkpt lat="-34.145935960114002" lon="18.403489999473095">
        <ele>136.62109375</ele>
        <time>2024-05-27T09:18:48Z</time>
      </trkpt>
      <trkpt lat="-34.145938977599144" lon="18.403463931754231">
        <ele>136.76171875</ele>
        <time>2024-05-27T09:18:48Z</time>
      </trkpt>
      <trkpt lat="-34.145941995084286" lon="18.403434930369258">
        <ele>136.921875</ele>
        <time>2024-05-27T09:18:49Z</time>
      </trkpt>
      <trkpt lat="-34.145945934578776" lon="18.403405928984284">
        <ele>137.08984375</ele>
        <time>2024-05-27T09:18:49Z</time>
      </trkpt>
      <trkpt lat="-34.145948952063918" lon="18.403377933427691">
        <ele>137.25</ele>
        <time>2024-05-27T09:18:50Z</time>
      </trkpt>
      <trkpt lat="-34.145948952063918" lon="18.403343986719847">
        <ele>137.41015625</ele>
        <time>2024-05-27T09:18:50Z</time>
      </trkpt>
      <trkpt lat="-34.145954987034202" lon="18.403316996991634">
        <ele>137.59375</ele>
        <time>2024-05-27T09:18:51Z</time>
      </trkpt>
      <trkpt lat="-34.145954987034202" lon="18.403287995606661">
        <ele>137.734375</ele>
        <time>2024-05-27T09:18:51Z</time>
      </trkpt>
      <trkpt lat="-34.145957920700312" lon="18.403257988393307">
        <ele>137.91015625</ele>
        <time>2024-05-27T09:18:51Z</time>
      </trkpt>
      <trkpt lat="-34.145954987034202" lon="18.403231920674443">
        <ele>138.00390625</ele>
        <time>2024-05-27T09:18:52Z</time>
      </trkpt>
      <trkpt lat="-34.145957920700312" lon="18.403207948431373">
        <ele>138.06640625</ele>
        <time>2024-05-27T09:18:52Z</time>
      </trkpt>
      <trkpt lat="-34.145960016176105" lon="18.403239967301488">
        <ele>138.01953125</ele>
      </trkpt>
      <trkpt lat="-34.146160008385777" lon="18.402869990095496">
        <ele>141.34765625</ele>
      </trkpt>
      <trkpt lat="-34.146169982850552" lon="18.402869990095496">
        <ele>141.515625</ele>
      </trkpt>
      <trkpt lat="-34.14633996784687" lon="18.401919985190034">
        <ele>145.69140625</ele>
      </trkpt>
      <trkpt lat="-34.146429989486933" lon="18.401559982448816">
        <ele>150.44140625</ele>
      </trkpt>
      <trkpt lat="-34.146450022235513" lon="18.40073000639677">
        <ele>155.2109375</ele>
      </trkpt>
      <trkpt lat="-34.146539960056543" lon="18.400430018082261">
        <ele>159.3359375</ele>
      </trkpt>
      <trkpt lat="-34.14681002497673" lon="18.399780001491308">
        <ele>161.56640625</ele>
      </trkpt>
      <trkpt lat="-34.147589961066842" lon="18.397429967299104">
        <ele>166.37109375</ele>
      </trkpt>
      <trkpt lat="-34.147860025987029" lon="18.39701003395021">
        <ele>168.7421875</ele>
      </trkpt>
      <trkpt lat="-34.147809986025095" lon="18.396420031785965">
        <ele>174.57421875</ele>
      </trkpt>
      <trkpt lat="-34.148439969867468" lon="18.395159980282187">
        <ele>182.61328125</ele>
      </trkpt>
      <trkpt lat="-34.14850995875895" lon="18.395089991390705">
        <ele>182.05078125</ele>
      </trkpt>
      <trkpt lat="-34.148710034787655" lon="18.394759995862842">
        <ele>180.59765625</ele>
      </trkpt>
      <trkpt lat="-34.148910026997328" lon="18.394160019233823">
        <ele>181.84765625</ele>
      </trkpt>
      <trkpt lat="-34.14898001588881" lon="18.393890038132668">
        <ele>185.76171875</ele>
      </trkpt>
      <trkpt lat="-34.149089986458421" lon="18.393679987639189">
        <ele>188.11328125</ele>
      </trkpt>
      <trkpt lat="-34.149200040847063" lon="18.393349992111325">
        <ele>190.30078125</ele>
      </trkpt>
      <trkpt lat="-34.149359967559576" lon="18.392989989370108">
        <ele>193.7578125</ele>
      </trkpt>
      <trkpt lat="-34.149579992517829" lon="18.392399987205863">
        <ele>198.80859375</ele>
      </trkpt>
      <trkpt lat="-34.150086678564548" lon="18.391106659546494">
        <ele>210.21875</ele>
      </trkpt>
      <trkpt lat="-34.150393372401595" lon="18.390323370695114">
        <ele>216.3203125</ele>
      </trkpt>
      <trkpt lat="-34.15069998241961" lon="18.389539998024702">
        <ele>222.00390625</ele>
      </trkpt>
      <trkpt lat="-34.150929981842637" lon="18.38947000913322">
        <ele>220.93359375</ele>
      </trkpt>
      <trkpt lat="-34.151529958471656" lon="18.389660026878119">
        <ele>212.36328125</ele>
      </trkpt>
      <trkpt lat="-34.151549991220236" lon="18.388919988647103">
        <ele>208.59375</ele>
      </trkpt>
      <trkpt lat="-34.151909993961453" lon="18.38858999311924">
        <ele>204.59375</ele>
      </trkpt>
      <trkpt lat="-34.15216002613306" lon="18.388729970902205">
        <ele>201.69921875</ele>
      </trkpt>
      <trkpt lat="-34.152334034442902" lon="18.388854777440429">
        <ele>199.84765625</ele>
      </trkpt>
      <trkpt lat="-34.152539977803826" lon="18.38861002586782">
        <ele>198.484375</ele>
      </trkpt>
      <trkpt lat="-34.15289000608027" lon="18.388580018654466">
        <ele>194.359375</ele>
      </trkpt>
      <trkpt lat="-34.15334003046155" lon="18.388859974220395">
        <ele>187.95703125</ele>
      </trkpt>
      <trkpt lat="-34.153664829209447" lon="18.389303460717201">
        <ele>184.59375</ele>
      </trkpt>
      <trkpt lat="-34.153949981555343" lon="18.389249984174967">
        <ele>181.83203125</ele>
      </trkpt>
      <trkpt lat="-34.153949981555343" lon="18.388680014759302">
        <ele>179.86328125</ele>
      </trkpt>
      <trkpt lat="-34.154196744784713" lon="18.388329986482859">
        <ele>178.953125</ele>
      </trkpt>
      <trkpt lat="-34.154299087822437" lon="18.388251950964332">
        <ele>178.21484375</ele>
      </trkpt>
      <trkpt lat="-34.154371842741966" lon="18.388189841061831">
        <ele>177.9375</ele>
      </trkpt>
      <trkpt lat="-34.154513916000724" lon="18.388153463602066">
        <ele>176.9296875</ele>
      </trkpt>
      <trkpt lat="-34.154661688953638" lon="18.38814047165215">
        <ele>175.7109375</ele>
      </trkpt>
      <trkpt lat="-34.154875678941607" lon="18.387919859960675">
        <ele>174.14453125</ele>
      </trkpt>
      <trkpt lat="-34.154954049736261" lon="18.387437649071217">
        <ele>174.4140625</ele>
      </trkpt>
      <trkpt lat="-34.155087657272816" lon="18.387332959100604">
        <ele>174.5390625</ele>
      </trkpt>
      <trkpt lat="-34.155604401603341" lon="18.387353913858533">
        <ele>176.703125</ele>
      </trkpt>
      <trkpt lat="-34.155815038830042" lon="18.38791960850358">
        <ele>175.0078125</ele>
      </trkpt>
      <trkpt lat="-34.156010001897812" lon="18.388190008699894">
        <ele>177.71875</ele>
      </trkpt>
      <trkpt lat="-34.156203540042043" lon="18.388833487406373">
        <ele>177.93359375</ele>
      </trkpt>
      <trkpt lat="-34.156990014016628" lon="18.390180040150881">
        <ele>183.5546875</ele>
      </trkpt>
      <trkpt lat="-34.157112808898091" lon="18.390312306582928">
        <ele>185.4609375</ele>
      </trkpt>
      <trkpt lat="-34.157220013439655" lon="18.390280036255717">
        <ele>187.82421875</ele>
      </trkpt>
      <trkpt lat="-34.157169973477721" lon="18.389630019664764">
        <ele>191.66015625</ele>
      </trkpt>
      <trkpt lat="-34.157307939603925" lon="18.389588864520192">
        <ele>194.38671875</ele>
      </trkpt>
      <trkpt lat="-34.157750001177192" lon="18.390160007402301">
        <ele>197.37890625</ele>
      </trkpt>
      <trkpt lat="-34.1582400072366" lon="18.390659987926483">
        <ele>201.21875</ele>
      </trkpt>
      <trkpt lat="-34.159099990502" lon="18.391430033370852">
        <ele>206.1171875</ele>
      </trkpt>
      <trkpt lat="-34.159337617456913" lon="18.391837477684021">
        <ele>207.77734375</ele>
      </trkpt>
      <trkpt lat="-34.159740032628179" lon="18.392269983887672">
        <ele>212.92578125</ele>
      </trkpt>
      <trkpt lat="-34.160101376473904" lon="18.392742220312357">
        <ele>214.89453125</ele>
      </trkpt>
      <trkpt lat="-34.160340679809451" lon="18.392726546153426">
        <ele>218.43359375</ele>
      </trkpt>
      <trkpt lat="-34.160349983721972" lon="18.392460001632571">
        <ele>221.1953125</ele>
      </trkpt>
      <trkpt lat="-34.160220567137003" lon="18.392102429643273">
        <ele>222.79296875</ele>
      </trkpt>
      <trkpt lat="-34.160259962081909" lon="18.391600018367171">
        <ele>227.2421875</ele>
      </trkpt>
      <trkpt lat="-34.16126998141408" lon="18.391289971768856">
        <ele>229.50390625</ele>
      </trkpt>
      <trkpt lat="-34.161599138751626" lon="18.391774194315076">
        <ele>227.9609375</ele>
      </trkpt>
      <trkpt lat="-34.162249993532896" lon="18.392209969460964">
        <ele>233.859375</ele>
      </trkpt>
      <trkpt lat="-34.162809988483787" lon="18.392539964988828">
        <ele>240.17578125</ele>
      </trkpt>
      <trkpt lat="-34.163330001756549" lon="18.392750015482306">
        <ele>242.90625</ele>
      </trkpt>
      <trkpt lat="-34.16373903863132" lon="18.39306534267962">
        <ele>244.3984375</ele>
      </trkpt>
      <trkpt lat="-34.16413776576519" lon="18.393526850268245">
        <ele>245.04296875</ele>
      </trkpt>
      <trkpt lat="-34.164418056607246" lon="18.393353512510657">
        <ele>245</ele>
      </trkpt>
      <trkpt lat="-34.164443286135793" lon="18.392860069870949">
        <ele>246.29296875</ele>
      </trkpt>
      <trkpt lat="-34.164359970018268" lon="18.392339972779155">
        <ele>248.234375</ele>
      </trkpt>
      <trkpt lat="-34.164285287261009" lon="18.391928588971496">
        <ele>249</ele>
      </trkpt>
      <trkpt lat="-34.16444999165833" lon="18.391560036689043">
        <ele>249.125</ele>
      </trkpt>
      <trkpt lat="-34.164689881727099" lon="18.39146020822227">
        <ele>249.8046875</ele>
      </trkpt>
      <trkpt lat="-34.164960030466318" lon="18.392150038853288">
        <ele>245.61328125</ele>
      </trkpt>
      <trkpt lat="-34.165300000458956" lon="18.392520016059279">
        <ele>240.52734375</ele>
      </trkpt>
      <trkpt lat="-34.165680035948753" lon="18.393500028178096">
        <ele>231.078125</ele>
      </trkpt>
      <trkpt lat="-34.165859995409846" lon="18.394079972058535">
        <ele>225.703125</ele>
      </trkpt>
      <trkpt lat="-34.166150009259582" lon="18.394750021398067">
        <ele>216.95703125</ele>
      </trkpt>
      <trkpt lat="-34.166370034217834" lon="18.395219994708896">
        <ele>212.50390625</ele>
      </trkpt>
      <trkpt lat="-34.166730036959052" lon="18.396309977397323">
        <ele>205.97265625</ele>
      </trkpt>
      <trkpt lat="-34.166889963671565" lon="18.396469987928867">
        <ele>202.515625</ele>
      </trkpt>
      <trkpt lat="-34.16720001026988" lon="18.396869972348213">
        <ele>196.6796875</ele>
      </trkpt>
      <trkpt lat="-34.167379969730973" lon="18.397250007838011">
        <ele>193.94921875</ele>
      </trkpt>
      <trkpt lat="-34.167780037969351" lon="18.39744002558291">
        <ele>187.234375</ele>
      </trkpt>
      <trkpt lat="-34.168090000748634" lon="18.397800028324127">
        <ele>183.1484375</ele>
      </trkpt>
      <trkpt lat="-34.16857497766614" lon="18.398294979706407">
        <ele>185.33203125</ele>
      </trkpt>
      <trkpt lat="-34.169100020080805" lon="18.398809963837266">
        <ele>187.5859375</ele>
      </trkpt>
      <trkpt lat="-34.169460022822022" lon="18.399459980428219">
        <ele>183.35546875</ele>
      </trkpt>
      <trkpt lat="-34.170310031622648" lon="18.400040008127689">
        <ele>187.15234375</ele>
      </trkpt>
      <trkpt lat="-34.171030037105083" lon="18.400290040299296">
        <ele>193.1640625</ele>
      </trkpt>
      <trkpt lat="-34.171700002625585" lon="18.40062003582716">
        <ele>196.74609375</ele>
      </trkpt>
      <trkpt lat="-34.17255001142621" lon="18.40075003914535">
        <ele>199.01171875</ele>
      </trkpt>
      <trkpt lat="-34.173606047406793" lon="18.401954350993037">
        <ele>197.43359375</ele>
      </trkpt>
      <trkpt lat="-34.174499977380037" lon="18.402355005964637">
        <ele>202.0234375</ele>
      </trkpt>
      <trkpt lat="-34.175136415287852" lon="18.402600595727563">
        <ele>203</ele>
      </trkpt>
      <trkpt lat="-34.175640000030398" lon="18.403469966724515">
        <ele>209.4140625</ele>
      </trkpt>
      <trkpt lat="-34.175969995558262" lon="18.403980005532503">
        <ele>212.80078125</ele>
      </trkpt>
      <trkpt lat="-34.176420019939542" lon="18.404979966580868">
        <ele>216.921875</ele>
      </trkpt>
      <trkpt lat="-34.177771434187889" lon="18.405842296779156">
        <ele>216.83203125</ele>
      </trkpt>
      <trkpt lat="-34.178569978103042" lon="18.406749973073602">
        <ele>220.97265625</ele>
      </trkpt>
      <trkpt lat="-34.178950013592839" lon="18.407079968601465">
        <ele>221.5078125</ele>
      </trkpt>
      <trkpt lat="-34.180969968438148" lon="18.408440016210079">
        <ele>225.2265625</ele>
      </trkpt>
      <trkpt lat="-34.181459974497557" lon="18.408970003947616">
        <ele>229.41796875</ele>
      </trkpt>
      <trkpt lat="-34.182030027732253" lon="18.409895030781627">
        <ele>234</ele>
      </trkpt>
      <trkpt lat="-34.182545682415366" lon="18.410823913291097">
        <ele>235</ele>
      </trkpt>
      <trkpt lat="-34.182808371260762" lon="18.411788670346141">
        <ele>234.92578125</ele>
      </trkpt>
      <trkpt lat="-34.182903338223696" lon="18.412900026887655">
        <ele>231.38671875</ele>
      </trkpt>
      <trkpt lat="-34.182969974353909" lon="18.414359986782074">
        <ele>225.66015625</ele>
      </trkpt>
      <trkpt lat="-34.183359984308481" lon="18.415779964998364">
        <ele>216.91796875</ele>
      </trkpt>
      <trkpt lat="-34.183492418378592" lon="18.416176177561283">
        <ele>214.39453125</ele>
      </trkpt>
      <trkpt lat="-34.183429973199964" lon="18.416469963267446">
        <ele>212.296875</ele>
      </trkpt>
      <trkpt lat="-34.183599958196282" lon="18.4169299621135">
        <ele>206.7421875</ele>
      </trkpt>
      <trkpt lat="-34.183900030329823" lon="18.417820036411285">
        <ele>188.16015625</ele>
      </trkpt>
      <trkpt lat="-34.184119971469045" lon="18.418260002508759">
        <ele>179.9609375</ele>
      </trkpt>
      <trkpt lat="-34.184260033071041" lon="18.418640037998557">
        <ele>169.77734375</ele>
      </trkpt>
      <trkpt lat="-34.184530014172196" lon="18.419089978560805">
        <ele>158.83984375</ele>
      </trkpt>
      <trkpt lat="-34.184820028021932" lon="18.419530028477311">
        <ele>149.015625</ele>
      </trkpt>
      <trkpt lat="-34.184999987483025" lon="18.419800009578466">
        <ele>144.3046875</ele>
      </trkpt>
      <trkpt lat="-34.185199979692698" lon="18.420220026746392">
        <ele>134.87890625</ele>
      </trkpt>
      <trkpt lat="-34.185380022972822" lon="18.420439967885613">
        <ele>132.29296875</ele>
      </trkpt>
      <trkpt lat="-34.185529975220561" lon="18.420810028910637">
        <ele>126.78125</ele>
      </trkpt>
      <trkpt lat="-34.185819989070296" lon="18.421170031651855">
        <ele>124.35546875</ele>
      </trkpt>
      <trkpt lat="-34.186230031773448" lon="18.421630030497909">
        <ele>112.37890625</ele>
      </trkpt>
      <trkpt lat="-34.186733365058899" lon="18.422106625512242">
        <ele>96.25</ele>
      </trkpt>
      <trkpt lat="-34.18723669834435" lon="18.422583304345608">
        <ele>84.33203125</ele>
      </trkpt>
      <trkpt lat="-34.187740031629801" lon="18.423059983178973">
        <ele>71.5078125</ele>
      </trkpt>
      <trkpt lat="-34.187929965555668" lon="18.423229968175292">
        <ele>66.69140625</ele>
      </trkpt>
      <trkpt lat="-34.188349982723594" lon="18.423709999769926">
        <ele>54.29296875</ele>
      </trkpt>
      <trkpt lat="-34.188719959929585" lon="18.424260020256042">
        <ele>43.90625</ele>
      </trkpt>
      <trkpt lat="-34.188923556357622" lon="18.424579119309783">
        <ele>37.7109375</ele>
      </trkpt>
      <trkpt lat="-34.189012488350272" lon="18.424722701311111">
        <ele>33.91015625</ele>
      </trkpt>
      <trkpt lat="-34.189076023176312" lon="18.424763018265367">
        <ele>32.703125</ele>
      </trkpt>
      <trkpt lat="-34.189229998737574" lon="18.424810040742159">
        <ele>30.87890625</ele>
      </trkpt>
      <trkpt lat="-34.189539961516857" lon="18.424910036846995">
        <ele>26.41796875</ele>
      </trkpt>
      <trkpt lat="-34.189623109996319" lon="18.424993101507425">
        <ele>23.859375</ele>
      </trkpt>
      <trkpt lat="-34.189429990947247" lon="18.425350002944469">
        <ele>18.9921875</ele>
      </trkpt>
      <trkpt lat="-34.189260005950928" lon="18.42590999789536">
        <ele>15.08203125</ele>
      </trkpt>
      <trkpt lat="-34.19012401252985" lon="18.426279556006193">
        <ele>12.32421875</ele>
      </trkpt>
      <trkpt lat="-34.190709991380572" lon="18.426679959520698">
        <ele>18.2578125</ele>
      </trkpt>
      <trkpt lat="-34.191394960507751" lon="18.427169965580106">
        <ele>21.90625</ele>
      </trkpt>
      <trkpt lat="-34.192036846652627" lon="18.42770473100245">
        <ele>21.36328125</ele>
      </trkpt>
      <trkpt lat="-34.192249914631248" lon="18.427872620522976">
        <ele>21.4453125</ele>
      </trkpt>
      <trkpt lat="-34.193109981715679" lon="18.42936996370554">
        <ele>17.671875</ele>
      </trkpt>
      <trkpt lat="-34.193109981715679" lon="18.429359989240766">
        <ele>17.74609375</ele>
      </trkpt>
      <trkpt lat="-34.19326001778245" lon="18.429359989240766">
        <ele>20.4453125</ele>
      </trkpt>
      <trkpt lat="-34.193399995565414" lon="18.429269967600703">
        <ele>24.11328125</ele>
      </trkpt>
      <trkpt lat="-34.193520024418831" lon="18.429210036993027">
        <ele>27.5859375</ele>
      </trkpt>
      <trkpt lat="-34.193499991670251" lon="18.429039968177676">
        <ele>29.375</ele>
      </trkpt>
      <trkpt lat="-34.193190028890967" lon="18.428490031510592">
        <ele>32.97265625</ele>
      </trkpt>
      <trkpt lat="-34.193039992824197" lon="18.428219966590405">
        <ele>34.48046875</ele>
      </trkpt>
      <trkpt lat="-34.192853244021535" lon="18.427848899737">
        <ele>35.65234375</ele>
      </trkpt>
      <trkpt lat="-34.192930022254586" lon="18.42775996774435">
        <ele>39.16015625</ele>
      </trkpt>
      <trkpt lat="-34.193079974502325" lon="18.427600041031837">
        <ele>44.83984375</ele>
      </trkpt>
      <trkpt lat="-34.193249959498644" lon="18.427410023286939">
        <ele>49.8125</ele>
      </trkpt>
      <trkpt lat="-34.193314500153065" lon="18.427359396591783">
        <ele>51.70703125</ele>
      </trkpt>
      <trkpt lat="-34.193450035527349" lon="18.427489986643195">
        <ele>54.9921875</ele>
      </trkpt>
      <trkpt lat="-34.193450035527349" lon="18.427480012178421">
        <ele>55.02734375</ele>
      </trkpt>
      <trkpt lat="-34.193539973348379" lon="18.427269961684942">
        <ele>58.78515625</ele>
      </trkpt>
      <trkpt lat="-34.193680034950376" lon="18.426869977265596">
        <ele>65.4140625</ele>
      </trkpt>
      <trkpt lat="-34.193741222843528" lon="18.426734441891313">
        <ele>68.30859375</ele>
      </trkpt>
      <trkpt lat="-34.193816995248199" lon="18.42675288207829">
        <ele>70.01953125</ele>
      </trkpt>
      <trkpt lat="-34.194053029641509" lon="18.426836533471942">
        <ele>74.45703125</ele>
      </trkpt>
      <trkpt lat="-34.194050012156367" lon="18.426520032808185">
        <ele>78.4765625</ele>
      </trkpt>
      <trkpt lat="-34.194110026583076" lon="18.425619984045625">
        <ele>91.828125</ele>
      </trkpt>
      <trkpt lat="-34.19414003379643" lon="18.425440024584532">
        <ele>94.07421875</ele>
      </trkpt>
      <trkpt lat="-34.194350000470877" lon="18.424839964136481">
        <ele>102.24609375</ele>
      </trkpt>
      <trkpt lat="-34.194809999316931" lon="18.425054959952831">
        <ele>123.61328125</ele>
      </trkpt>
      <trkpt lat="-34.195269998162985" lon="18.425270039588213">
        <ele>147.875</ele>
      </trkpt>
      <trkpt lat="-34.195530004799366" lon="18.42548000626266">
        <ele>159.51171875</ele>
      </trkpt>
      <trkpt lat="-34.195669982582331" lon="18.425600035116076">
        <ele>166.0625</ele>
      </trkpt>
      <trkpt lat="-34.196482272818685" lon="18.425793740898371">
        <ele>208.39453125</ele>
      </trkpt>
      <trkpt lat="-34.196405075490475" lon="18.425575559958816">
        <ele>208.14453125</ele>
      </trkpt>
      <trkpt lat="-34.196593668311834" lon="18.425723081454635">
        <ele>217.5078125</ele>
      </trkpt>
      <trkpt lat="-34.196664998307824" lon="18.425677316263318">
        <ele>222.4765625</ele>
      </trkpt>
      <trkpt lat="-34.196930034086108" lon="18.425960037857294">
        <ele>229.34375</ele>
      </trkpt>
      <trkpt lat="-34.196900026872754" lon="18.425719980150461">
        <ele>234.67578125</ele>
      </trkpt>
      <trkpt lat="-34.196840012446046" lon="18.425299962982535">
        <ele>234.93359375</ele>
      </trkpt>
      <trkpt lat="-34.196859961375594" lon="18.425069963559508">
        <ele>238.421875</ele>
      </trkpt>
      <trkpt lat="-34.197200015187263" lon="18.425370035693049">
        <ele>247.3515625</ele>
      </trkpt>
      <trkpt lat="-34.197549959644675" lon="18.425589976832271">
        <ele>256.30078125</ele>
      </trkpt>
      <trkpt lat="-34.197769984602928" lon="18.425610009580851">
        <ele>259.54296875</ele>
      </trkpt>
      <trkpt lat="-34.197822455316782" lon="18.425606405362487">
        <ele>259.94140625</ele>
      </trkpt>
      <trkpt lat="-34.198050778359175" lon="18.425737330690026">
        <ele>262.05859375</ele>
      </trkpt>
      <trkpt lat="-34.198117330670357" lon="18.42573263682425">
        <ele>262.2890625</ele>
      </trkpt>
      <trkpt lat="-34.198080282658339" lon="18.425547732040286">
        <ele>261.42578125</ele>
      </trkpt>
      <trkpt lat="-34.198221936821938" lon="18.425503307953477">
        <ele>261.3671875</ele>
      </trkpt>
      <trkpt lat="-34.198320005089045" lon="18.425475982949138">
        <ele>261.25390625</ele>
      </trkpt>
      <trkpt lat="-34.198396950960159" lon="18.425451340153813">
        <ele>261.5546875</ele>
      </trkpt>
      <trkpt lat="-34.198438357561827" lon="18.425385039299726">
        <ele>261.78125</ele>
      </trkpt>
      <trkpt lat="-34.198443219065666" lon="18.425341537222266">
        <ele>261.81640625</ele>
      </trkpt>
      <trkpt lat="-34.198503317311406" lon="18.42506074346602">
        <ele>262.01953125</ele>
      </trkpt>
      <trkpt lat="-34.198540952056646" lon="18.42487751506269">
        <ele>261.76171875</ele>
      </trkpt>
      <trkpt lat="-34.198386138305068" lon="18.424637373536825">
        <ele>261.203125</ele>
      </trkpt>
      <trkpt lat="-34.198142308741808" lon="18.424429167062044">
        <ele>258.97265625</ele>
      </trkpt>
      <trkpt lat="-34.198100483044982" lon="18.424310060217977">
        <ele>258.44921875</ele>
      </trkpt>
      <trkpt lat="-34.198059998452663" lon="18.423679992556572">
        <ele>254.40234375</ele>
      </trkpt>
      <trkpt lat="-34.198329979553819" lon="18.422850016504526">
        <ele>252</ele>
      </trkpt>
      <trkpt lat="-34.198217242956161" lon="18.422505520284176">
        <ele>251.76953125</ele>
      </trkpt>
      <trkpt lat="-34.197814408689737" lon="18.422155575826764">
        <ele>249.16796875</ele>
      </trkpt>
      <trkpt lat="-34.197777444496751" lon="18.422122467309237">
        <ele>249.01171875</ele>
      </trkpt>
      <trkpt lat="-34.196797097101808" lon="18.421240523457527">
        <ele>241.3984375</ele>
      </trkpt>
      <trkpt lat="-34.196302648633718" lon="18.420768873766065">
        <ele>236.69921875</ele>
      </trkpt>
      <trkpt lat="-34.196260236203671" lon="18.420712212100625">
        <ele>236.515625</ele>
      </trkpt>
      <trkpt lat="-34.196105003356934" lon="18.420160012319684">
        <ele>232.01953125</ele>
      </trkpt>
      <trkpt lat="-34.195959996432066" lon="18.419500021263957">
        <ele>234.62890625</ele>
      </trkpt>
      <trkpt lat="-34.195780036970973" lon="18.418620005249977">
        <ele>245.671875</ele>
      </trkpt>
      <trkpt lat="-34.19497998431325" lon="18.417500015348196">
        <ele>249.02734375</ele>
      </trkpt>
      <trkpt lat="-34.194634230807424" lon="18.417011769488454">
        <ele>250.359375</ele>
      </trkpt>
      <trkpt lat="-34.194166688248515" lon="18.416124545037746">
        <ele>253.11328125</ele>
      </trkpt>
      <trkpt lat="-34.194113630801439" lon="18.416088838130236">
        <ele>253.0546875</ele>
      </trkpt>
      <trkpt lat="-34.193980023264885" lon="18.415960008278489">
        <ele>252.91015625</ele>
      </trkpt>
      <trkpt lat="-34.193733343854547" lon="18.4158178512007">
        <ele>252.765625</ele>
      </trkpt>
      <trkpt lat="-34.192819967865944" lon="18.415609980002046">
        <ele>248.47265625</ele>
      </trkpt>
      <trkpt lat="-34.191799974068999" lon="18.41493004001677">
        <ele>247.1953125</ele>
      </trkpt>
      <trkpt lat="-34.191060019657016" lon="18.414589986205101">
        <ele>244.50390625</ele>
      </trkpt>
      <trkpt lat="-34.190459959208965" lon="18.413809966295958">
        <ele>243.32421875</ele>
      </trkpt>
      <trkpt lat="-34.189859982579947" lon="18.412519991397858">
        <ele>247.7734375</ele>
      </trkpt>
      <trkpt lat="-34.190450236201286" lon="18.412198293954134">
        <ele>250.48828125</ele>
      </trkpt>
      <trkpt lat="-34.190463311970234" lon="18.412167951464653">
        <ele>250.47265625</ele>
      </trkpt>
      <trkpt lat="-34.190590381622314" lon="18.410854339599609">
        <ele>259.08203125</ele>
      </trkpt>
      <trkpt lat="-34.190526008605957" lon="18.410468101501465">
        <ele>260.93359375</ele>
      </trkpt>
      <trkpt lat="-34.190375804901123" lon="18.410189151763916">
        <ele>262.26171875</ele>
      </trkpt>
      <trkpt lat="-34.190139770507812" lon="18.410017490386963">
        <ele>263.61328125</ele>
      </trkpt>
      <trkpt lat="-34.189732074737549" lon="18.40958833694458">
        <ele>266.203125</ele>
      </trkpt>
      <trkpt lat="-34.189324378967285" lon="18.40909481048584">
        <ele>269.70703125</ele>
      </trkpt>
      <trkpt lat="-34.18919563293457" lon="18.408858776092529">
        <ele>270.80078125</ele>
      </trkpt>
      <trkpt lat="-34.18919563293457" lon="18.408644199371338">
        <ele>271.59765625</ele>
      </trkpt>
      <trkpt lat="-34.189281463623047" lon="18.408279418945312">
        <ele>272.890625</ele>
      </trkpt>
      <trkpt lat="-34.189302921295166" lon="18.407528400421143">
        <ele>277.5234375</ele>
      </trkpt>
      <trkpt lat="-34.188659191131592" lon="18.4065842628479">
        <ele>285.515625</ele>
      </trkpt>
      <trkpt lat="-34.1884446144104" lon="18.406219482421875">
        <ele>288.30859375</ele>
      </trkpt>
      <trkpt lat="-34.188165664672852" lon="18.405897617340088">
        <ele>290.37890625</ele>
      </trkpt>
      <trkpt lat="-34.187672138214111" lon="18.405447006225586">
        <ele>293</ele>
      </trkpt>
      <trkpt lat="-34.187285900115967" lon="18.404974937438965">
        <ele>293.15625</ele>
      </trkpt>
      <trkpt lat="-34.187028408050537" lon="18.404502868652344">
        <ele>293.2890625</ele>
      </trkpt>
      <trkpt lat="-34.186856746673584" lon="18.404030799865723">
        <ele>293.46484375</ele>
      </trkpt>
      <trkpt lat="-34.186728000640869" lon="18.403558731079102">
        <ele>295.05859375</ele>
      </trkpt>
      <trkpt lat="-34.186728000640869" lon="18.403258323669434">
        <ele>297.22265625</ele>
      </trkpt>
      <trkpt lat="-34.186685085296631" lon="18.403065204620361">
        <ele>297.10546875</ele>
      </trkpt>
      <trkpt lat="-34.186663627624512" lon="18.402915000915527">
        <ele>297.1171875</ele>
      </trkpt>
      <trkpt lat="-34.186620712280273" lon="18.402786254882812">
        <ele>297.42578125</ele>
      </trkpt>
      <trkpt lat="-34.186513423919678" lon="18.40259313583374">
        <ele>297.734375</ele>
      </trkpt>
      <trkpt lat="-34.186491966247559" lon="18.402528762817383">
        <ele>297.890625</ele>
      </trkpt>
      <trkpt lat="-34.186384677886963" lon="18.40235710144043">
        <ele>298.08984375</ele>
      </trkpt>
      <trkpt lat="-34.186341762542725" lon="18.402249813079834">
        <ele>298.16796875</ele>
      </trkpt>
      <trkpt lat="-34.186277389526367" lon="18.402185440063477">
        <ele>297.9375</ele>
      </trkpt>
      <trkpt lat="-34.186255931854248" lon="18.402121067047119">
        <ele>298.015625</ele>
      </trkpt>
      <trkpt lat="-34.186191558837891" lon="18.402056694030762">
        <ele>297.71875</ele>
      </trkpt>
      <trkpt lat="-34.186084270477295" lon="18.401799201965332">
        <ele>297.953125</ele>
      </trkpt>
      <trkpt lat="-34.186062812805176" lon="18.401777744293213">
        <ele>297.90625</ele>
      </trkpt>
      <trkpt lat="-34.186041355133057" lon="18.401734828948975">
        <ele>297.96484375</ele>
      </trkpt>
      <trkpt lat="-34.186041355133057" lon="18.401648998260498">
        <ele>298.35546875</ele>
      </trkpt>
      <trkpt lat="-34.18595552444458" lon="18.401520252227783">
        <ele>298.49609375</ele>
      </trkpt>
      <trkpt lat="-34.185934066772461" lon="18.401498794555664">
        <ele>298.43359375</ele>
      </trkpt>
      <trkpt lat="-34.185912609100342" lon="18.401434421539307">
        <ele>298.3984375</ele>
      </trkpt>
      <trkpt lat="-34.185891151428223" lon="18.401391506195068">
        <ele>298.31640625</ele>
      </trkpt>
      <trkpt lat="-34.185805320739746" lon="18.401134014129639">
        <ele>298.32421875</ele>
      </trkpt>
      <trkpt lat="-34.185826778411865" lon="18.401026725769043">
        <ele>298.86328125</ele>
      </trkpt>
      <trkpt lat="-34.185826778411865" lon="18.400726318359375">
        <ele>299.921875</ele>
      </trkpt>
      <trkpt lat="-34.185848236083984" lon="18.40059757232666">
        <ele>300.05859375</ele>
      </trkpt>
      <trkpt lat="-34.185848236083984" lon="18.400554656982422">
        <ele>300.0625</ele>
      </trkpt>
      <trkpt lat="-34.185826778411865" lon="18.400490283966064">
        <ele>299.95703125</ele>
      </trkpt>
      <trkpt lat="-34.185805320739746" lon="18.400404453277588">
        <ele>300.06640625</ele>
      </trkpt>
      <trkpt lat="-34.185740947723389" lon="18.400318622589111">
        <ele>300.14453125</ele>
      </trkpt>
      <trkpt lat="-34.18571949005127" lon="18.400254249572754">
        <ele>300.30078125</ele>
      </trkpt>
      <trkpt lat="-34.18569803237915" lon="18.400168418884277">
        <ele>300.49609375</ele>
      </trkpt>
      <trkpt lat="-34.18569803237915" lon="18.400039672851562">
        <ele>300.49609375</ele>
      </trkpt>
      <trkpt lat="-34.185676574707031" lon="18.399975299835205">
        <ele>300.421875</ele>
      </trkpt>
      <trkpt lat="-34.18571949005127" lon="18.399889469146729">
        <ele>300.57421875</ele>
      </trkpt>
      <trkpt lat="-34.185740947723389" lon="18.399653434753418">
        <ele>300.65234375</ele>
      </trkpt>
      <trkpt lat="-34.185762405395508" lon="18.399589061737061">
        <ele>300.73046875</ele>
      </trkpt>
      <trkpt lat="-34.185762405395508" lon="18.399481773376465">
        <ele>300.73046875</ele>
      </trkpt>
      <trkpt lat="-34.185805320739746" lon="18.399395942687988">
        <ele>300.8828125</ele>
      </trkpt>
      <trkpt lat="-34.185869693756104" lon="18.399202823638916">
        <ele>301.1171875</ele>
      </trkpt>
      <trkpt lat="-34.185976982116699" lon="18.398923873901367">
        <ele>301.50390625</ele>
      </trkpt>
      <trkpt lat="-34.186062812805176" lon="18.398623466491699">
        <ele>301.8125</ele>
      </trkpt>
      <trkpt lat="-34.186105728149414" lon="18.398559093475342">
        <ele>301.96484375</ele>
      </trkpt>
      <trkpt lat="-34.186127185821533" lon="18.398494720458984">
        <ele>301.9375</ele>
      </trkpt>
      <trkpt lat="-34.186148643493652" lon="18.398408889770508">
        <ele>301.62890625</ele>
      </trkpt>
      <trkpt lat="-34.186191558837891" lon="18.398258686065674">
        <ele>301.0859375</ele>
      </trkpt>
      <trkpt lat="-34.18621301651001" lon="18.398194313049316">
        <ele>300.85546875</ele>
      </trkpt>
      <trkpt lat="-34.186234474182129" lon="18.398151397705078">
        <ele>300.69921875</ele>
      </trkpt>
      <trkpt lat="-34.186341762542725" lon="18.397829532623291">
        <ele>299.625</ele>
      </trkpt>
      <trkpt lat="-34.186298847198486" lon="18.397786617279053">
        <ele>299.59375</ele>
      </trkpt>
      <trkpt lat="-34.18621301651001" lon="18.397722244262695">
        <ele>299.703125</ele>
      </trkpt>
      <trkpt lat="-34.186062812805176" lon="18.3976149559021">
        <ele>300</ele>
      </trkpt>
      <trkpt lat="-34.186041355133057" lon="18.397529125213623">
        <ele>300</ele>
      </trkpt>
      <trkpt lat="-34.186105728149414" lon="18.397443294525146">
        <ele>300</ele>
      </trkpt>
      <trkpt lat="-34.186298847198486" lon="18.397271633148193">
        <ele>299.02734375</ele>
      </trkpt>
      <trkpt lat="-34.186363220214844" lon="18.397207260131836">
        <ele>298.48046875</ele>
      </trkpt>
      <trkpt lat="-34.186406135559082" lon="18.397207260131836">
        <ele>298.21875</ele>
      </trkpt>
      <trkpt lat="-34.18644905090332" lon="18.397185802459717">
        <ele>297.86328125</ele>
      </trkpt>
      <trkpt lat="-34.186556339263916" lon="18.397121429443359">
        <ele>296.8125</ele>
      </trkpt>
      <trkpt lat="-34.186599254608154" lon="18.397014141082764">
        <ele>296.1171875</ele>
      </trkpt>
      <trkpt lat="-34.186620712280273" lon="18.396692276000977">
        <ele>294.34765625</ele>
      </trkpt>
      <trkpt lat="-34.186642169952393" lon="18.396649360656738">
        <ele>293.85546875</ele>
      </trkpt>
      <trkpt lat="-34.186685085296631" lon="18.396477699279785">
        <ele>292.45703125</ele>
      </trkpt>
      <trkpt lat="-34.186770915985107" lon="18.396306037902832">
        <ele>290.60546875</ele>
      </trkpt>
      <trkpt lat="-34.186792373657227" lon="18.396284580230713">
        <ele>290.2421875</ele>
      </trkpt>
      <trkpt lat="-34.186835289001465" lon="18.396263122558594">
        <ele>289.625</ele>
      </trkpt>
      <trkpt lat="-34.186856746673584" lon="18.396220207214355">
        <ele>289.3125</ele>
      </trkpt>
      <trkpt lat="-34.186921119689941" lon="18.396134376525879">
        <ele>288.38671875</ele>
      </trkpt>
      <trkpt lat="-34.18696403503418" lon="18.396048545837402">
        <ele>287.76953125</ele>
      </trkpt>
      <trkpt lat="-34.186985492706299" lon="18.395919799804688">
        <ele>287.16796875</ele>
      </trkpt>
      <trkpt lat="-34.187071323394775" lon="18.395705223083496">
        <ele>285.6171875</ele>
      </trkpt>
      <trkpt lat="-34.187071323394775" lon="18.395640850067139">
        <ele>285.515625</ele>
      </trkpt>
      <trkpt lat="-34.187135696411133" lon="18.395469188690186">
        <ele>284.3203125</ele>
      </trkpt>
      <trkpt lat="-34.187178611755371" lon="18.39536190032959">
        <ele>283.67578125</ele>
      </trkpt>
      <trkpt lat="-34.18720006942749" lon="18.395276069641113">
        <ele>283.3671875</ele>
      </trkpt>
      <trkpt lat="-34.187328815460205" lon="18.395082950592041">
        <ele>281.3828125</ele>
      </trkpt>
      <trkpt lat="-34.187350273132324" lon="18.394975662231445">
        <ele>280.87109375</ele>
      </trkpt>
      <trkpt lat="-34.187564849853516" lon="18.394589424133301">
        <ele>276.98046875</ele>
      </trkpt>
      <trkpt lat="-34.187607765197754" lon="18.394567966461182">
        <ele>276.28515625</ele>
      </trkpt>
      <trkpt lat="-34.18769359588623" lon="18.394396305084229">
        <ele>274.4296875</ele>
      </trkpt>
      <trkpt lat="-34.187779426574707" lon="18.394138813018799">
        <ele>271.515625</ele>
      </trkpt>
      <trkpt lat="-34.187929630279541" lon="18.393537998199463">
        <ele>267.8984375</ele>
      </trkpt>
      <trkpt lat="-34.187908172607422" lon="18.393301963806152">
        <ele>267.39453125</ele>
      </trkpt>
      <trkpt lat="-34.187929630279541" lon="18.393173217773438">
        <ele>266.73046875</ele>
      </trkpt>
      <trkpt lat="-34.187972545623779" lon="18.392980098724365">
        <ele>265.59765625</ele>
      </trkpt>
      <trkpt lat="-34.188015460968018" lon="18.392915725708008">
        <ele>264.63671875</ele>
      </trkpt>
      <trkpt lat="-34.188015460968018" lon="18.392744064331055">
        <ele>264.1171875</ele>
      </trkpt>
      <trkpt lat="-34.188101291656494" lon="18.392422199249268">
        <ele>262.546875</ele>
      </trkpt>
      <trkpt lat="-34.188187122344971" lon="18.392271995544434">
        <ele>261.38671875</ele>
      </trkpt>
      <trkpt lat="-34.188294410705566" lon="18.391563892364502">
        <ele>258.39453125</ele>
      </trkpt>
      <trkpt lat="-34.188337326049805" lon="18.391156196594238">
        <ele>255.984375</ele>
      </trkpt>
      <trkpt lat="-34.188358783721924" lon="18.391005992889404">
        <ele>255.70703125</ele>
      </trkpt>
      <trkpt lat="-34.188358783721924" lon="18.390705585479736">
        <ele>256.5703125</ele>
      </trkpt>
      <trkpt lat="-34.188380241394043" lon="18.390641212463379">
        <ele>256.08984375</ele>
      </trkpt>
      <trkpt lat="-34.18846607208252" lon="18.390533924102783">
        <ele>253.96484375</ele>
      </trkpt>
      <trkpt lat="-34.188573360443115" lon="18.390383720397949">
        <ele>250.57421875</ele>
      </trkpt>
      <trkpt lat="-34.188616275787354" lon="18.39036226272583">
        <ele>249.24609375</ele>
      </trkpt>
      <trkpt lat="-34.188659191131592" lon="18.390319347381592">
        <ele>248.3203125</ele>
      </trkpt>
      <trkpt lat="-34.188680648803711" lon="18.390254974365234">
        <ele>247.546875</ele>
      </trkpt>
      <trkpt lat="-34.188766479492188" lon="18.390169143676758">
        <ele>245.7109375</ele>
      </trkpt>
      <trkpt lat="-34.188809394836426" lon="18.389954566955566">
        <ele>243.4296875</ele>
      </trkpt>
      <trkpt lat="-34.189002513885498" lon="18.389310836791992">
        <ele>237.59375</ele>
      </trkpt>
      <trkpt lat="-34.189045429229736" lon="18.389225006103516">
        <ele>236.66796875</ele>
      </trkpt>
      <trkpt lat="-34.189045429229736" lon="18.389139175415039">
        <ele>236.66796875</ele>
      </trkpt>
      <trkpt lat="-34.189109802246094" lon="18.389096260070801">
        <ele>235.27734375</ele>
      </trkpt>
      <trkpt lat="-34.189217090606689" lon="18.388752937316895">
        <ele>231.75390625</ele>
      </trkpt>
      <trkpt lat="-34.189324378967285" lon="18.388538360595703">
        <ele>228.55859375</ele>
      </trkpt>
      <trkpt lat="-34.189345836639404" lon="18.388431072235107">
        <ele>227.8984375</ele>
      </trkpt>
      <trkpt lat="-34.189388751983643" lon="18.388388156890869">
        <ele>226.66015625</ele>
      </trkpt>
      <trkpt lat="-34.189431667327881" lon="18.388259410858154">
        <ele>225.42578125</ele>
      </trkpt>
      <trkpt lat="-34.189474582672119" lon="18.388195037841797">
        <ele>224.4296875</ele>
      </trkpt>
      <trkpt lat="-34.189581871032715" lon="18.387916088104248">
        <ele>221.96484375</ele>
      </trkpt>
      <trkpt lat="-34.189646244049072" lon="18.387830257415771">
        <ele>220.77734375</ele>
      </trkpt>
      <trkpt lat="-34.189689159393311" lon="18.387787342071533">
        <ele>219.94921875</ele>
      </trkpt>
      <trkpt lat="-34.189689159393311" lon="18.387701511383057">
        <ele>219.6796875</ele>
      </trkpt>
      <trkpt lat="-34.189774990081787" lon="18.387701511383057">
        <ele>218.3359375</ele>
      </trkpt>
      <trkpt lat="-34.190139770507812" lon="18.387315273284912">
        <ele>212.3359375</ele>
      </trkpt>
      <trkpt lat="-34.190289974212646" lon="18.387057781219482">
        <ele>210.66015625</ele>
      </trkpt>
      <trkpt lat="-34.190397262573242" lon="18.386993408203125">
        <ele>209.65625</ele>
      </trkpt>
      <trkpt lat="-34.190547466278076" lon="18.386843204498291">
        <ele>208.06640625</ele>
      </trkpt>
      <trkpt lat="-34.190590381622314" lon="18.386671543121338">
        <ele>207.7578125</ele>
      </trkpt>
      <trkpt lat="-34.190783500671387" lon="18.38637113571167">
        <ele>206.3671875</ele>
      </trkpt>
      <trkpt lat="-34.190847873687744" lon="18.386285305023193">
        <ele>205.953125</ele>
      </trkpt>
      <trkpt lat="-34.190912246704102" lon="18.386242389678955">
        <ele>205.71875</ele>
      </trkpt>
      <trkpt lat="-34.191040992736816" lon="18.386242389678955">
        <ele>205.2578125</ele>
      </trkpt>
      <trkpt lat="-34.19121265411377" lon="18.386092185974121">
        <ele>204.63671875</ele>
      </trkpt>
      <trkpt lat="-34.191384315490723" lon="18.385984897613525">
        <ele>204.01953125</ele>
      </trkpt>
      <trkpt lat="-34.191405773162842" lon="18.385899066925049">
        <ele>203.94140625</ele>
      </trkpt>
      <trkpt lat="-34.191577434539795" lon="18.385770320892334">
        <ele>203.32421875</ele>
      </trkpt>
      <trkpt lat="-34.192264080047607" lon="18.38512659072876">
        <ele>207.91796875</ele>
      </trkpt>
      <trkpt lat="-34.192564487457275" lon="18.385019302368164">
        <ele>210.20703125</ele>
      </trkpt>
      <trkpt lat="-34.192650318145752" lon="18.384954929351807">
        <ele>210.671875</ele>
      </trkpt>
      <trkpt lat="-34.193036556243896" lon="18.384761810302734">
        <ele>213.52734375</ele>
      </trkpt>
      <trkpt lat="-34.193165302276611" lon="18.384568691253662">
        <ele>215.81640625</ele>
      </trkpt>
      <trkpt lat="-34.193465709686279" lon="18.384311199188232">
        <ele>217.3515625</ele>
      </trkpt>
      <trkpt lat="-34.193615913391113" lon="18.38411808013916">
        <ele>217.703125</ele>
      </trkpt>
      <trkpt lat="-34.193873405456543" lon="18.383946418762207">
        <ele>218.9375</ele>
      </trkpt>
      <trkpt lat="-34.194045066833496" lon="18.384032249450684">
        <ele>216.91796875</ele>
      </trkpt>
      <trkpt lat="-34.194173812866211" lon="18.38411808013916">
        <ele>215.98046875</ele>
      </trkpt>
      <trkpt lat="-34.194388389587402" lon="18.383989334106445">
        <ele>210.62109375</ele>
      </trkpt>
      <trkpt lat="-34.194753170013428" lon="18.38386058807373">
        <ele>203.2109375</ele>
      </trkpt>
      <trkpt lat="-34.194860458374023" lon="18.383774757385254">
        <ele>201.77734375</ele>
      </trkpt>
      <trkpt lat="-34.195117950439453" lon="18.383603096008301">
        <ele>198.328125</ele>
      </trkpt>
      <trkpt lat="-34.195289611816406" lon="18.383474349975586">
        <ele>196.87109375</ele>
      </trkpt>
      <trkpt lat="-34.19543981552124" lon="18.383324146270752">
        <ele>196.4609375</ele>
      </trkpt>
      <trkpt lat="-34.195482730865479" lon="18.383259773254395">
        <ele>196.1015625</ele>
      </trkpt>
      <trkpt lat="-34.195482730865479" lon="18.383088111877441">
        <ele>194.1875</ele>
      </trkpt>
      <trkpt lat="-34.195590019226074" lon="18.382551670074463">
        <ele>188.625</ele>
      </trkpt>
      <trkpt lat="-34.195590019226074" lon="18.38238000869751">
        <ele>187.37109375</ele>
      </trkpt>
      <trkpt lat="-34.195568561553955" lon="18.382229804992676">
        <ele>186.5</ele>
      </trkpt>
      <trkpt lat="-34.195611476898193" lon="18.381993770599365">
        <ele>184.1640625</ele>
      </trkpt>
      <trkpt lat="-34.19593334197998" lon="18.38162899017334">
        <ele>175.8515625</ele>
      </trkpt>
      <trkpt lat="-34.1959547996521" lon="18.381543159484863">
        <ele>174.1640625</ele>
      </trkpt>
      <trkpt lat="-34.196083545684814" lon="18.381435871124268">
        <ele>169.48046875</ele>
      </trkpt>
      <trkpt lat="-34.196169376373291" lon="18.381478786468506">
        <ele>168.0234375</ele>
      </trkpt>
      <trkpt lat="-34.196319580078125" lon="18.381521701812744">
        <ele>164.859375</ele>
      </trkpt>
      <trkpt lat="-34.196383953094482" lon="18.381328582763672">
        <ele>156.1171875</ele>
      </trkpt>
      <trkpt lat="-34.196577072143555" lon="18.381156921386719">
        <ele>146.078125</ele>
      </trkpt>
      <trkpt lat="-34.196727275848389" lon="18.381071090698242">
        <ele>140.01171875</ele>
      </trkpt>
      <trkpt lat="-34.196898937225342" lon="18.380985260009766">
        <ele>134.05859375</ele>
      </trkpt>
      <trkpt lat="-34.197113513946533" lon="18.380942344665527">
        <ele>129.4375</ele>
      </trkpt>
      <trkpt lat="-34.197242259979248" lon="18.38087797164917">
        <ele>126.30078125</ele>
      </trkpt>
      <trkpt lat="-34.197413921356201" lon="18.380770683288574">
        <ele>120.578125</ele>
      </trkpt>
      <trkpt lat="-34.197564125061035" lon="18.380770683288574">
        <ele>116.03125</ele>
      </trkpt>
      <trkpt lat="-34.197585582733154" lon="18.380706310272217">
        <ele>114.4296875</ele>
      </trkpt>
      <trkpt lat="-34.197607040405273" lon="18.380534648895264">
        <ele>110.640625</ele>
      </trkpt>
      <trkpt lat="-34.197649955749512" lon="18.380320072174072">
        <ele>105.38671875</ele>
      </trkpt>
      <trkpt lat="-34.197649955749512" lon="18.380148410797119">
        <ele>102.29296875</ele>
      </trkpt>
      <trkpt lat="-34.197864532470703" lon="18.379826545715332">
        <ele>91.14453125</ele>
      </trkpt>
      <trkpt lat="-34.197885990142822" lon="18.379654884338379">
        <ele>88.28515625</ele>
      </trkpt>
      <trkpt lat="-34.197971820831299" lon="18.379569053649902">
        <ele>85.80859375</ele>
      </trkpt>
      <trkpt lat="-34.197907447814941" lon="18.379461765289307">
        <ele>86.0625</ele>
      </trkpt>
      <trkpt lat="-34.197800159454346" lon="18.379311561584473">
        <ele>86.80859375</ele>
      </trkpt>
      <trkpt lat="-34.197735786437988" lon="18.3791184425354">
        <ele>85.5625</ele>
      </trkpt>
      <trkpt lat="-34.197714328765869" lon="18.378860950469971">
        <ele>80.625</ele>
      </trkpt>
      <trkpt lat="-34.197628498077393" lon="18.378667831420898">
        <ele>78.0078125</ele>
      </trkpt>
      <trkpt lat="-34.197306632995605" lon="18.378345966339111">
        <ele>75.93359375</ele>
      </trkpt>
      <trkpt lat="-34.197070598602295" lon="18.378152847290039">
        <ele>75.3125</ele>
      </trkpt>
      <trkpt lat="-34.197113513946533" lon="18.378024101257324">
        <ele>71.29296875</ele>
      </trkpt>
      <trkpt lat="-34.19719934463501" lon="18.377895355224609">
        <ele>66.7890625</ele>
      </trkpt>
      <trkpt lat="-34.197320379316807" lon="18.377774320542812">
        <ele>62.3359375</ele>
      </trkpt>
      <trkpt lat="-34.197323732078075" lon="18.377778930589557">
        <ele>62.38671875</ele>
      </trkpt>
      <trkpt lat="-34.197356253862381" lon="18.377727884799242">
        <ele>60.81640625</ele>
      </trkpt>
      <trkpt lat="-34.197530010715127" lon="18.377469973638654">
        <ele>54.6875</ele>
      </trkpt>
      <trkpt lat="-34.197739977389574" lon="18.377079963684082">
        <ele>47.3359375</ele>
      </trkpt>
      <trkpt lat="-34.197275033220649" lon="18.376655001193285">
        <ele>41.3984375</ele>
      </trkpt>
      <trkpt lat="-34.196810005232692" lon="18.376230038702488">
        <ele>35.2421875</ele>
      </trkpt>
      <trkpt lat="-34.196749990805984" lon="18.375989980995655">
        <ele>31.8671875</ele>
      </trkpt>
      <trkpt lat="-34.197049979120493" lon="18.37552503682673">
        <ele>24.5859375</ele>
      </trkpt>
      <trkpt lat="-34.197236141189933" lon="18.375234100967646">
        <ele>22.296875</ele>
      </trkpt>
      <trkpt lat="-34.197208900004625" lon="18.375131841748953">
        <ele>21.81640625</ele>
      </trkpt>
      <trkpt lat="-34.197167493402958" lon="18.375082556158304">
        <ele>21.7890625</ele>
      </trkpt>
      <trkpt lat="-34.196826014667749" lon="18.374849539250135">
        <ele>21.86328125</ele>
      </trkpt>
      <trkpt lat="-34.196729203686118" lon="18.374783741310239">
        <ele>21.890625</ele>
      </trkpt>
      <trkpt lat="-34.196686036884785" lon="18.374642003327608">
        <ele>21.921875</ele>
      </trkpt>
      <trkpt lat="-34.196705566719174" lon="18.374563297256827">
        <ele>21.58203125</ele>
      </trkpt>
      <trkpt lat="-34.196512112393975" lon="18.374285856261849">
        <ele>22.203125</ele>
      </trkpt>
      <trkpt lat="-34.196144985035062" lon="18.373644975945354">
        <ele>20.87109375</ele>
      </trkpt>
      <trkpt lat="-34.195652212947607" lon="18.372880630195141">
        <ele>21.1015625</ele>
      </trkpt>
      <trkpt lat="-34.195101773366332" lon="18.372329184785485">
        <ele>20.94140625</ele>
      </trkpt>
      <trkpt lat="-34.194400040432811" lon="18.37092999368906">
        <ele>17.76953125</ele>
      </trkpt>
      <trkpt lat="-34.193249959498644" lon="18.369459975510836">
        <ele>18.33203125</ele>
      </trkpt>
      <trkpt lat="-34.192679990082979" lon="18.368880031630397">
        <ele>13.41015625</ele>
      </trkpt>
      <trkpt lat="-34.192110020667315" lon="18.368300003930926">
        <ele>10.25390625</ele>
      </trkpt>
      <trkpt lat="-34.19192997738719" lon="18.368160026147962">
        <ele>9.9453125</ele>
      </trkpt>
      <trkpt lat="-34.189765015617013" lon="18.366874996572733">
        <ele>11.62109375</ele>
      </trkpt>
      <trkpt lat="-34.189139977097511" lon="18.366509964689612">
        <ele>11.16015625</ele>
      </trkpt>
      <trkpt lat="-34.188337828963995" lon="18.366153063252568">
        <ele>12.88671875</ele>
      </trkpt>
      <trkpt lat="-34.187280032783747" lon="18.36501999758184">
        <ele>16.609375</ele>
      </trkpt>
      <trkpt lat="-34.187078280374408" lon="18.364860573783517">
        <ele>18.98046875</ele>
      </trkpt>
      <trkpt lat="-34.186632363125682" lon="18.364636357873678">
        <ele>17.97265625</ele>
      </trkpt>
      <trkpt lat="-34.185689985752106" lon="18.364299992099404">
        <ele>18.5546875</ele>
      </trkpt>
      <trkpt lat="-34.18529000133276" lon="18.364099999889731">
        <ele>20.28125</ele>
      </trkpt>
      <trkpt lat="-34.184660017490387" lon="18.363670008257031">
        <ele>20.96875</ele>
      </trkpt>
      <trkpt lat="-34.184391042217612" lon="18.363486947491765">
        <ele>22.38671875</ele>
      </trkpt>
      <trkpt lat="-34.183466685935855" lon="18.362279450520873">
        <ele>18.01953125</ele>
      </trkpt>
      <trkpt lat="-34.183585122227669" lon="18.362229745835066">
        <ele>12.87890625</ele>
      </trkpt>
      <trkpt lat="-34.183633485808969" lon="18.362106950953603">
        <ele>8.9140625</ele>
      </trkpt>
      <trkpt lat="-34.183712862432003" lon="18.36207845248282">
        <ele>6.703125</ele>
      </trkpt>
      <trkpt lat="-34.183749994263053" lon="18.362051378935575">
        <ele>5.59375</ele>
      </trkpt>
      <trkpt lat="-34.183736331760883" lon="18.361856248229742">
        <ele>3.6171875</ele>
      </trkpt>
      <trkpt lat="-34.183538351207972" lon="18.36151803843677">
        <ele>2.6484375</ele>
      </trkpt>
      <trkpt lat="-34.183281362056732" lon="18.361076815053821">
        <ele>2.5078125</ele>
      </trkpt>
      <trkpt lat="-34.183047087863088" lon="18.36073131300509">
        <ele>3.109375</ele>
      </trkpt>
      <trkpt lat="-34.182933764532208" lon="18.36061354726553">
        <ele>4.08203125</ele>
      </trkpt>
      <trkpt lat="-34.182822033762932" lon="18.360393438488245">
        <ele>4.27734375</ele>
      </trkpt>
      <trkpt lat="-34.182449961081147" lon="18.359700003638864">
        <ele>5.98046875</ele>
      </trkpt>
      <trkpt lat="-34.182400004938245" lon="18.359621046110988">
        <ele>6.0390625</ele>
      </trkpt>
      <trkpt lat="-34.182363878935575" lon="18.359401859343052">
        <ele>4.40625</ele>
      </trkpt>
      <trkpt lat="-34.182309145107865" lon="18.359325584024191">
        <ele>4.34765625</ele>
      </trkpt>
      <trkpt lat="-34.182249046862125" lon="18.359248219057918">
        <ele>4.0546875</ele>
      </trkpt>
      <trkpt lat="-34.182188948616385" lon="18.359184181317687">
        <ele>3.90234375</ele>
      </trkpt>
      <trkpt lat="-34.181670024991035" lon="18.3589400164783">
        <ele>8.31640625</ele>
      </trkpt>
      <trkpt lat="-34.181150011718273" lon="18.358659977093339">
        <ele>8.84375</ele>
      </trkpt>
      <trkpt lat="-34.1808464191854" lon="18.358548413962126">
        <ele>9.23828125</ele>
      </trkpt>
      <trkpt lat="-34.180539976805449" lon="18.358250018209219">
        <ele>6.52734375</ele>
      </trkpt>
      <trkpt lat="-34.180309977382421" lon="18.357920022681355">
        <ele>6.64453125</ele>
      </trkpt>
      <trkpt lat="-34.180085342377424" lon="18.357615759596229">
        <ele>7.63671875</ele>
      </trkpt>
      <trkpt lat="-34.179686782881618" lon="18.356748316437006">
        <ele>5.1875</ele>
      </trkpt>
      <trkpt lat="-34.179198453202844" lon="18.356206258758903">
        <ele>5.34375</ele>
      </trkpt>
      <trkpt lat="-34.179127961397171" lon="18.356165438890457">
        <ele>5.4921875</ele>
      </trkpt>
      <trkpt lat="-34.179068449884653" lon="18.356042224913836">
        <ele>3.2578125</ele>
      </trkpt>
      <trkpt lat="-34.179039280861616" lon="18.355923872441053">
        <ele>2.8515625</ele>
      </trkpt>
      <trkpt lat="-34.178957724943757" lon="18.355860337615013">
        <ele>3.20703125</ele>
      </trkpt>
      <trkpt lat="-34.178729988634586" lon="18.355790013447404">
        <ele>7.43359375</ele>
      </trkpt>
      <trkpt lat="-34.178615994751453" lon="18.355699824169278">
        <ele>9.4609375</ele>
      </trkpt>
      <trkpt lat="-34.178499570116401" lon="18.355331355705857">
        <ele>8.58984375</ele>
      </trkpt>
      <trkpt lat="-34.178412649780512" lon="18.355090208351612">
        <ele>7.7734375</ele>
      </trkpt>
      <trkpt lat="-34.178220452740788" lon="18.354856017976999">
        <ele>8.41796875</ele>
      </trkpt>
      <trkpt lat="-34.178167395293713" lon="18.354825926944613">
        <ele>9.046875</ele>
      </trkpt>
      <trkpt lat="-34.178060023114085" lon="18.354770019650459">
        <ele>10.40625</ele>
      </trkpt>
      <trkpt lat="-34.177880901843309" lon="18.354652505367994">
        <ele>13.0078125</ele>
      </trkpt>
      <trkpt lat="-34.177630031481385" lon="18.354150010272861">
        <ele>11.53515625</ele>
      </trkpt>
      <trkpt lat="-34.177619973197579" lon="18.353950018063188">
        <ele>8.60546875</ele>
      </trkpt>
      <trkpt lat="-34.177270028740168" lon="18.353260019794106">
        <ele>4.421875</ele>
      </trkpt>
      <trkpt lat="-34.177229963243008" lon="18.352830028161407">
        <ele>0.4609375</ele>
      </trkpt>
      <trkpt lat="-34.177200039848685" lon="18.352649984881282">
        <ele>0.203125</ele>
      </trkpt>
      <trkpt lat="-34.176887646317482" lon="18.351318100467324">
        <ele>0.23828125</ele>
      </trkpt>
      <trkpt lat="-34.176729982718825" lon="18.349559996277094">
        <ele>0</ele>
      </trkpt>
      <trkpt lat="-34.176640966907144" lon="18.349089184775949">
        <ele>0</ele>
      </trkpt>
      <trkpt lat="-34.176660245284438" lon="18.34758379496634">
        <ele>0.05859375</ele>
      </trkpt>
      <trkpt lat="-34.176750769838691" lon="18.346695732325315">
        <ele>0.4765625</ele>
      </trkpt>
      <trkpt lat="-34.176792930811644" lon="18.346337405964732">
        <ele>0.58203125</ele>
      </trkpt>
      <trkpt lat="-34.177005998790264" lon="18.345803897827864">
        <ele>0</ele>
      </trkpt>
      <trkpt lat="-34.177077077329159" lon="18.345529641956091">
        <ele>0.94921875</ele>
      </trkpt>
      <trkpt lat="-34.177311100065708" lon="18.345072995871305">
        <ele>2.0703125</ele>
      </trkpt>
      <trkpt lat="-34.177370024845004" lon="18.344539990648627">
        <ele>3.421875</ele>
      </trkpt>
      <trkpt lat="-34.177351333200932" lon="18.344226507470012">
        <ele>5.859375</ele>
      </trkpt>
      <trkpt lat="-34.177348986268044" lon="18.344252994284034">
        <ele>2.8</ele>
      </trkpt>
      <trkpt lat="-34.177354015409946" lon="18.344212006777525">
        <ele>2.8</ele>
      </trkpt>
      <trkpt lat="-34.177358960732818" lon="18.344177976250648">
        <ele>2.8</ele>
      </trkpt>
      <trkpt lat="-34.177366001531482" lon="18.344142017886043">
        <ele>3</ele>
      </trkpt>
      <trkpt lat="-34.177372958511114" lon="18.344108993187547">
        <ele>3</ele>
      </trkpt>
      <trkpt lat="-34.177376981824636" lon="18.34407496266067">
        <ele>3</ele>
      </trkpt>
      <trkpt lat="-34.17738301679492" lon="18.344035986810923">
        <ele>3.2</ele>
      </trkpt>
      <trkpt lat="-34.177389973774552" lon="18.344002040103078">
        <ele>3.4</ele>
      </trkpt>
      <trkpt lat="-34.177401037886739" lon="18.34396499209106">
        <ele>3.4</ele>
      </trkpt>
      <trkpt lat="-34.177413024008274" lon="18.343936996534467">
        <ele>3.4</ele>
      </trkpt>
      <trkpt lat="-34.177429033443332" lon="18.343907995149493">
        <ele>3.4</ele>
      </trkpt>
      <trkpt lat="-34.177442025393248" lon="18.343882011249661">
        <ele>3.6</ele>
      </trkpt>
      <trkpt lat="-34.177457028999925" lon="18.343860972672701">
        <ele>3.6</ele>
      </trkpt>
      <trkpt lat="-34.177462980151176" lon="18.343825014308095">
        <ele>3.4</ele>
      </trkpt>
      <trkpt lat="-34.177451999858022" lon="18.343796012923121">
        <ele>3.4</ele>
      </trkpt>
      <trkpt lat="-34.177435990422964" lon="18.343760976567864">
        <ele>3.4</ele>
      </trkpt>
      <trkpt lat="-34.177432972937822" lon="18.343729041516781">
        <ele>3.4</ele>
      </trkpt>
      <trkpt lat="-34.177439007908106" lon="18.343700040131807">
        <ele>3.6</ele>
      </trkpt>
      <trkpt lat="-34.177443031221628" lon="18.343669027090073">
        <ele>3.8</ele>
      </trkpt>
      <trkpt lat="-34.177454011514783" lon="18.343642959371209">
        <ele>4</ele>
      </trkpt>
      <trkpt lat="-34.177457028999925" lon="18.343612030148506">
        <ele>4.2</ele>
      </trkpt>
      <trkpt lat="-34.177460968494415" lon="18.343582022935152">
        <ele>4.4</ele>
      </trkpt>
      <trkpt lat="-34.177465997636318" lon="18.343551009893417">
        <ele>4.6</ele>
      </trkpt>
      <trkpt lat="-34.177477983757854" lon="18.343525025993586">
        <ele>4.6</ele>
      </trkpt>
      <trkpt lat="-34.177497010678053" lon="18.343510022386909">
        <ele>4.8</ele>
      </trkpt>
      <trkpt lat="-34.177515031769872" lon="18.343489989638329">
        <ele>4.8</ele>
      </trkpt>
      <trkpt lat="-34.177525006234646" lon="18.343465011566877">
        <ele>4.8</ele>
      </trkpt>
      <trkpt lat="-34.177535986527801" lon="18.343430981040001">
        <ele>4.8</ele>
      </trkpt>
      <trkpt lat="-34.177547972649336" lon="18.343400973826647">
        <ele>4.6</ele>
      </trkpt>
      <trkpt lat="-34.177551995962858" lon="18.343371972441673">
        <ele>4.4</ele>
      </trkpt>
      <trkpt lat="-34.177555013448" lon="18.343338025733829">
        <ele>4</ele>
      </trkpt>
      <trkpt lat="-34.177564987912774" lon="18.343312963843346">
        <ele>3.6</ele>
      </trkpt>
      <trkpt lat="-34.177575968205929" lon="18.343280022963881">
        <ele>3.6</ele>
      </trkpt>
      <trkpt lat="-34.177590971812606" lon="18.343253033235669">
        <ele>3.4</ele>
      </trkpt>
      <trkpt lat="-34.177613016217947" lon="18.343231994658709">
        <ele>3.4</ele>
      </trkpt>
      <trkpt lat="-34.177628019824624" lon="18.343208022415638">
        <ele>3.6</ele>
      </trkpt>
      <trkpt lat="-34.177642017602921" lon="18.343184972181916">
        <ele>3.6</ele>
      </trkpt>
      <trkpt lat="-34.177650986239314" lon="18.343156976625323">
        <ele>3.6</ele>
      </trkpt>
      <trkpt lat="-34.177656015381217" lon="18.34312797524035">
        <ele>3.6</ele>
      </trkpt>
      <trkpt lat="-34.177650986239314" lon="18.34310601465404">
        <ele>3.4</ele>
      </trkpt>
      <trkpt lat="-34.177643023431301" lon="18.343070978298783">
        <ele>3.4</ele>
      </trkpt>
      <trkpt lat="-34.177643023431301" lon="18.343043988570571">
        <ele>3.4</ele>
      </trkpt>
      <trkpt lat="-34.177646040916443" lon="18.343014987185597">
        <ele>3.6</ele>
      </trkpt>
      <trkpt lat="-34.177636988461018" lon="18.342981962487102">
        <ele>3.6</ele>
      </trkpt>
      <trkpt lat="-34.177632965147495" lon="18.34295698441565">
        <ele>3.8</ele>
      </trkpt>
      <trkpt lat="-34.177636988461018" lon="18.34293401800096">
        <ele>3.8</ele>
      </trkpt>
      <trkpt lat="-34.177651992067695" lon="18.342914991080761">
        <ele>3.8</ele>
      </trkpt>
      <trkpt lat="-34.177664984017611" lon="18.342892024666071">
        <ele>3.6</ele>
      </trkpt>
      <trkpt lat="-34.177675964310765" lon="18.342866962775588">
        <ele>3.4</ele>
      </trkpt>
      <trkpt lat="-34.17768401093781" lon="18.342845002189279">
        <ele>3.4</ele>
      </trkpt>
      <trkpt lat="-34.177686022594571" lon="18.342813989147544">
        <ele>3.2</ele>
      </trkpt>
      <trkpt lat="-34.177697002887726" lon="18.342793034389615">
        <ele>3.2</ele>
      </trkpt>
      <trkpt lat="-34.177717035636306" lon="18.342778030782938">
        <ele>3.2</ele>
      </trkpt>
      <trkpt lat="-34.177720975130796" lon="18.342752968892455">
        <ele>3.4</ele>
      </trkpt>
      <trkpt lat="-34.177713012322783" lon="18.342733019962907">
        <ele>3.2</ele>
      </trkpt>
      <trkpt lat="-34.177707983180881" lon="18.342701001092792">
        <ele>3.2</ele>
      </trkpt>
      <trkpt lat="-34.177695997059345" lon="18.34267501719296">
        <ele>3.4</ele>
      </trkpt>
      <trkpt lat="-34.177694991230965" lon="18.342649033293128">
        <ele>3.4</ele>
      </trkpt>
      <trkpt lat="-34.177708989009261" lon="18.342623971402645">
        <ele>3.4</ele>
      </trkpt>
      <trkpt lat="-34.177718041464686" lon="18.342606034129858">
        <ele>3.4</ele>
      </trkpt>
      <trkpt lat="-34.177734972909093" lon="18.342588013038039">
        <ele>3.4</ele>
      </trkpt>
      <trkpt lat="-34.177742013707757" lon="18.342554988339543">
        <ele>3.4</ele>
      </trkpt>
      <trkpt lat="-34.177748970687389" lon="18.342530010268092">
        <ele>3.2</ele>
      </trkpt>
      <trkpt lat="-34.177758023142815" lon="18.342500003054738">
        <ele>3.2</ele>
      </trkpt>
      <trkpt lat="-34.177751988172531" lon="18.342466978356242">
        <ele>3.2</ele>
      </trkpt>
      <trkpt lat="-34.177745031192899" lon="18.342433031648397">
        <ele>3</ele>
      </trkpt>
      <trkpt lat="-34.177734972909093" lon="18.342403024435043">
        <ele>3</ele>
      </trkpt>
      <trkpt lat="-34.177732961252332" lon="18.342367988079786">
        <ele>3</ele>
      </trkpt>
      <trkpt lat="-34.177736984565854" lon="18.342333035543561">
        <ele>3</ele>
      </trkpt>
      <trkpt lat="-34.177742013707757" lon="18.342303028330207">
        <ele>3</ele>
      </trkpt>
      <trkpt lat="-34.17774997651577" lon="18.342277966439724">
        <ele>3.2</ele>
      </trkpt>
      <trkpt lat="-34.177759028971195" lon="18.342256005853415">
        <ele>3.4</ele>
      </trkpt>
      <trkpt lat="-34.177761040627956" lon="18.342222981154919">
        <ele>3.4</ele>
      </trkpt>
      <trkpt lat="-34.177763974294066" lon="18.342195991426706">
        <ele>3.6</ele>
      </trkpt>
      <trkpt lat="-34.177773026749492" lon="18.342169001698494">
        <ele>3.6</ele>
      </trkpt>
      <trkpt lat="-34.177779983729124" lon="18.342134971171618">
        <ele>3.6</ele>
      </trkpt>
      <trkpt lat="-34.177789958193898" lon="18.342106975615025">
        <ele>3.4</ele>
      </trkpt>
      <trkpt lat="-34.177793981507421" lon="18.342077974230051">
        <ele>3.4</ele>
      </trkpt>
      <trkpt lat="-34.177790964022279" lon="18.342051990330219">
        <ele>3.2</ele>
      </trkpt>
      <trkpt lat="-34.177791969850659" lon="18.342028018087149">
        <ele>3</ele>
      </trkpt>
      <trkpt lat="-34.177789036184549" lon="18.341998010873795">
        <ele>2.8</ele>
      </trkpt>
      <trkpt lat="-34.177780989557505" lon="18.341974960640073">
        <ele>2.6</ele>
      </trkpt>
      <trkpt lat="-34.177764980122447" lon="18.34194797091186">
        <ele>2.6</ele>
      </trkpt>
      <trkpt lat="-34.177759028971195" lon="18.341920981183648">
        <ele>2.4</ele>
      </trkpt>
      <trkpt lat="-34.177761962637305" lon="18.341890973970294">
        <ele>2.4</ele>
      </trkpt>
      <trkpt lat="-34.177761040627956" lon="18.34186197258532">
        <ele>2.4</ele>
      </trkpt>
      <trkpt lat="-34.177765985950828" lon="18.341845963150263">
        <ele>2.6</ele>
      </trkpt>
      <trkpt lat="-34.177771015092731" lon="18.341821990907192">
        <ele>2.6</ele>
      </trkpt>
      <trkpt lat="-34.177760034799576" lon="18.341797012835741">
        <ele>2.6</ele>
      </trkpt>
      <trkpt lat="-34.177743019536138" lon="18.3417749684304">
        <ele>2.6</ele>
      </trkpt>
      <trkpt lat="-34.17772701010108" lon="18.341748984530568">
        <ele>2.6</ele>
      </trkpt>
      <trkpt lat="-34.177721980959177" lon="18.341727023944259">
        <ele>2.4</ele>
      </trkpt>
      <trkpt lat="-34.177715023979545" lon="18.341702967882156">
        <ele>2.2</ele>
      </trkpt>
      <trkpt lat="-34.177713012322783" lon="18.341675978153944">
        <ele>2.2</ele>
      </trkpt>
      <trkpt lat="-34.177717035636306" lon="18.341644965112209">
        <ele>2.2</ele>
      </trkpt>
      <trkpt lat="-34.177715023979545" lon="18.341614035889506">
        <ele>2.2</ele>
      </trkpt>
      <trkpt lat="-34.177715023979545" lon="18.341587968170643">
        <ele>2.2</ele>
      </trkpt>
      <trkpt lat="-34.177711000666022" lon="18.341553015634418">
        <ele>2.4</ele>
      </trkpt>
      <trkpt lat="-34.177701026201248" lon="18.341524014249444">
        <ele>2.6</ele>
      </trkpt>
      <trkpt lat="-34.177680993452668" lon="18.341497024521232">
        <ele>2.6</ele>
      </trkpt>
      <trkpt lat="-34.177662972360849" lon="18.341472968459129">
        <ele>2.6</ele>
      </trkpt>
      <trkpt lat="-34.177648974582553" lon="18.341446984559298">
        <ele>2.6</ele>
      </trkpt>
      <trkpt lat="-34.177630031481385" lon="18.341418989002705">
        <ele>2.4</ele>
      </trkpt>
      <trkpt lat="-34.177617961540818" lon="18.341390993446112">
        <ele>2.2</ele>
      </trkpt>
      <trkpt lat="-34.177606981247663" lon="18.341358974575996">
        <ele>2</ele>
      </trkpt>
      <trkpt lat="-34.177593989297748" lon="18.341337013989687">
        <ele>2</ele>
      </trkpt>
      <trkpt lat="-34.177583009004593" lon="18.341310024261475">
        <ele>2</ele>
      </trkpt>
      <trkpt lat="-34.177572028711438" lon="18.341288985684514">
        <ele>2</ele>
      </trkpt>
      <trkpt lat="-34.177564987912774" lon="18.341275993734598">
        <ele>2</ele>
      </trkpt>
      <trkpt lat="-34.177554007619619" lon="18.341255960986018">
        <ele>2</ele>
      </trkpt>
      <trkpt lat="-34.177535986527801" lon="18.341237017884851">
        <ele>2.2</ele>
      </trkpt>
      <trkpt lat="-34.177518971264362" lon="18.341217990964651">
        <ele>2.2</ele>
      </trkpt>
      <trkpt lat="-34.177499022334814" lon="18.341197036206722">
        <ele>2.2</ele>
      </trkpt>
      <trkpt lat="-34.177479995414615" lon="18.341177003458142">
        <ele>2.2</ele>
      </trkpt>
      <trkpt lat="-34.177458034828305" lon="18.341158982366323">
        <ele>2</ele>
      </trkpt>
      <trkpt lat="-34.177444037050009" lon="18.341136015951633">
        <ele>2</ele>
      </trkpt>
      <trkpt lat="-34.177432972937822" lon="18.34110701456666">
        <ele>2</ele>
      </trkpt>
      <trkpt lat="-34.177422998473048" lon="18.341079019010067">
        <ele>2</ele>
      </trkpt>
      <trkpt lat="-34.177419980987906" lon="18.341050017625093">
        <ele>2.2</ele>
      </trkpt>
      <trkpt lat="-34.177422998473048" lon="18.341019004583359">
        <ele>2.2</ele>
      </trkpt>
      <trkpt lat="-34.177424004301429" lon="18.340984974056482">
        <ele>2.2</ele>
      </trkpt>
      <trkpt lat="-34.177427021786571" lon="18.340961001813412">
        <ele>2.4</ele>
      </trkpt>
      <trkpt lat="-34.177427021786571" lon="18.340930994600058">
        <ele>2.4</ele>
      </trkpt>
      <trkpt lat="-34.177419980987906" lon="18.340908028185368">
        <ele>2.4</ele>
      </trkpt>
      <trkpt lat="-34.177415035665035" lon="18.340883972123265">
        <ele>2.2</ele>
      </trkpt>
      <trkpt lat="-34.177411012351513" lon="18.340870980173349">
        <ele>2.2</ele>
      </trkpt>
      <trkpt lat="-34.177404977381229" lon="18.340866034850478">
        <ele>2</ele>
      </trkpt>
      <trkpt lat="-34.177407994866371" lon="18.340866034850478">
        <ele>2</ele>
      </trkpt>
      <trkpt lat="-34.177411012351513" lon="18.340866034850478">
        <ele>2</ele>
      </trkpt>
      <trkpt lat="-34.177412018179893" lon="18.340865029022098">
        <ele>2</ele>
      </trkpt>
      <trkpt lat="-34.177411012351513" lon="18.340865029022098">
        <ele>2</ele>
      </trkpt>
      <trkpt lat="-34.177411012351513" lon="18.340865029022098">
        <ele>2</ele>
      </trkpt>
      <trkpt lat="-34.177411012351513" lon="18.340865029022098">
        <ele>2</ele>
      </trkpt>
      <trkpt lat="-34.177411012351513" lon="18.340865029022098">
        <ele>2.2</ele>
      </trkpt>
      <trkpt lat="-34.177411012351513" lon="18.340865029022098">
        <ele>2.2</ele>
      </trkpt>
      <trkpt lat="-34.177411012351513" lon="18.340865029022098">
        <ele>2.2</ele>
      </trkpt>
      <trkpt lat="-34.177411012351513" lon="18.340865029022098">
        <ele>2.2</ele>
      </trkpt>
      <trkpt lat="-34.177411012351513" lon="18.340865029022098">
        <ele>2.2</ele>
      </trkpt>
      <trkpt lat="-34.177411012351513" lon="18.340865029022098">
        <ele>2</ele>
      </trkpt>
      <trkpt lat="-34.177411012351513" lon="18.340865029022098">
        <ele>2</ele>
      </trkpt>
      <trkpt lat="-34.177411012351513" lon="18.340865029022098">
        <ele>2</ele>
      </trkpt>
      <trkpt lat="-34.177411012351513" lon="18.340865029022098">
        <ele>2</ele>
      </trkpt>
      <trkpt lat="-34.177411012351513" lon="18.340865029022098">
        <ele>2</ele>
      </trkpt>
      <trkpt lat="-34.177411012351513" lon="18.340865029022098">
        <ele>2</ele>
      </trkpt>
      <trkpt lat="-34.177411012351513" lon="18.340865029022098">
        <ele>2</ele>
      </trkpt>
      <trkpt lat="-34.177411012351513" lon="18.340865029022098">
        <ele>2</ele>
      </trkpt>
      <trkpt lat="-34.177411012351513" lon="18.340865029022098">
        <ele>2</ele>
      </trkpt>
      <trkpt lat="-34.177411012351513" lon="18.340865029022098">
        <ele>2</ele>
      </trkpt>
      <trkpt lat="-34.177411012351513" lon="18.340865029022098">
        <ele>2</ele>
      </trkpt>
      <trkpt lat="-34.177411012351513" lon="18.340865029022098">
        <ele>2</ele>
      </trkpt>
      <trkpt lat="-34.177411012351513" lon="18.340865029022098">
        <ele>2</ele>
      </trkpt>
      <trkpt lat="-34.177411012351513" lon="18.340865029022098">
        <ele>2</ele>
      </trkpt>
      <trkpt lat="-34.177411012351513" lon="18.340865029022098">
        <ele>1.8</ele>
      </trkpt>
      <trkpt lat="-34.177411012351513" lon="18.340865029022098">
        <ele>1.8</ele>
      </trkpt>
      <trkpt lat="-34.177411012351513" lon="18.340865029022098">
        <ele>1.8</ele>
      </trkpt>
      <trkpt lat="-34.177411012351513" lon="18.340865029022098">
        <ele>1.8</ele>
      </trkpt>
      <trkpt lat="-34.177411012351513" lon="18.340865029022098">
        <ele>1.8</ele>
      </trkpt>
      <trkpt lat="-34.177411012351513" lon="18.340865029022098">
        <ele>1.6</ele>
      </trkpt>
      <trkpt lat="-34.177411012351513" lon="18.340865029022098">
        <ele>1.6</ele>
      </trkpt>
      <trkpt lat="-34.177411012351513" lon="18.340865029022098">
        <ele>1.6</ele>
      </trkpt>
      <trkpt lat="-34.177410006523132" lon="18.340864023193717">
        <ele>1.6</ele>
      </trkpt>
      <trkpt lat="-34.177401037886739" lon="18.340859999880195">
        <ele>1.6</ele>
      </trkpt>
      <trkpt lat="-34.177392991259694" lon="18.340854970738292">
        <ele>1.4</ele>
      </trkpt>
      <trkpt lat="-34.177379999309778" lon="18.34084901958704">
        <ele>1.4</ele>
      </trkpt>
      <trkpt lat="-34.177363989874721" lon="18.340840972959995">
        <ele>1.6</ele>
      </trkpt>
      <trkpt lat="-34.177348986268044" lon="18.340838039293885">
        <ele>1.6</ele>
      </trkpt>
      <trkpt lat="-34.17734001763165" lon="18.340848013758659">
        <ele>1.8</ele>
      </trkpt>
      <trkpt lat="-34.177328031510115" lon="18.340866034850478">
        <ele>2</ele>
      </trkpt>
      <trkpt lat="-34.177310010418296" lon="18.340891012921929">
        <ele>2.2</ele>
      </trkpt>
      <trkpt lat="-34.177290983498096" lon="18.340913979336619">
        <ele>2.4</ele>
      </trkpt>
      <trkpt lat="-34.177272040396929" lon="18.340936023741961">
        <ele>2.4</ele>
      </trkpt>
      <trkpt lat="-34.17725401930511" lon="18.340945998206735">
        <ele>2.2</ele>
      </trkpt>
      <trkpt lat="-34.17723398655653" lon="18.340945998206735">
        <ele>2.2</ele>
      </trkpt>
      <trkpt lat="-34.177222000434995" lon="18.340937029570341">
        <ele>2.2</ele>
      </trkpt>
      <trkpt lat="-34.177204985171556" lon="18.340915990993381">
        <ele>2.2</ele>
      </trkpt>
      <trkpt lat="-34.177194004878402" lon="18.340891012921929">
        <ele>2.2</ele>
      </trkpt>
      <trkpt lat="-34.177179001271725" lon="18.340866034850478">
        <ele>2.6</ele>
      </trkpt>
      <trkpt lat="-34.177169026806951" lon="18.340837033465505">
        <ele>2.6</ele>
      </trkpt>
      <trkpt lat="-34.177163997665048" lon="18.340796967968345">
        <ele>2.6</ele>
      </trkpt>
      <trkpt lat="-34.177162991836667" lon="18.340760003775358">
        <ele>2.4</ele>
      </trkpt>
      <trkpt lat="-34.177155029028654" lon="18.340721027925611">
        <ele>2.4</ele>
      </trkpt>
      <trkpt lat="-34.177144970744848" lon="18.340693032369018">
        <ele>2.2</ele>
      </trkpt>
      <trkpt lat="-34.177130972966552" lon="18.340657996013761">
        <ele>2.2</ele>
      </trkpt>
      <trkpt lat="-34.177118986845016" lon="18.340623965486884">
        <ele>2.4</ele>
      </trkpt>
      <trkpt lat="-34.177108006551862" lon="18.340600999072194">
        <ele>2.6</ele>
      </trkpt>
      <trkpt lat="-34.177097026258707" lon="18.340564034879208">
        <ele>2.8</ele>
      </trkpt>
      <trkpt lat="-34.177085040137172" lon="18.340535033494234">
        <ele>2.8</ele>
      </trkpt>
      <trkpt lat="-34.177075987681746" lon="18.340506032109261">
        <ele>2.8</ele>
      </trkpt>
      <trkpt lat="-34.177066013216972" lon="18.340477030724287">
        <ele>2.8</ele>
      </trkpt>
      <trkpt lat="-34.177056960761547" lon="18.340449035167694">
        <ele>2.6</ele>
      </trkpt>
      <trkpt lat="-34.177040029317141" lon="18.340422967448831">
        <ele>2.4</ele>
      </trkpt>
      <trkpt lat="-34.177027959376574" lon="18.340394971892238">
        <ele>2.4</ele>
      </trkpt>
      <trkpt lat="-34.177013961598277" lon="18.340370999649167">
        <ele>2.4</ele>
      </trkpt>
      <trkpt lat="-34.177008010447025" lon="18.340346021577716">
        <ele>2.4</ele>
      </trkpt>
      <trkpt lat="-34.176999963819981" lon="18.340320959687233">
        <ele>2.6</ele>
      </trkpt>
      <trkpt lat="-34.176987977698445" lon="18.34029296413064">
        <ele>2.8</ele>
      </trkpt>
      <trkpt lat="-34.176972974091768" lon="18.340275026857853">
        <ele>3</ele>
      </trkpt>
      <trkpt lat="-34.176960987970233" lon="18.340252982452512">
        <ele>3.2</ele>
      </trkpt>
      <trkpt lat="-34.176950007677078" lon="18.340228004381061">
        <ele>3.2</ele>
      </trkpt>
      <trkpt lat="-34.176933998242021" lon="18.340208977460861">
        <ele>3.2</ele>
      </trkpt>
      <trkpt lat="-34.176915977150202" lon="18.340188022702932">
        <ele>3.2</ele>
      </trkpt>
      <trkpt lat="-34.176900973543525" lon="18.340166984125972">
        <ele>3.2</ele>
      </trkpt>
      <trkpt lat="-34.176879012957215" lon="18.34014100022614">
        <ele>3.4</ele>
      </trkpt>
      <trkpt lat="-34.176855962723494" lon="18.340122979134321">
        <ele>3.4</ele>
      </trkpt>
      <trkpt lat="-34.176831990480423" lon="18.340106969699264">
        <ele>3.4</ele>
      </trkpt>
      <trkpt lat="-34.176806006580591" lon="18.340093977749348">
        <ele>3.4</ele>
      </trkpt>
      <trkpt lat="-34.17678102850914" lon="18.340084003284574">
        <ele>3.4</ele>
      </trkpt>
      <trkpt lat="-34.176752027124166" lon="18.340068999677896">
        <ele>3.2</ele>
      </trkpt>
      <trkpt lat="-34.176721014082432" lon="18.340064976364374">
        <ele>3.2</ele>
      </trkpt>
      <trkpt lat="-34.1766950301826" lon="18.340064976364374">
        <ele>3.2</ele>
      </trkpt>
      <trkpt lat="-34.176666028797626" lon="18.340059025213122">
        <ele>3.2</ele>
      </trkpt>
      <trkpt lat="-34.176648007705808" lon="18.340037986636162">
        <ele>3.2</ele>
      </trkpt>
      <trkpt lat="-34.176637027412653" lon="18.340007979422808">
        <ele>3.2</ele>
      </trkpt>
      <trkpt lat="-34.176627974957228" lon="18.339976966381073">
        <ele>3.2</ele>
      </trkpt>
      <trkpt lat="-34.176623029634356" lon="18.339947964996099">
        <ele>3</ele>
      </trkpt>
      <trkpt lat="-34.176615988835692" lon="18.339918041601777">
        <ele>3</ele>
      </trkpt>
      <trkpt lat="-34.176610037684441" lon="18.339892979711294">
        <ele>3</ele>
      </trkpt>
      <trkpt lat="-34.176595034077764" lon="18.339859033003449">
        <ele>3</ele>
      </trkpt>
      <trkpt lat="-34.176585981622338" lon="18.339834976941347">
        <ele>2.8</ele>
      </trkpt>
      <trkpt lat="-34.176575001329184" lon="18.339800024405122">
        <ele>2.8</ele>
      </trkpt>
      <trkpt lat="-34.176561003550887" lon="18.33977404050529">
        <ele>2.8</ele>
      </trkpt>
      <trkpt lat="-34.176550023257732" lon="18.339746966958046">
        <ele>2.8</ele>
      </trkpt>
      <trkpt lat="-34.176537031307817" lon="18.339712014421821">
        <ele>2.8</ele>
      </trkpt>
      <trkpt lat="-34.176530996337533" lon="18.339683013036847">
        <ele>2.8</ele>
      </trkpt>
      <trkpt lat="-34.176524961367249" lon="18.339648982509971">
        <ele>3</ele>
      </trkpt>
      <trkpt lat="-34.176516998559237" lon="18.339618975296617">
        <ele>3</ele>
      </trkpt>
      <trkpt lat="-34.176510041579604" lon="18.339587040245533">
        <ele>3</ele>
      </trkpt>
      <trkpt lat="-34.176497971639037" lon="18.339556027203798">
        <ele>3</ele>
      </trkpt>
      <trkpt lat="-34.176485985517502" lon="18.339529959484935">
        <ele>3</ele>
      </trkpt>
      <trkpt lat="-34.176464024931192" lon="18.339499030262232">
        <ele>3</ele>
      </trkpt>
      <trkpt lat="-34.176449021324515" lon="18.339472962543368">
        <ele>2.8</ele>
      </trkpt>
      <trkpt lat="-34.176428988575935" lon="18.339446978643537">
        <ele>2.8</ele>
      </trkpt>
      <trkpt lat="-34.176405016332865" lon="18.339429963380098">
        <ele>2.8</ele>
      </trkpt>
      <trkpt lat="-34.176385989412665" lon="18.339416971430182">
        <ele>2.8</ele>
      </trkpt>
      <trkpt lat="-34.176365034654737" lon="18.339404985308647">
        <ele>2.8</ele>
      </trkpt>
      <trkpt lat="-34.176350031048059" lon="18.339394005015492">
        <ele>2.8</ele>
      </trkpt>
      <trkpt lat="-34.176340978592634" lon="18.339385958388448">
        <ele>2.8</ele>
      </trkpt>
      <trkpt lat="-34.176328992471099" lon="18.339375983923674">
        <ele>2.6</ele>
      </trkpt>
      <trkpt lat="-34.176319018006325" lon="18.339369026944041">
        <ele>2.6</ele>
      </trkpt>
      <trkpt lat="-34.1763099655509" lon="18.339361986145377">
        <ele>2.6</ele>
      </trkpt>
      <trkpt lat="-34.176300996914506" lon="18.339357040822506">
        <ele>2.6</ele>
      </trkpt>
      <trkpt lat="-34.176294961944222" lon="18.339357040822506">
        <ele>2.6</ele>
      </trkpt>
      <trkpt lat="-34.176286999136209" lon="18.339356034994125">
        <ele>2.6</ele>
      </trkpt>
      <trkpt lat="-34.176283981651068" lon="18.339358968660235">
        <ele>2.6</ele>
      </trkpt>
      <trkpt lat="-34.176280964165926" lon="18.339361986145377">
        <ele>2.6</ele>
      </trkpt>
      <trkpt lat="-34.176279958337545" lon="18.339361986145377">
        <ele>2.4</ele>
      </trkpt>
      <trkpt lat="-34.17626696638763" lon="18.339360980316997">
        <ele>2.4</ele>
      </trkpt>
      <trkpt lat="-34.176255986094475" lon="18.339357040822506">
        <ele>2.2</ele>
      </trkpt>
      <trkpt lat="-34.176242994144559" lon="18.339351005852222">
        <ele>2</ele>
      </trkpt>
      <trkpt lat="-34.176227990537882" lon="18.3393469825387">
        <ele>1.8</ele>
      </trkpt>
      <trkpt lat="-34.176213992759585" lon="18.339344970881939">
        <ele>1.6</ele>
      </trkpt>
      <trkpt lat="-34.176199994981289" lon="18.339340025559068">
        <ele>1.6</ele>
      </trkpt>
      <trkpt lat="-34.176196977496147" lon="18.339333990588784">
        <ele>1.8</ele>
      </trkpt>
      <trkpt lat="-34.176185997202992" lon="18.339327033609152">
        <ele>1.8</ele>
      </trkpt>
      <trkpt lat="-34.176171999424696" lon="18.339322004467249">
        <ele>2</ele>
      </trkpt>
      <trkpt lat="-34.176156995818019" lon="18.339310018345714">
        <ele>2.4</ele>
      </trkpt>
      <trkpt lat="-34.176141992211342" lon="18.339295014739037">
        <ele>2.6</ele>
      </trkpt>
      <trkpt lat="-34.176126988604665" lon="18.339270958676934">
        <ele>2.8</ele>
      </trkpt>
      <trkpt lat="-34.176109973341227" lon="18.339253021404147">
        <ele>3</ele>
      </trkpt>
      <trkpt lat="-34.176090024411678" lon="18.339233994483948">
        <ele>3.4</ele>
      </trkpt>
      <trkpt lat="-34.17607200331986" lon="18.339212033897638">
        <ele>3.6</ele>
      </trkpt>
      <trkpt lat="-34.176054988056421" lon="18.339188983663917">
        <ele>3.8</ele>
      </trkpt>
      <trkpt lat="-34.176035961136222" lon="18.339167023077607">
        <ele>3.6</ele>
      </trkpt>
      <trkpt lat="-34.176018023863435" lon="18.339147996157408">
        <ele>3.4</ele>
      </trkpt>
      <trkpt lat="-34.175995979458094" lon="18.339127041399479">
        <ele>3</ele>
      </trkpt>
      <trkpt lat="-34.175974018871784" lon="18.33910801447928">
        <ele>3</ele>
      </trkpt>
      <trkpt lat="-34.175954991951585" lon="18.339086975902319">
        <ele>2.8</ele>
      </trkpt>
      <trkpt lat="-34.175934037193656" lon="18.339061997830868">
        <ele>2.8</ele>
      </trkpt>
      <trkpt lat="-34.175920039415359" lon="18.339040959253907">
        <ele>2.6</ele>
      </trkpt>
      <trkpt lat="-34.175904029980302" lon="18.339027967303991">
        <ele>2.6</ele>
      </trkpt>
      <trkpt lat="-34.175891960039735" lon="18.339013969525695">
        <ele>2.6</ele>
      </trkpt>
      <trkpt lat="-34.17587704025209" lon="18.33900198340416">
        <ele>2.6</ele>
      </trkpt>
      <trkpt lat="-34.175865976139903" lon="18.338988991454244">
        <ele>2.4</ele>
      </trkpt>
      <trkpt lat="-34.175853990018368" lon="18.338978011161089">
        <ele>2.2</ele>
      </trkpt>
      <trkpt lat="-34.175839992240071" lon="18.338973987847567">
        <ele>2</ele>
      </trkpt>
      <trkpt lat="-34.175827000290155" lon="18.338970970362425">
        <ele>1.8</ele>
      </trkpt>
      <trkpt lat="-34.175813002511859" lon="18.338970970362425">
        <ele>1.6</ele>
      </trkpt>
      <trkpt lat="-34.175801016390324" lon="18.338967030867934">
        <ele>1.6</ele>
      </trkpt>
      <trkpt lat="-34.175790036097169" lon="18.338960995897651">
        <ele>1.6</ele>
      </trkpt>
      <trkpt lat="-34.175776038318872" lon="18.338954960927367">
        <ele>1.6</ele>
      </trkpt>
      <trkpt lat="-34.175762962549925" lon="18.338951021432877">
        <ele>1.6</ele>
      </trkpt>
      <trkpt lat="-34.175748964771628" lon="18.338945992290974">
        <ele>1.8</ele>
      </trkpt>
      <trkpt lat="-34.175733961164951" lon="18.338940041139722">
        <ele>1.8</ele>
      </trkpt>
      <trkpt lat="-34.175723986700177" lon="18.338930988684297">
        <ele>1.8</ele>
      </trkpt>
      <trkpt lat="-34.175713006407022" lon="18.338921014219522">
        <ele>1.8</ele>
      </trkpt>
      <trkpt lat="-34.175701020285487" lon="18.338909028097987">
        <ele>1.8</ele>
      </trkpt>
      <trkpt lat="-34.175690962001681" lon="18.338905004784465">
        <ele>2</ele>
      </trkpt>
      <trkpt lat="-34.175677970051765" lon="18.338898969814181">
        <ele>2.2</ele>
      </trkpt>
      <trkpt lat="-34.175667995586991" lon="18.338895030319691">
        <ele>2.4</ele>
      </trkpt>
      <trkpt lat="-34.175655003637075" lon="18.338884972035885">
        <ele>2.6</ele>
      </trkpt>
      <trkpt lat="-34.175641005858779" lon="18.338876003399491">
        <ele>2.8</ele>
      </trkpt>
      <trkpt lat="-34.175629019737244" lon="18.338867034763098">
        <ele>2.8</ele>
      </trkpt>
      <trkpt lat="-34.175615021958947" lon="18.338858988136053">
        <ele>2.8</ele>
      </trkpt>
      <trkpt lat="-34.175601024180651" lon="18.33885102532804">
        <ele>2.8</ele>
      </trkpt>
      <trkpt lat="-34.175589038059115" lon="18.338845996186137">
        <ele>2.8</ele>
      </trkpt>
      <trkpt lat="-34.175576968118548" lon="18.338839039206505">
        <ele>2.6</ele>
      </trkpt>
      <trkpt lat="-34.175566993653774" lon="18.338833004236221">
        <ele>2.4</ele>
      </trkpt>
      <trkpt lat="-34.175554001703858" lon="18.338827975094318">
        <ele>2.4</ele>
      </trkpt>
      <trkpt lat="-34.175544027239084" lon="18.338822023943067">
        <ele>2.4</ele>
      </trkpt>
      <trkpt lat="-34.17553598061204" lon="18.338815988972783">
        <ele>2.4</ele>
      </trkpt>
      <trkpt lat="-34.175525000318885" lon="18.338809031993151">
        <ele>2.6</ele>
      </trkpt>
      <trkpt lat="-34.175515025854111" lon="18.338797967880964">
        <ele>2.6</ele>
      </trkpt>
      <trkpt lat="-34.175503039732575" lon="18.338791010901332">
        <ele>2.6</ele>
      </trkpt>
      <trkpt lat="-34.175488958135247" lon="18.338781036436558">
        <ele>2.6</ele>
      </trkpt>
      <trkpt lat="-34.175476972013712" lon="18.338772989809513">
        <ele>2.6</ele>
      </trkpt>
      <trkpt lat="-34.175463980063796" lon="18.33876402117312">
        <ele>2.6</ele>
      </trkpt>
      <trkpt lat="-34.175452999770641" lon="18.338757986202836">
        <ele>2.8</ele>
      </trkpt>
      <trkpt lat="-34.175445036962628" lon="18.338751029223204">
        <ele>2.8</ele>
      </trkpt>
      <trkpt lat="-34.175432967022061" lon="18.33874398842454">
        <ele>2.8</ele>
      </trkpt>
      <trkpt lat="-34.175425004214048" lon="18.338736025616527">
        <ele>2.8</ele>
      </trkpt>
      <trkpt lat="-34.175413018092513" lon="18.338725967332721">
        <ele>2.8</ele>
      </trkpt>
      <trkpt lat="-34.175403965637088" lon="18.338715992867947">
        <ele>2.8</ele>
      </trkpt>
      <trkpt lat="-34.175391979515553" lon="18.338709035888314">
        <ele>2.8</ele>
      </trkpt>
      <trkpt lat="-34.175377981737256" lon="18.338699983432889">
        <ele>2.6</ele>
      </trkpt>
      <trkpt lat="-34.175370018929243" lon="18.338689003139734">
        <ele>2.6</ele>
      </trkpt>
      <trkpt lat="-34.175359038636088" lon="18.338677017018199">
        <ele>2.6</ele>
      </trkpt>
      <trkpt lat="-34.175353003665805" lon="18.338666036725044">
        <ele>2.6</ele>
      </trkpt>
      <trkpt lat="-34.175344035029411" lon="18.338652038946748">
        <ele>2.8</ele>
      </trkpt>
      <trkpt lat="-34.17534101754427" lon="18.338639969006181">
        <ele>3</ele>
      </trkpt>
      <trkpt lat="-34.175333976745605" lon="18.338631000369787">
        <ele>3</ele>
      </trkpt>
      <trkpt lat="-34.175328025594354" lon="18.338620020076632">
        <ele>3.2</ele>
      </trkpt>
      <trkpt lat="-34.175319978967309" lon="18.338609039783478">
        <ele>3</ele>
      </trkpt>
      <trkpt lat="-34.175308998674154" lon="18.338596969842911">
        <ele>3</ele>
      </trkpt>
      <trkpt lat="-34.175300030037761" lon="18.338583977892995">
        <ele>3</ele>
      </trkpt>
      <trkpt lat="-34.175287038087845" lon="18.33857299759984">
        <ele>3</ele>
      </trkpt>
      <trkpt lat="-34.175275973975658" lon="18.338563023135066">
        <ele>2.8</ele>
      </trkpt>
      <trkpt lat="-34.175263987854123" lon="18.338554976508021">
        <ele>2.8</ele>
      </trkpt>
      <trkpt lat="-34.175254013389349" lon="18.338548019528389">
        <ele>2.8</ele>
      </trkpt>
      <trkpt lat="-34.175239009782672" lon="18.338539972901344">
        <ele>2.8</ele>
      </trkpt>
      <trkpt lat="-34.175225012004375" lon="18.338533015921712">
        <ele>2.8</ele>
      </trkpt>
      <trkpt lat="-34.175210008397698" lon="18.338526980951428">
        <ele>2.8</ele>
      </trkpt>
      <trkpt lat="-34.175197016447783" lon="18.338521029800177">
        <ele>2.8</ele>
      </trkpt>
      <trkpt lat="-34.175190981477499" lon="18.338514994829893">
        <ele>2.6</ele>
      </trkpt>
      <trkpt lat="-34.175183018669486" lon="18.33850996568799">
        <ele>2.6</ele>
      </trkpt>
      <trkpt lat="-34.175173966214061" lon="18.338512983173132">
        <ele>2.6</ele>
      </trkpt>
      <trkpt lat="-34.175162985920906" lon="18.338518012315035">
        <ele>2.6</ele>
      </trkpt>
      <trkpt lat="-34.175150999799371" lon="18.338521029800177">
        <ele>2.4</ele>
      </trkpt>
      <trkpt lat="-34.175142031162977" lon="18.338519018143415">
        <ele>2.6</ele>
      </trkpt>
      <trkpt lat="-34.175129039213061" lon="18.338516000658274">
        <ele>2.6</ele>
      </trkpt>
      <trkpt lat="-34.175114035606384" lon="18.33850895985961">
        <ele>2.4</ele>
      </trkpt>
      <trkpt lat="-34.17510699480772" lon="18.3385060261935">
        <ele>2.6</ele>
      </trkpt>
      <trkpt lat="-34.175100037828088" lon="18.338508037850261">
        <ele>2.6</ele>
      </trkpt>
      <trkpt lat="-34.175089979544282" lon="18.33850895985961">
        <ele>2.6</ele>
      </trkpt>
      <trkpt lat="-34.175080005079508" lon="18.338508037850261">
        <ele>2.6</ele>
      </trkpt>
      <trkpt lat="-34.175070030614734" lon="18.338511977344751">
        <ele>2.4</ele>
      </trkpt>
      <trkpt lat="-34.175060978159308" lon="18.338512983173132">
        <ele>2.4</ele>
      </trkpt>
      <trkpt lat="-34.17504396289587" lon="18.338512983173132">
        <ele>2.4</ele>
      </trkpt>
      <trkpt lat="-34.175029965117574" lon="18.338516000658274">
        <ele>2.4</ele>
      </trkpt>
      <trkpt lat="-34.17502099648118" lon="18.338520023971796">
        <ele>2.6</ele>
      </trkpt>
      <trkpt lat="-34.175005992874503" lon="18.338519018143415">
        <ele>2.6</ele>
      </trkpt>
      <trkpt lat="-34.174991995096207" lon="18.338518012315035">
        <ele>2.6</ele>
      </trkpt>
      <trkpt lat="-34.174979003146291" lon="18.338518012315035">
        <ele>2.6</ele>
      </trkpt>
      <trkpt lat="-34.174965005367994" lon="18.33850895985961">
        <ele>2.6</ele>
      </trkpt>
      <trkpt lat="-34.174953019246459" lon="18.3385060261935">
        <ele>2.6</ele>
      </trkpt>
      <trkpt lat="-34.174939021468163" lon="18.3385060261935">
        <ele>2.6</ele>
      </trkpt>
      <trkpt lat="-34.174926029518247" lon="18.338500997051597">
        <ele>2.6</ele>
      </trkpt>
      <trkpt lat="-34.17491203173995" lon="18.338496973738074">
        <ele>2.4</ele>
      </trkpt>
      <trkpt lat="-34.174899961799383" lon="18.338494040071964">
        <ele>2.4</ele>
      </trkpt>
      <trkpt lat="-34.174889987334609" lon="18.338492028415203">
        <ele>2.4</ele>
      </trkpt>
      <trkpt lat="-34.174879007041454" lon="18.338489010930061">
        <ele>2.4</ele>
      </trkpt>
      <trkpt lat="-34.174866015091538" lon="18.338484987616539">
        <ele>2.4</ele>
      </trkpt>
      <trkpt lat="-34.174855034798384" lon="18.338475013151765">
        <ele>2.4</ele>
      </trkpt>
      <trkpt lat="-34.174844976514578" lon="18.33846403285861">
        <ele>2.4</ele>
      </trkpt>
      <trkpt lat="-34.174833996221423" lon="18.338452968746424">
        <ele>2.6</ele>
      </trkpt>
      <trkpt lat="-34.17482502758503" lon="18.338439976796508">
        <ele>2.6</ele>
      </trkpt>
      <trkpt lat="-34.174813963472843" lon="18.338433019816875">
        <ele>2.6</ele>
      </trkpt>
      <trkpt lat="-34.174802983179688" lon="18.338424973189831">
        <ele>2.6</ele>
      </trkpt>
      <trkpt lat="-34.174794014543295" lon="18.338417010381818">
        <ele>2.6</ele>
      </trkpt>
      <trkpt lat="-34.17478596791625" lon="18.33840100094676">
        <ele>2.4</ele>
      </trkpt>
      <trkpt lat="-34.17478303425014" lon="18.338390020653605">
        <ele>2.4</ele>
      </trkpt>
      <trkpt lat="-34.174778005108237" lon="18.338375017046928">
        <ele>2.2</ele>
      </trkpt>
      <trkpt lat="-34.174772975966334" lon="18.338360013440251">
        <ele>2.2</ele>
      </trkpt>
      <trkpt lat="-34.174765013158321" lon="18.338346015661955">
        <ele>2.2</ele>
      </trkpt>
      <trkpt lat="-34.174755960702896" lon="18.338333023712039">
        <ele>2.4</ele>
      </trkpt>
      <trkpt lat="-34.174746992066503" lon="18.338320031762123">
        <ele>2.4</ele>
      </trkpt>
      <trkpt lat="-34.174741040915251" lon="18.338306033983827">
        <ele>2.6</ele>
      </trkpt>
      <trkpt lat="-34.174736011773348" lon="18.338292958214879">
        <ele>2.6</ele>
      </trkpt>
      <trkpt lat="-34.174728970974684" lon="18.338280972093344">
        <ele>2.6</ele>
      </trkpt>
      <trkpt lat="-34.174714973196387" lon="18.33827099762857">
        <ele>2.6</ele>
      </trkpt>
      <trkpt lat="-34.174709022045135" lon="18.338262028992176">
        <ele>2.4</ele>
      </trkpt>
      <trkpt lat="-34.17469896376133" lon="18.338258005678654">
        <ele>2.2</ele>
      </trkpt>
      <trkpt lat="-34.174689995124936" lon="18.33825197070837">
        <ele>2.2</ele>
      </trkpt>
      <trkpt lat="-34.174683960154653" lon="18.338247025385499">
        <ele>2</ele>
      </trkpt>
      <trkpt lat="-34.174679014831781" lon="18.338241996243596">
        <ele>1.8</ele>
      </trkpt>
      <trkpt lat="-34.174672979861498" lon="18.338239984586835">
        <ele>1.6</ele>
      </trkpt>
      <trkpt lat="-34.174664011225104" lon="18.338232021778822">
        <ele>1.6</ele>
      </trkpt>
      <trkpt lat="-34.174657976254821" lon="18.338222969323397">
        <ele>1.6</ele>
      </trkpt>
      <trkpt lat="-34.174652025103569" lon="18.338215006515384">
        <ele>1.6</ele>
      </trkpt>
      <trkpt lat="-34.174646995961666" lon="18.338206959888339">
        <ele>1.6</ele>
      </trkpt>
      <trkpt lat="-34.174642972648144" lon="18.338202014565468">
        <ele>1.8</ele>
      </trkpt>
      <trkpt lat="-34.174640038982034" lon="18.338196985423565">
        <ele>1.8</ele>
      </trkpt>
      <trkpt lat="-34.174636015668511" lon="18.338192962110043">
        <ele>2</ele>
      </trkpt>
      <trkpt lat="-34.17463299818337" lon="18.33818600513041">
        <ele>2</ele>
      </trkpt>
      <trkpt lat="-34.174628974869847" lon="18.338180975988507">
        <ele>2</ele>
      </trkpt>
      <trkpt lat="-34.174627969041467" lon="18.338177036494017">
        <ele>2.2</ele>
      </trkpt>
      <trkpt lat="-34.174620006233454" lon="18.33816203288734">
        <ele>2.2</ele>
      </trkpt>
      <trkpt lat="-34.174619000405073" lon="18.338158009573817">
        <ele>2.2</ele>
      </trkpt>
      <trkpt lat="-34.174616988748312" lon="18.338153986260295">
        <ele>2.2</ele>
      </trkpt>
      <trkpt lat="-34.17461397126317" lon="18.338146023452282">
        <ele>2</ele>
      </trkpt>
      <trkpt lat="-34.174615982919931" lon="18.338139988481998">
        <ele>2</ele>
      </trkpt>
      <trkpt lat="-34.17461296543479" lon="18.338134037330747">
        <ele>2</ele>
      </trkpt>
      <trkpt lat="-34.174605002626777" lon="18.338126996532083">
        <ele>2</ele>
      </trkpt>
      <trkpt lat="-34.174599973484874" lon="18.33812196739018">
        <ele>1.8</ele>
      </trkpt>
      <trkpt lat="-34.174597961828113" lon="18.338118027895689">
        <ele>1.8</ele>
      </trkpt>
      <trkpt lat="-34.1745899990201" lon="18.338106963783503">
        <ele>2</ele>
      </trkpt>
      <trkpt lat="-34.174587987363338" lon="18.338096989318728">
        <ele>2</ele>
      </trkpt>
      <trkpt lat="-34.174584969878197" lon="18.338092966005206">
        <ele>2</ele>
      </trkpt>
      <trkpt lat="-34.174580024555326" lon="18.338087014853954">
        <ele>2</ele>
      </trkpt>
      <trkpt lat="-34.174573989585042" lon="18.338080979883671">
        <ele>2</ele>
      </trkpt>
      <trkpt lat="-34.17456803843379" lon="18.338077962398529">
        <ele>2</ele>
      </trkpt>
      <trkpt lat="-34.174558985978365" lon="18.338067987933755">
        <ele>2</ele>
      </trkpt>
      <trkpt lat="-34.174549011513591" lon="18.3380570076406">
        <ele>2</ele>
      </trkpt>
      <trkpt lat="-34.174545994028449" lon="18.338048961013556">
        <ele>2</ele>
      </trkpt>
      <trkpt lat="-34.174536019563675" lon="18.338039992377162">
        <ele>1.8</ele>
      </trkpt>
      <trkpt lat="-34.174531996250153" lon="18.338031023740768">
        <ele>1.6</ele>
      </trkpt>
      <trkpt lat="-34.174525961279869" lon="18.338023982942104">
        <ele>1.6</ele>
      </trkpt>
      <trkpt lat="-34.174516992643476" lon="18.338018031790853">
        <ele>1.4</ele>
      </trkpt>
      <trkpt lat="-34.174508024007082" lon="18.338009985163808">
        <ele>1.4</ele>
      </trkpt>
      <trkpt lat="-34.174499977380037" lon="18.338004034012556">
        <ele>1.4</ele>
      </trkpt>
      <trkpt lat="-34.174491008743644" lon="18.337999004870653">
        <ele>1.2</ele>
      </trkpt>
      <trkpt lat="-34.174486985430121" lon="18.33799397572875">
        <ele>1.2</ele>
      </trkpt>
      <trkpt lat="-34.17448103427887" lon="18.337994981557131">
        <ele>1.2</ele>
      </trkpt>
      <trkpt lat="-34.174473993480206" lon="18.33799397572875">
        <ele>1.2</ele>
      </trkpt>
      <trkpt lat="-34.174467958509922" lon="18.337990958243608">
        <ele>1.2</ele>
      </trkpt>
      <trkpt lat="-34.17446100153029" lon="18.337988024577498">
        <ele>1.2</ele>
      </trkpt>
      <trkpt lat="-34.174453038722277" lon="18.337984001263976">
        <ele>1.2</ele>
      </trkpt>
      <trkpt lat="-34.174443986266851" lon="18.337980983778834">
        <ele>1.2</ele>
      </trkpt>
      <trkpt lat="-34.174437029287219" lon="18.337976960465312">
        <ele>1</ele>
      </trkpt>
      <trkpt lat="-34.174433005973697" lon="18.337974026799202">
        <ele>1</ele>
      </trkpt>
      <trkpt lat="-34.174429988488555" lon="18.33797000348568">
        <ele>0.8</ele>
      </trkpt>
      <trkpt lat="-34.174424959346652" lon="18.337966986000538">
        <ele>0.8</ele>
      </trkpt>
      <trkpt lat="-34.174421019852161" lon="18.337960029020905">
        <ele>0.8</ele>
      </trkpt>
      <trkpt lat="-34.174414984881878" lon="18.337957011535764">
        <ele>0.8</ele>
      </trkpt>
      <trkpt lat="-34.174410039559007" lon="18.337952988222241">
        <ele>0.8</ele>
      </trkpt>
      <trkpt lat="-34.174401992931962" lon="18.337953994050622">
        <ele>1</ele>
      </trkpt>
      <trkpt lat="-34.174393024295568" lon="18.337953994050622">
        <ele>1</ele>
      </trkpt>
      <trkpt lat="-34.174387995153666" lon="18.337956005707383">
        <ele>1</ele>
      </trkpt>
      <trkpt lat="-34.174122959375381" lon="18.337784009054303">
        <ele>1.4</ele>
      </trkpt>
      <trkpt lat="-34.174122037366033" lon="18.337776968255639">
        <ele>1.2</ele>
      </trkpt>
      <trkpt lat="-34.174112984910607" lon="18.337764982134104">
        <ele>1.2</ele>
      </trkpt>
      <trkpt lat="-34.174098987132311" lon="18.33775601349771">
        <ele>1.2</ele>
      </trkpt>
      <trkpt lat="-34.174093035981059" lon="18.337745033204556">
        <ele>1.2</ele>
      </trkpt>
      <trkpt lat="-34.174085995182395" lon="18.337740004062653">
        <ele>1.2</ele>
      </trkpt>
      <trkpt lat="-34.17407501488924" lon="18.337738998234272">
        <ele>1.2</ele>
      </trkpt>
      <trkpt lat="-34.174066968262196" lon="18.337743021547794">
        <ele>1.2</ele>
      </trkpt>
      <trkpt lat="-34.174056993797421" lon="18.337740004062653">
        <ele>1.2</ele>
      </trkpt>
      <trkpt lat="-34.174047019332647" lon="18.337737992405891">
        <ele>1.2</ele>
      </trkpt>
      <trkpt lat="-34.174036039039493" lon="18.33773598074913">
        <ele>1.2</ele>
      </trkpt>
      <trkpt lat="-34.174023969098926" lon="18.33773598074913">
        <ele>1</ele>
      </trkpt>
      <trkpt lat="-34.174016006290913" lon="18.33773204125464">
        <ele>1</ele>
      </trkpt>
      <trkpt lat="-34.173998991027474" lon="18.337736986577511">
        <ele>0.8</ele>
      </trkpt>
      <trkpt lat="-34.173987004905939" lon="18.337746039032936">
        <ele>0.8</ele>
      </trkpt>
      <trkpt lat="-34.173977030441165" lon="18.337747966870666">
        <ele>1</ele>
      </trkpt>
      <trkpt lat="-34.173966972157359" lon="18.337754001840949">
        <ele>1</ele>
      </trkpt>
      <trkpt lat="-34.173952974379063" lon="18.337769005447626">
        <ele>1.2</ele>
      </trkpt>
      <trkpt lat="-34.17394501157105" lon="18.337766993790865">
        <ele>1.2</ele>
      </trkpt>
      <trkpt lat="-34.173934031277895" lon="18.337763976305723">
        <ele>1.2</ele>
      </trkpt>
      <trkpt lat="-34.173931013792753" lon="18.337764982134104">
        <ele>1.2</ele>
      </trkpt>
      <trkpt lat="-34.173921039327979" lon="18.337772022932768">
        <ele>1.2</ele>
      </trkpt>
      <trkpt lat="-34.173913998529315" lon="18.33777797408402">
        <ele>1</ele>
      </trkpt>
      <trkpt lat="-34.173904024064541" lon="18.337785014882684">
        <ele>1</ele>
      </trkpt>
      <trkpt lat="-34.173897989094257" lon="18.337792977690697">
        <ele>1.2</ele>
      </trkpt>
      <trkpt lat="-34.173891032114625" lon="18.337805969640613">
        <ele>1.2</ele>
      </trkpt>
      <trkpt lat="-34.1738819796592" lon="18.337822984904051">
        <ele>1.2</ele>
      </trkpt>
      <trkpt lat="-34.173872005194426" lon="18.337832959368825">
        <ele>1.4</ele>
      </trkpt>
      <trkpt lat="-34.173862030729651" lon="18.337844023481011">
        <ele>1.4</ele>
      </trkpt>
      <trkpt lat="-34.173847027122974" lon="18.337855003774166">
        <ele>1.4</ele>
      </trkpt>
      <trkpt lat="-34.173836968839169" lon="18.337860032916069">
        <ele>1.4</ele>
      </trkpt>
      <trkpt lat="-34.173829006031156" lon="18.337865984067321">
        <ele>1.4</ele>
      </trkpt>
      <trkpt lat="-34.173815008252859" lon="18.337876964360476">
        <ele>1.4</ele>
      </trkpt>
      <trkpt lat="-34.17379598133266" lon="18.337886016815901">
        <ele>1.4</ele>
      </trkpt>
      <trkpt lat="-34.173778966069221" lon="18.337895991280675">
        <ele>1.6</ele>
      </trkpt>
      <trkpt lat="-34.173762034624815" lon="18.337905965745449">
        <ele>1.8</ele>
      </trkpt>
      <trkpt lat="-34.173736972734332" lon="18.337914012372494">
        <ele>1.8</ele>
      </trkpt>
      <trkpt lat="-34.173719035461545" lon="18.337916024029255">
        <ele>1.8</ele>
      </trkpt>
      <trkpt lat="-34.173705959692597" lon="18.33790797740221">
        <ele>1.8</ele>
      </trkpt>
      <trkpt lat="-34.173700008541346" lon="18.337894985452294">
        <ele>1.8</ele>
      </trkpt>
      <trkpt lat="-34.17368802241981" lon="18.337886016815901">
        <ele>1.8</ele>
      </trkpt>
      <trkpt lat="-34.173674024641514" lon="18.337887022644281">
        <ele>1.8</ele>
      </trkpt>
      <trkpt lat="-34.173657009378076" lon="18.337903032079339">
        <ele>1.8</ele>
      </trkpt>
      <trkpt lat="-34.173652986064553" lon="18.33790403790772">
        <ele>2</ele>
      </trkpt>
      <trkpt lat="-34.173635970801115" lon="18.337909989058971">
        <ele>1.8</ele>
      </trkpt>
      <trkpt lat="-34.17362398467958" lon="18.337916024029255">
        <ele>1.8</ele>
      </trkpt>
      <trkpt lat="-34.173619039356709" lon="18.337919041514397">
        <ele>1.6</ele>
      </trkpt>
      <trkpt lat="-34.173610992729664" lon="18.337929015979171">
        <ele>1.6</ele>
      </trkpt>
      <trkpt lat="-34.173604035750031" lon="18.337936978787184">
        <ele>1.4</ele>
      </trkpt>
      <trkpt lat="-34.173594983294606" lon="18.337946031242609">
        <ele>1.4</ele>
      </trkpt>
      <trkpt lat="-34.173586014658213" lon="18.337951982393861">
        <ele>1.6</ele>
      </trkpt>
      <trkpt lat="-34.173572016879916" lon="18.337956005707383">
        <ele>1.6</ele>
      </trkpt>
      <trkpt lat="-34.173560030758381" lon="18.337959023192525">
        <ele>1.4</ele>
      </trkpt>
      <trkpt lat="-34.173553995788097" lon="18.337963968515396">
        <ele>1.4</ele>
      </trkpt>
      <trkpt lat="-34.173545027151704" lon="18.337968997657299">
        <ele>1.4</ele>
      </trkpt>
      <trkpt lat="-34.173535974696279" lon="18.33797100931406">
        <ele>1.6</ele>
      </trkpt>
      <trkpt lat="-34.173528011888266" lon="18.33797100931406">
        <ele>1.6</ele>
      </trkpt>
      <trkpt lat="-34.173520971089602" lon="18.33797100931406">
        <ele>1.6</ele>
      </trkpt>
      <trkpt lat="-34.173513008281589" lon="18.337967991828918">
        <ele>1.6</ele>
      </trkpt>
      <trkpt lat="-34.173507979139686" lon="18.337961034849286">
        <ele>1.6</ele>
      </trkpt>
      <trkpt lat="-34.173503033816814" lon="18.337956005707383">
        <ele>1.6</ele>
      </trkpt>
      <trkpt lat="-34.17349599301815" lon="18.33795097656548">
        <ele>1.6</ele>
      </trkpt>
      <trkpt lat="-34.173491969704628" lon="18.337947959080338">
        <ele>1.4</ele>
      </trkpt>
      <trkpt lat="-34.173488030210137" lon="18.337939996272326">
        <ele>1.4</ele>
      </trkpt>
      <trkpt lat="-34.173485012724996" lon="18.337933961302042">
        <ele>1.4</ele>
      </trkpt>
      <trkpt lat="-34.173477971926332" lon="18.337924992665648">
        <ele>1.4</ele>
      </trkpt>
      <trkpt lat="-34.173471014946699" lon="18.337918035686016">
        <ele>1.6</ele>
      </trkpt>
      <trkpt lat="-34.173463974148035" lon="18.337908983230591">
        <ele>1.6</ele>
      </trkpt>
      <trkpt lat="-34.173457017168403" lon="18.337898002937436">
        <ele>1.6</ele>
      </trkpt>
      <trkpt lat="-34.173447964712977" lon="18.337888028472662">
        <ele>1.6</ele>
      </trkpt>
      <trkpt lat="-34.173441007733345" lon="18.337875958532095">
        <ele>1.8</ele>
      </trkpt>
      <trkpt lat="-34.1734329611063" lon="18.337867995724082">
        <ele>1.8</ele>
      </trkpt>
      <trkpt lat="-34.173427009955049" lon="18.337857015430927">
        <ele>1.6</ele>
      </trkpt>
      <trkpt lat="-34.173421980813146" lon="18.33784201182425">
        <ele>1.6</ele>
      </trkpt>
      <trkpt lat="-34.173418041318655" lon="18.337829019874334">
        <ele>1.4</ele>
      </trkpt>
      <trkpt lat="-34.173414018005133" lon="18.337815022096038">
        <ele>1.4</ele>
      </trkpt>
      <trkpt lat="-34.173416029661894" lon="18.337801024317741">
        <ele>1.4</ele>
      </trkpt>
      <trkpt lat="-34.173407983034849" lon="18.337783003225923">
        <ele>1.6</ele>
      </trkpt>
      <trkpt lat="-34.173403037711978" lon="18.337767999619246">
        <ele>1.8</ele>
      </trkpt>
      <trkpt lat="-34.173399014398456" lon="18.337752996012568">
        <ele>2</ele>
      </trkpt>
      <trkpt lat="-34.173393985256553" lon="18.337736986577511">
        <ele>2.2</ele>
      </trkpt>
      <trkpt lat="-34.17338702827692" lon="18.337726006284356">
        <ele>2.2</ele>
      </trkpt>
      <trkpt lat="-34.173381999135017" lon="18.337717037647963">
        <ele>2</ele>
      </trkpt>
      <trkpt lat="-34.173376969993114" lon="18.337704967707396">
        <ele>2</ele>
      </trkpt>
      <trkpt lat="-34.173361966386437" lon="18.337695999071002">
        <ele>2</ele>
      </trkpt>
      <trkpt lat="-34.173349980264902" lon="18.337689964100718">
        <ele>1.8</ele>
      </trkpt>
      <trkpt lat="-34.17334302328527" lon="18.337683007121086">
        <ele>1.8</ele>
      </trkpt>
      <trkpt lat="-34.173332965001464" lon="18.33767001517117">
        <ele>2</ele>
      </trkpt>
      <trkpt lat="-34.17332399636507" lon="18.337660040706396">
        <ele>2</ele>
      </trkpt>
      <trkpt lat="-34.173317039385438" lon="18.337650988250971">
        <ele>2.2</ele>
      </trkpt>
      <trkpt lat="-34.173314021900296" lon="18.337636990472674">
        <ele>2.2</ele>
      </trkpt>
      <trkpt lat="-34.173313016071916" lon="18.337625004351139">
        <ele>2</ele>
      </trkpt>
      <trkpt lat="-34.173312010243535" lon="18.33760698325932">
        <ele>1.8</ele>
      </trkpt>
      <trkpt lat="-34.173311004415154" lon="18.337592985481024">
        <ele>1.4</ele>
      </trkpt>
      <trkpt lat="-34.17330396361649" lon="18.337569013237953">
        <ele>1</ele>
      </trkpt>
      <trkpt lat="-34.173302035778761" lon="18.337548980489373">
        <ele>1</ele>
      </trkpt>
      <trkpt lat="-34.17330102995038" lon="18.337528025731444">
        <ele>1</ele>
      </trkpt>
      <trkpt lat="-34.173288038000464" lon="18.337500030174851">
        <ele>1.4</ele>
      </trkpt>
      <trkpt lat="-34.173271022737026" lon="18.337475974112749">
        <ele>1.6</ele>
      </trkpt>
      <trkpt lat="-34.173251995816827" lon="18.33745501935482">
        <ele>1.8</ele>
      </trkpt>
      <trkpt lat="-34.173233974725008" lon="18.337432974949479">
        <ele>2</ele>
      </trkpt>
      <trkpt lat="-34.17321796528995" lon="18.337407996878028">
        <ele>2</ele>
      </trkpt>
      <trkpt lat="-34.173202039673924" lon="18.337378995493054">
        <ele>2</ele>
      </trkpt>
      <trkpt lat="-34.173182006925344" lon="18.337353011593223">
        <ele>1.8</ele>
      </trkpt>
      <trkpt lat="-34.173159962520003" lon="18.337331973016262">
        <ele>1.8</ele>
      </trkpt>
      <trkpt lat="-34.173143031075597" lon="18.337311018258333">
        <ele>2</ele>
      </trkpt>
      <trkpt lat="-34.173124004155397" lon="18.337285034358501">
        <ele>1.8</ele>
      </trkpt>
      <trkpt lat="-34.173104977235198" lon="18.33726298995316">
        <ele>1.8</ele>
      </trkpt>
      <trkpt lat="-34.173089973628521" lon="18.337248992174864">
        <ele>1.8</ele>
      </trkpt>
      <trkpt lat="-34.173067007213831" lon="18.337238011881709">
        <ele>1.6</ele>
      </trkpt>
      <trkpt lat="-34.173047980293632" lon="18.337222002446651">
        <ele>1.4</ele>
      </trkpt>
      <trkpt lat="-34.173028031364083" lon="18.337206998839974">
        <ele>1.2</ele>
      </trkpt>
      <trkpt lat="-34.173006992787123" lon="18.337193001061678">
        <ele>1.2</ele>
      </trkpt>
      <trkpt lat="-34.172989977523685" lon="18.33717699162662">
        <ele>1.2</ele>
      </trkpt>
      <trkpt lat="-34.172972040250897" lon="18.337155031040311">
        <ele>1.4</ele>
      </trkpt>
      <trkpt lat="-34.17295703664422" lon="18.33713399246335">
        <ele>1.4</ele>
      </trkpt>
      <trkpt lat="-34.172943960875273" lon="18.337115971371531">
        <ele>1.8</ele>
      </trkpt>
      <trkpt lat="-34.172924011945724" lon="18.337095016613603">
        <ele>2</ele>
      </trkpt>
      <trkpt lat="-34.172911019995809" lon="18.337074983865023">
        <ele>2</ele>
      </trkpt>
      <trkpt lat="-34.172895010560751" lon="18.337051011621952">
        <ele>2</ele>
      </trkpt>
      <trkpt lat="-34.172877995297313" lon="18.337027039378881">
        <ele>2</ele>
      </trkpt>
      <trkpt lat="-34.1728700324893" lon="18.337008012458682">
        <ele>2.2</ele>
      </trkpt>
      <trkpt lat="-34.172865003347397" lon="18.336984040215611">
        <ele>2.2</ele>
      </trkpt>
      <trkpt lat="-34.172859974205494" lon="18.336959984153509">
        <ele>2.4</ele>
      </trkpt>
      <trkpt lat="-34.172855028882623" lon="18.3369380235672">
        <ele>2.4</ele>
      </trkpt>
      <trkpt lat="-34.172845976427197" lon="18.336914973333478">
        <ele>2.2</ele>
      </trkpt>
      <trkpt lat="-34.172828961163759" lon="18.336897036060691">
        <ele>2.2</ele>
      </trkpt>
      <trkpt lat="-34.172815969213843" lon="18.336878009140491">
        <ele>2</ele>
      </trkpt>
      <trkpt lat="-34.172810018062592" lon="18.33685303106904">
        <ele>2</ele>
      </trkpt>
      <trkpt lat="-34.172799959778786" lon="18.336827969178557">
        <ele>2</ele>
      </trkpt>
      <trkpt lat="-34.172788979485631" lon="18.336805002763867">
        <ele>2</ele>
      </trkpt>
      <trkpt lat="-34.172772970050573" lon="18.336795028299093">
        <ele>2.2</ele>
      </trkpt>
      <trkpt lat="-34.172752015292645" lon="18.336779018864036">
        <ele>2.2</ele>
      </trkpt>
      <trkpt lat="-34.172739023342729" lon="18.336764015257359">
        <ele>2.2</ele>
      </trkpt>
      <trkpt lat="-34.172724019736052" lon="18.33674599416554">
        <ele>2</ele>
      </trkpt>
      <trkpt lat="-34.172704992815852" lon="18.336738031357527">
        <ele>2</ele>
      </trkpt>
      <trkpt lat="-34.172687977552414" lon="18.336734008044004">
        <ele>2</ele>
      </trkpt>
      <trkpt lat="-34.172676997259259" lon="18.336728978902102">
        <ele>2</ele>
      </trkpt>
      <trkpt lat="-34.172667022794485" lon="18.336714981123805">
        <ele>2</ele>
      </trkpt>
      <trkpt lat="-34.17265797033906" lon="18.336697965860367">
        <ele>2</ele>
      </trkpt>
      <trkpt lat="-34.172652019187808" lon="18.336679022759199">
        <ele>2</ele>
      </trkpt>
      <trkpt lat="-34.172644978389144" lon="18.336656978353858">
        <ele>1.8</ele>
      </trkpt>
      <trkpt lat="-34.172629974782467" lon="18.336635017767549">
        <ele>1.8</ele>
      </trkpt>
      <trkpt lat="-34.172611031681299" lon="18.336622025817633">
        <ele>2</ele>
      </trkpt>
      <trkpt lat="-34.172595022246242" lon="18.336608028039336">
        <ele>2.2</ele>
      </trkpt>
      <trkpt lat="-34.1725729778409" lon="18.336598975583911">
        <ele>2.2</ele>
      </trkpt>
      <trkpt lat="-34.172553028911352" lon="18.336591012775898">
        <ele>2.2</ele>
      </trkpt>
      <trkpt lat="-34.172534001991153" lon="18.336585983633995">
        <ele>2.2</ele>
      </trkpt>
      <trkpt lat="-34.172512963414192" lon="18.336581038311124">
        <ele>2.2</ele>
      </trkpt>
      <trkpt lat="-34.172494020313025" lon="18.336577014997602">
        <ele>2</ele>
      </trkpt>
      <trkpt lat="-34.172473987564445" lon="18.336570980027318">
        <ele>1.8</ele>
      </trkpt>
      <trkpt lat="-34.172457978129387" lon="18.336564023047686">
        <ele>1.8</ele>
      </trkpt>
      <trkpt lat="-34.1724400408566" lon="18.33655396476388">
        <ele>1.6</ele>
      </trkpt>
      <trkpt lat="-34.172426965087652" lon="18.336544996127486">
        <ele>1.6</ele>
      </trkpt>
      <trkpt lat="-34.172414978966117" lon="18.336538961157203">
        <ele>1.6</ele>
      </trkpt>
      <trkpt lat="-34.172402992844582" lon="18.336533010005951">
        <ele>1.8</ele>
      </trkpt>
      <trkpt lat="-34.172394024208188" lon="18.336526975035667">
        <ele>1.8</ele>
      </trkpt>
      <trkpt lat="-34.172383965924382" lon="18.336520018056035">
        <ele>1.6</ele>
      </trkpt>
      <trkpt lat="-34.172372985631227" lon="18.336514988914132">
        <ele>1.6</ele>
      </trkpt>
      <trkpt lat="-34.17235798202455" lon="18.33650903776288">
        <ele>1.4</ele>
      </trkpt>
      <trkpt lat="-34.172347001731396" lon="18.336504008620977">
        <ele>1.2</ele>
      </trkpt>
      <trkpt lat="-34.172338033095002" lon="18.336495961993933">
        <ele>1.2</ele>
      </trkpt>
      <trkpt lat="-34.172325041145086" lon="18.33648799918592">
        <ele>1</ele>
      </trkpt>
      <trkpt lat="-34.172310037538409" lon="18.336479030549526">
        <ele>1.2</ele>
      </trkpt>
      <trkpt lat="-34.172286987304688" lon="18.336470983922482">
        <ele>1.4</ele>
      </trkpt>
      <trkpt lat="-34.172266032546759" lon="18.336464026942849">
        <ele>1.6</ele>
      </trkpt>
      <trkpt lat="-34.172244993969798" lon="18.336457991972566">
        <ele>1.8</ele>
      </trkpt>
      <trkpt lat="-34.172224039211869" lon="18.336452040821314">
        <ele>2</ele>
      </trkpt>
      <trkpt lat="-34.172197971493006" lon="18.33644500002265">
        <ele>2.2</ele>
      </trkpt>
      <trkpt lat="-34.172177016735077" lon="18.336432008072734">
        <ele>2</ele>
      </trkpt>
      <trkpt lat="-34.172154972329736" lon="18.336421027779579">
        <ele>2</ele>
      </trkpt>
      <trkpt lat="-34.172132005915046" lon="18.336413986980915">
        <ele>1.8</ele>
      </trkpt>
      <trkpt lat="-34.172106022015214" lon="18.336404012516141">
        <ele>1.8</ele>
      </trkpt>
      <trkpt lat="-34.172084983438253" lon="18.336393032222986">
        <ele>1.6</ele>
      </trkpt>
      <trkpt lat="-34.172062017023563" lon="18.33638297393918">
        <ele>1.6</ele>
      </trkpt>
      <trkpt lat="-34.172036033123732" lon="18.33638004027307">
        <ele>1.6</ele>
      </trkpt>
      <trkpt lat="-34.172014994546771" lon="18.336375011131167">
        <ele>1.6</ele>
      </trkpt>
      <trkpt lat="-34.171992028132081" lon="18.336366964504123">
        <ele>1.6</ele>
      </trkpt>
      <trkpt lat="-34.171967972069979" lon="18.336361013352871">
        <ele>1.6</ele>
      </trkpt>
      <trkpt lat="-34.171942993998528" lon="18.336352966725826">
        <ele>1.4</ele>
      </trkpt>
      <trkpt lat="-34.171916004270315" lon="18.336348021402955">
        <ele>1.4</ele>
      </trkpt>
      <trkpt lat="-34.171895971521735" lon="18.3363370411098">
        <ele>1.4</ele>
      </trkpt>
      <trkpt lat="-34.171874010935426" lon="18.336325976997614">
        <ele>1.4</ele>
      </trkpt>
      <trkpt lat="-34.171851966530085" lon="18.336311979219317">
        <ele>1.4</ele>
      </trkpt>
      <trkpt lat="-34.171836040914059" lon="18.33629697561264">
        <ele>1.6</ele>
      </trkpt>
      <trkpt lat="-34.171816008165479" lon="18.336280966177583">
        <ele>1.6</ele>
      </trkpt>
      <trkpt lat="-34.171795975416899" lon="18.336266968399286">
        <ele>1.6</ele>
      </trkpt>
      <trkpt lat="-34.171779965981841" lon="18.336249031126499">
        <ele>1.6</ele>
      </trkpt>
      <trkpt lat="-34.171760017052293" lon="18.336234027519822">
        <ele>1.6</ele>
      </trkpt>
      <trkpt lat="-34.171739984303713" lon="18.336216006428003">
        <ele>1.6</ele>
      </trkpt>
      <trkpt lat="-34.171718023717403" lon="18.336196979507804">
        <ele>1.4</ele>
      </trkpt>
      <trkpt lat="-34.171697990968823" lon="18.336181975901127">
        <ele>1.4</ele>
      </trkpt>
      <trkpt lat="-34.171677036210895" lon="18.336179964244366">
        <ele>1.4</ele>
      </trkpt>
      <trkpt lat="-34.171653985977173" lon="18.336172001436353">
        <ele>1.4</ele>
      </trkpt>
      <trkpt lat="-34.171635964885354" lon="18.336150962859392">
        <ele>1.4</ele>
      </trkpt>
      <trkpt lat="-34.171618027612567" lon="18.336135037243366">
        <ele>1.4</ele>
      </trkpt>
      <trkpt lat="-34.171595983207226" lon="18.336122967302799">
        <ele>1.4</ele>
      </trkpt>
      <trkpt lat="-34.171580979600549" lon="18.33610201254487">
        <ele>1.4</ele>
      </trkpt>
      <trkpt lat="-34.171566981822252" lon="18.33608197979629">
        <ele>1.4</ele>
      </trkpt>
      <trkpt lat="-34.171550972387195" lon="18.336061025038362">
        <ele>1.6</ele>
      </trkpt>
      <trkpt lat="-34.171540997922421" lon="18.336039986461401">
        <ele>1.6</ele>
      </trkpt>
      <trkpt lat="-34.171530017629266" lon="18.336020959541202">
        <ele>1.6</ele>
      </trkpt>
      <trkpt lat="-34.17151702567935" lon="18.336002016440034">
        <ele>1.8</ele>
      </trkpt>
      <trkpt lat="-34.171501016244292" lon="18.335980977863073">
        <ele>1.8</ele>
      </trkpt>
      <trkpt lat="-34.171489030122757" lon="18.335962034761906">
        <ele>1.8</ele>
      </trkpt>
      <trkpt lat="-34.171471009030938" lon="18.335940996184945">
        <ele>2</ele>
      </trkpt>
      <trkpt lat="-34.171452987939119" lon="18.335923980921507">
        <ele>2</ele>
      </trkpt>
      <trkpt lat="-34.171436978504062" lon="18.335905959829688">
        <ele>2</ele>
      </trkpt>
      <trkpt lat="-34.171414012089372" lon="18.335891040042043">
        <ele>1.8</ele>
      </trkpt>
      <trkpt lat="-34.171393979340792" lon="18.335877964273095">
        <ele>1.8</ele>
      </trkpt>
      <trkpt lat="-34.171375036239624" lon="18.335863966494799">
        <ele>1.6</ele>
      </trkpt>
      <trkpt lat="-34.171350980177522" lon="18.335858015343547">
        <ele>1.8</ele>
      </trkpt>
      <trkpt lat="-34.171332037076354" lon="18.335849968716502">
        <ele>1.6</ele>
      </trkpt>
      <trkpt lat="-34.171316027641296" lon="18.335836976766586">
        <ele>1.6</ele>
      </trkpt>
      <trkpt lat="-34.171295994892716" lon="18.33582398481667">
        <ele>1.4</ele>
      </trkpt>
      <trkpt lat="-34.171277973800898" lon="18.335809987038374">
        <ele>1.4</ele>
      </trkpt>
      <trkpt lat="-34.17126196436584" lon="18.335790960118175">
        <ele>1.2</ele>
      </trkpt>
      <trkpt lat="-34.171243021264672" lon="18.335771011188626">
        <ele>1</ele>
      </trkpt>
      <trkpt lat="-34.171226006001234" lon="18.335755001753569">
        <ele>1</ele>
      </trkpt>
      <trkpt lat="-34.171205973252654" lon="18.33573698066175">
        <ele>1.2</ele>
      </trkpt>
      <trkpt lat="-34.171190969645977" lon="18.335718959569931">
        <ele>1.4</ele>
      </trkpt>
      <trkpt lat="-34.1711759660393" lon="18.335703033953905">
        <ele>1.6</ele>
      </trkpt>
      <trkpt lat="-34.171150987967849" lon="18.335687024518847">
        <ele>1.8</ele>
      </trkpt>
      <trkpt lat="-34.171133972704411" lon="18.335670009255409">
        <ele>1.6</ele>
      </trkpt>
      <trkpt lat="-34.171116035431623" lon="18.335648970678449">
        <ele>1.6</ele>
      </trkpt>
      <trkpt lat="-34.171100025996566" lon="18.33562801592052">
        <ele>1.6</ele>
      </trkpt>
      <trkpt lat="-34.171082004904747" lon="18.335604965686798">
        <ele>1.6</ele>
      </trkpt>
      <trkpt lat="-34.171063983812928" lon="18.335584010928869">
        <ele>1.6</ele>
      </trkpt>
      <trkpt lat="-34.171050991863012" lon="18.335561966523528">
        <ele>1.6</ele>
      </trkpt>
      <trkpt lat="-34.171039005741477" lon="18.33554302342236">
        <ele>1.6</ele>
      </trkpt>
      <trkpt lat="-34.171017967164516" lon="18.335525002330542">
        <ele>1.6</ele>
      </trkpt>
      <trkpt lat="-34.171002041548491" lon="18.335503041744232">
        <ele>1.6</ele>
      </trkpt>
      <trkpt lat="-34.170990977436304" lon="18.33547898568213">
        <ele>1.6</ele>
      </trkpt>
      <trkpt lat="-34.170984020456672" lon="18.335450990125537">
        <ele>1.8</ele>
      </trkpt>
      <trkpt lat="-34.170975973829627" lon="18.335421988740563">
        <ele>1.8</ele>
      </trkpt>
      <trkpt lat="-34.170967005193233" lon="18.335396004840732">
        <ele>1.8</ele>
      </trkpt>
      <trkpt lat="-34.170964993536472" lon="18.335369015112519">
        <ele>2</ele>
      </trkpt>
      <trkpt lat="-34.170959964394569" lon="18.335344037041068">
        <ele>2</ele>
      </trkpt>
      <trkpt lat="-34.170953007414937" lon="18.335318975150585">
        <ele>2</ele>
      </trkpt>
      <trkpt lat="-34.170933980494738" lon="18.335303971543908">
        <ele>2</ele>
      </trkpt>
      <trkpt lat="-34.170909002423286" lon="18.335288967937231">
        <ele>1.8</ele>
      </trkpt>
      <trkpt lat="-34.170888969674706" lon="18.335275975987315">
        <ele>1.8</ele>
      </trkpt>
      <trkpt lat="-34.170867009088397" lon="18.33526499569416">
        <ele>1.8</ele>
      </trkpt>
      <trkpt lat="-34.170844964683056" lon="18.335254015401006">
        <ele>1.6</ele>
      </trkpt>
      <trkpt lat="-34.170830966904759" lon="18.335237000137568">
        <ele>1.8</ele>
      </trkpt>
      <trkpt lat="-34.170814035460353" lon="18.33522199653089">
        <ele>1.6</ele>
      </trkpt>
      <trkpt lat="-34.170797020196915" lon="18.335214033722878">
        <ele>1.8</ele>
      </trkpt>
      <trkpt lat="-34.170774975791574" lon="18.335215039551258">
        <ele>1.8</ele>
      </trkpt>
      <trkpt lat="-34.170749997720122" lon="18.335212022066116">
        <ele>2</ele>
      </trkpt>
      <trkpt lat="-34.170728959143162" lon="18.335203975439072">
        <ele>2.2</ele>
      </trkpt>
      <trkpt lat="-34.170708004385233" lon="18.335194000974298">
        <ele>2.4</ele>
      </trkpt>
      <trkpt lat="-34.170697024092078" lon="18.335183020681143">
        <ele>2.4</ele>
      </trkpt>
      <trkpt lat="-34.170689983293414" lon="18.335176985710859">
        <ele>2.2</ele>
      </trkpt>
      <trkpt lat="-34.170679003000259" lon="18.335172040387988">
        <ele>2.2</ele>
      </trkpt>
      <trkpt lat="-34.170668022707105" lon="18.33515795879066">
        <ele>2</ele>
      </trkpt>
      <trkpt lat="-34.170666011050344" lon="18.335147984325886">
        <ele>1.8</ele>
      </trkpt>
      <trkpt lat="-34.170661987736821" lon="18.33513599820435">
        <ele>1.6</ele>
      </trkpt>
      <trkpt lat="-34.170654024928808" lon="18.335125017911196">
        <ele>1.4</ele>
      </trkpt>
      <trkpt lat="-34.170648995786905" lon="18.335114037618041">
        <ele>1.2</ele>
      </trkpt>
      <trkpt lat="-34.170643966645002" lon="18.335103979334235">
        <ele>1</ele>
      </trkpt>
      <trkpt lat="-34.170642960816622" lon="18.335094004869461">
        <ele>1</ele>
      </trkpt>
      <trkpt lat="-34.170640027150512" lon="18.335085036233068">
        <ele>1.2</ele>
      </trkpt>
      <trkpt lat="-34.170640027150512" lon="18.335077995434403">
        <ele>1.2</ele>
      </trkpt>
      <trkpt lat="-34.170638015493751" lon="18.335065003484488">
        <ele>1.2</ele>
      </trkpt>
      <trkpt lat="-34.170634998008609" lon="18.335056034848094">
        <ele>1.2</ele>
      </trkpt>
      <trkpt lat="-34.170633992180228" lon="18.335046982392669">
        <ele>1.4</ele>
      </trkpt>
      <trkpt lat="-34.170630974695086" lon="18.335038013756275">
        <ele>1.2</ele>
      </trkpt>
      <trkpt lat="-34.170628041028976" lon="18.335028039291501">
        <ele>1.4</ele>
      </trkpt>
      <trkpt lat="-34.170623011887074" lon="18.335017981007695">
        <ele>1.4</ele>
      </trkpt>
      <trkpt lat="-34.170615971088409" lon="18.335009012371302">
        <ele>1.4</ele>
      </trkpt>
      <trkpt lat="-34.170604990795255" lon="18.334999959915876">
        <ele>1.4</ele>
      </trkpt>
      <trkpt lat="-34.170598033815622" lon="18.334987973794341">
        <ele>1.2</ele>
      </trkpt>
      <trkpt lat="-34.170588981360197" lon="18.334975987672806">
        <ele>1</ele>
      </trkpt>
      <trkpt lat="-34.170582024380565" lon="18.334968024864793">
        <ele>1</ele>
      </trkpt>
      <trkpt lat="-34.170545311644673" lon="18.334965342655778">
        <ele>1.2</ele>
      </trkpt>
      <trkpt lat="-34.170557549223304" lon="18.334965594112873">
        <ele>0.4</ele>
      </trkpt>
      <trkpt lat="-34.170537013560534" lon="18.334965007379651">
        <ele>0.4</ele>
      </trkpt>
      <trkpt lat="-34.170528966933489" lon="18.33496400155127">
        <ele>0.6</ele>
      </trkpt>
      <trkpt lat="-34.170516980811954" lon="18.334960984066129">
        <ele>0.8</ele>
      </trkpt>
      <trkpt lat="-34.170504994690418" lon="18.334957966580987">
        <ele>0.8</ele>
      </trkpt>
      <trkpt lat="-34.170495020225644" lon="18.334953021258116">
        <ele>0.8</ele>
      </trkpt>
      <trkpt lat="-34.170485967770219" lon="18.334946986287832">
        <ele>0.8</ele>
      </trkpt>
      <trkpt lat="-34.170478004962206" lon="18.3349400293082">
        <ele>0.8</ele>
      </trkpt>
      <trkpt lat="-34.170469036325812" lon="18.334933994337916">
        <ele>0.8</ele>
      </trkpt>
      <trkpt lat="-34.170457972213626" lon="18.334926031529903">
        <ele>1</ele>
      </trkpt>
      <trkpt lat="-34.170451015233994" lon="18.33491999655962">
        <ele>1</ele>
      </trkpt>
      <trkpt lat="-34.170441962778568" lon="18.334916979074478">
        <ele>1.2</ele>
      </trkpt>
      <trkpt lat="-34.170436011627316" lon="18.334910022094846">
        <ele>1.4</ele>
      </trkpt>
      <trkpt lat="-34.170423019677401" lon="18.334901975467801">
        <ele>1.6</ele>
      </trkpt>
      <trkpt lat="-34.170412961393595" lon="18.334892001003027">
        <ele>1.6</ele>
      </trkpt>
      <trkpt lat="-34.170403992757201" lon="18.334884960204363">
        <ele>1.8</ele>
      </trkpt>
      <trkpt lat="-34.170397035777569" lon="18.334881020709872">
        <ele>1.8</ele>
      </trkpt>
      <trkpt lat="-34.170387983322144" lon="18.33487699739635">
        <ele>1.8</ele>
      </trkpt>
      <trkpt lat="-34.170382032170892" lon="18.334869034588337">
        <ele>2</ele>
      </trkpt>
      <trkpt lat="-34.170378008857369" lon="18.33485403098166">
        <ele>2</ele>
      </trkpt>
      <trkpt lat="-34.170373985543847" lon="18.334847996011376">
        <ele>2.2</ele>
      </trkpt>
      <trkpt lat="-34.170367028564215" lon="18.334841961041093">
        <ele>2</ele>
      </trkpt>
      <trkpt lat="-34.170357976108789" lon="18.334837015718222">
        <ele>2</ele>
      </trkpt>
      <trkpt lat="-34.170348001644015" lon="18.33483500406146">
        <ele>1.8</ele>
      </trkpt>
      <trkpt lat="-34.170335009694099" lon="18.334827963262796">
        <ele>1.8</ele>
      </trkpt>
      <trkpt lat="-34.170328974723816" lon="18.334827963262796">
        <ele>1.8</ele>
      </trkpt>
      <trkpt lat="-34.170317994430661" lon="18.334827041253448">
        <ele>1.8</ele>
      </trkpt>
      <trkpt lat="-34.170311037451029" lon="18.334826035425067">
        <ele>1.8</ele>
      </trkpt>
      <trkpt lat="-34.170299973338842" lon="18.334821006283164">
        <ele>1.8</ele>
      </trkpt>
      <trkpt lat="-34.170287987217307" lon="18.334814971312881">
        <ele>1.8</ele>
      </trkpt>
      <trkpt lat="-34.17027298361063" lon="18.334804996848106">
        <ele>1.8</ele>
      </trkpt>
      <trkpt lat="-34.170260997489095" lon="18.334785969927907">
        <ele>1.8</ele>
      </trkpt>
      <trkpt lat="-34.170246999710798" lon="18.334769960492849">
        <ele>1.8</ele>
      </trkpt>
      <trkpt lat="-34.17022998444736" lon="18.334742970764637">
        <ele>2</ele>
      </trkpt>
      <trkpt lat="-34.170212969183922" lon="18.334714975208044">
        <ele>2</ele>
      </trkpt>
      <trkpt lat="-34.170192014425993" lon="18.334688991308212">
        <ele>2</ele>
      </trkpt>
      <trkpt lat="-34.170173993334174" lon="18.334665019065142">
        <ele>2</ele>
      </trkpt>
      <trkpt lat="-34.170154966413975" lon="18.334640963003039">
        <ele>2</ele>
      </trkpt>
      <trkpt lat="-34.170135017484426" lon="18.334617996588349">
        <ele>2</ele>
      </trkpt>
      <trkpt lat="-34.170114984735847" lon="18.334595030173659">
        <ele>2</ele>
      </trkpt>
      <trkpt lat="-34.170091012492776" lon="18.33457600325346">
        <ele>2</ele>
      </trkpt>
      <trkpt lat="-34.170075003057718" lon="18.334563011303544">
        <ele>2.2</ele>
      </trkpt>
      <trkpt lat="-34.170055976137519" lon="18.334543984383345">
        <ele>2</ele>
      </trkpt>
      <trkpt lat="-34.170041978359222" lon="18.334524035453796">
        <ele>2</ele>
      </trkpt>
      <trkpt lat="-34.170028986409307" lon="18.334507020190358">
        <ele>2</ele>
      </trkpt>
      <trkpt lat="-34.170019011944532" lon="18.334488999098539">
        <ele>2</ele>
      </trkpt>
      <trkpt lat="-34.170003002509475" lon="18.334475001320243">
        <ele>2</ele>
      </trkpt>
      <trkpt lat="-34.169985987246037" lon="18.334472989663482">
        <ele>2.2</ele>
      </trkpt>
      <trkpt lat="-34.169968971982598" lon="18.334459997713566">
        <ele>2.2</ele>
      </trkpt>
      <trkpt lat="-34.169952040538192" lon="18.334443988278508">
        <ele>2.2</ele>
      </trkpt>
      <trkpt lat="-34.169946005567908" lon="18.334425967186689">
        <ele>2.4</ele>
      </trkpt>
      <trkpt lat="-34.169934019446373" lon="18.334405012428761">
        <ele>2.4</ele>
      </trkpt>
      <trkpt lat="-34.169917004182935" lon="18.334386991336942">
        <ele>2.4</ele>
      </trkpt>
      <trkpt lat="-34.169902000576258" lon="18.334365030750632">
        <ele>2.4</ele>
      </trkpt>
      <trkpt lat="-34.169880961999297" lon="18.334343992173672">
        <ele>2.4</ele>
      </trkpt>
      <trkpt lat="-34.169859001412988" lon="18.334323959425092">
        <ele>2.4</ele>
      </trkpt>
      <trkpt lat="-34.169839974492788" lon="18.334309039637446">
        <ele>2.4</ele>
      </trkpt>
      <trkpt lat="-34.169812984764576" lon="18.334293030202389">
        <ele>2.2</ele>
      </trkpt>
      <trkpt lat="-34.169791024178267" lon="18.334280960261822">
        <ele>2.2</ele>
      </trkpt>
      <trkpt lat="-34.169769985601306" lon="18.334266040474176">
        <ele>2.2</ele>
      </trkpt>
      <trkpt lat="-34.169749030843377" lon="18.334248019382358">
        <ele>2.2</ele>
      </trkpt>
      <trkpt lat="-34.169727992266417" lon="18.334234021604061">
        <ele>2.2</ele>
      </trkpt>
      <trkpt lat="-34.169706031680107" lon="18.334221029654145">
        <ele>2.2</ele>
      </trkpt>
      <trkpt lat="-34.169688010588288" lon="18.334205020219088">
        <ele>2</ele>
      </trkpt>
      <trkpt lat="-34.169666972011328" lon="18.334194961935282">
        <ele>2</ele>
      </trkpt>
      <trkpt lat="-34.169645011425018" lon="18.334181969985366">
        <ele>2</ele>
      </trkpt>
      <trkpt lat="-34.16962799616158" lon="18.334166966378689">
        <ele>2</ele>
      </trkpt>
      <trkpt lat="-34.169609975069761" lon="18.334151962772012">
        <ele>2</ele>
      </trkpt>
      <trkpt lat="-34.169589020311832" lon="18.334141988307238">
        <ele>2</ele>
      </trkpt>
      <trkpt lat="-34.169570999220014" lon="18.334131008014083">
        <ele>2</ele>
      </trkpt>
      <trkpt lat="-34.169552978128195" lon="18.334111981093884">
        <ele>2</ele>
      </trkpt>
      <trkpt lat="-34.169538980349898" lon="18.334093037992716">
        <ele>2</ele>
      </trkpt>
      <trkpt lat="-34.169522970914841" lon="18.334074011072516">
        <ele>2</ele>
      </trkpt>
      <trkpt lat="-34.169504027813673" lon="18.33406001329422">
        <ele>2.2</ele>
      </trkpt>
      <trkpt lat="-34.169479971751571" lon="18.334049033001065">
        <ele>2.2</ele>
      </trkpt>
      <trkpt lat="-34.169462034478784" lon="18.334036963060498">
        <ele>2.2</ele>
      </trkpt>
      <trkpt lat="-34.169439990073442" lon="18.334020031616092">
        <ele>2.2</ele>
      </trkpt>
      <trkpt lat="-34.169420963153243" lon="18.333999998867512">
        <ele>2</ele>
      </trkpt>
      <trkpt lat="-34.169402020052075" lon="18.333981977775693">
        <ele>2</ele>
      </trkpt>
      <trkpt lat="-34.169386010617018" lon="18.333967979997396">
        <ele>2</ele>
      </trkpt>
      <trkpt lat="-34.169367989525199" lon="18.333950964733958">
        <ele>2</ele>
      </trkpt>
      <trkpt lat="-34.169348040595651" lon="18.333936966955662">
        <ele>2</ele>
      </trkpt>
      <trkpt lat="-34.169330019503832" lon="18.333923975005746">
        <ele>2</ele>
      </trkpt>
      <trkpt lat="-34.16930596344173" lon="18.33391098305583">
        <ele>2</ele>
      </trkpt>
      <trkpt lat="-34.169288026168942" lon="18.333898996934295">
        <ele>2</ele>
      </trkpt>
      <trkpt lat="-34.169273022562265" lon="18.333883993327618">
        <ele>2</ele>
      </trkpt>
      <trkpt lat="-34.169249972328544" lon="18.333872007206082">
        <ele>2.2</ele>
      </trkpt>
      <trkpt lat="-34.169224994257092" lon="18.333864966407418">
        <ele>2.2</ele>
      </trkpt>
      <trkpt lat="-34.169203033670783" lon="18.333858009427786">
        <ele>2.2</ele>
      </trkpt>
      <trkpt lat="-34.16917696595192" lon="18.333853986114264">
        <ele>2.2</ele>
      </trkpt>
      <trkpt lat="-34.169157017022371" lon="18.333847029134631">
        <ele>2</ele>
      </trkpt>
      <trkpt lat="-34.16913497261703" lon="18.333833031356335">
        <ele>2</ele>
      </trkpt>
      <trkpt lat="-34.169116029515862" lon="18.333820039406419">
        <ele>1.8</ele>
      </trkpt>
      <trkpt lat="-34.169093985110521" lon="18.333810986950994">
        <ele>1.8</ele>
      </trkpt>
      <trkpt lat="-34.16906900703907" lon="18.333797995001078">
        <ele>1.8</ele>
      </trkpt>
      <trkpt lat="-34.169051991775632" lon="18.333787014707923">
        <ele>1.8</ele>
      </trkpt>
      <trkpt lat="-34.169031037017703" lon="18.333777040243149">
        <ele>1.8</ele>
      </trkpt>
      <trkpt lat="-34.16900597512722" lon="18.333767987787724">
        <ele>1.8</ele>
      </trkpt>
      <trkpt lat="-34.168987032026052" lon="18.333757007494569">
        <ele>1.8</ele>
      </trkpt>
      <trkpt lat="-34.16896297596395" lon="18.333745021373034">
        <ele>1.8</ele>
      </trkpt>
      <trkpt lat="-34.168944032862782" lon="18.333737980574369">
        <ele>2</ele>
      </trkpt>
      <trkpt lat="-34.168927017599344" lon="18.333732029423118">
        <ele>2</ele>
      </trkpt>
      <trkpt lat="-34.168910002335906" lon="18.333720965310931">
        <ele>2</ele>
      </trkpt>
      <trkpt lat="-34.168890975415707" lon="18.333710990846157">
        <ele>2</ele>
      </trkpt>
      <trkpt lat="-34.16887303814292" lon="18.333694981411099">
        <ele>1.8</ele>
      </trkpt>
      <trkpt lat="-34.168855017051101" lon="18.333676960319281">
        <ele>1.8</ele>
      </trkpt>
      <trkpt lat="-34.168836995959282" lon="18.333663968369365">
        <ele>1.8</ele>
      </trkpt>
      <trkpt lat="-34.16881101205945" lon="18.333653993904591">
        <ele>1.8</ele>
      </trkpt>
      <trkpt lat="-34.168788967654109" lon="18.333651982247829">
        <ele>1.8</ele>
      </trkpt>
      <trkpt lat="-34.16876801289618" lon="18.333647036924958">
        <ele>2</ele>
      </trkpt>
      <trkpt lat="-34.168743034824729" lon="18.333637984469533">
        <ele>2</ele>
      </trkpt>
      <trkpt lat="-34.168719984591007" lon="18.333631027489901">
        <ele>2</ele>
      </trkpt>
      <trkpt lat="-34.168697018176317" lon="18.333621975034475">
        <ele>2</ele>
      </trkpt>
      <trkpt lat="-34.168673967942595" lon="18.333614012226462">
        <ele>1.8</ele>
      </trkpt>
      <trkpt lat="-34.168655024841428" lon="18.333605965599418">
        <ele>1.8</ele>
      </trkpt>
      <trkpt lat="-34.168634992092848" lon="18.333592973649502">
        <ele>1.8</ele>
      </trkpt>
      <trkpt lat="-34.168613031506538" lon="18.333577970042825">
        <ele>1.8</ele>
      </trkpt>
      <trkpt lat="-34.168589981272817" lon="18.333563972264528">
        <ele>1.8</ele>
      </trkpt>
      <trkpt lat="-34.168570032343268" lon="18.333551986142993">
        <ele>1.8</ele>
      </trkpt>
      <trkpt lat="-34.16855301707983" lon="18.333533965051174">
        <ele>1.8</ele>
      </trkpt>
      <trkpt lat="-34.16853197850287" lon="18.333518961444497">
        <ele>1.6</ele>
      </trkpt>
      <trkpt lat="-34.168511023744941" lon="18.333505969494581">
        <ele>1.6</ele>
      </trkpt>
      <trkpt lat="-34.168486967682838" lon="18.333490965887904">
        <ele>1.8</ele>
      </trkpt>
      <trkpt lat="-34.168470036238432" lon="18.333474034443498">
        <ele>1.8</ele>
      </trkpt>
      <trkpt lat="-34.168450003489852" lon="18.333454001694918">
        <ele>1.8</ele>
      </trkpt>
      <trkpt lat="-34.168427037075162" lon="18.333440003916621">
        <ele>2</ele>
      </trkpt>
      <trkpt lat="-34.16840398684144" lon="18.333423994481564">
        <ele>2</ele>
      </trkpt>
      <trkpt lat="-34.16838001459837" lon="18.333408990874887">
        <ele>1.8</ele>
      </trkpt>
      <trkpt lat="-34.16836098767817" lon="18.333399016410112">
        <ele>1.8</ele>
      </trkpt>
      <trkpt lat="-34.16833802126348" lon="18.333389963954687">
        <ele>1.6</ele>
      </trkpt>
      <trkpt lat="-34.168312959372997" lon="18.333378983661532">
        <ele>1.6</ele>
      </trkpt>
      <trkpt lat="-34.168290998786688" lon="18.333369009196758">
        <ele>1.6</ele>
      </trkpt>
      <trkpt lat="-34.168268032371998" lon="18.333355011418462">
        <ele>1.6</ele>
      </trkpt>
      <trkpt lat="-34.168255040422082" lon="18.333336990326643">
        <ele>1.6</ele>
      </trkpt>
      <trkpt lat="-34.168239030987024" lon="18.333313018083572">
        <ele>1.8</ele>
      </trkpt>
      <trkpt lat="-34.168218998238444" lon="18.333294996991754">
        <ele>2</ele>
      </trkpt>
      <trkpt lat="-34.168207012116909" lon="18.333273036405444">
        <ele>2.2</ele>
      </trkpt>
      <trkpt lat="-34.168192008510232" lon="18.333248980343342">
        <ele>2.2</ele>
      </trkpt>
      <trkpt lat="-34.168174993246794" lon="18.333226013928652">
        <ele>2.2</ele>
      </trkpt>
      <trkpt lat="-34.168155966326594" lon="18.333208998665214">
        <ele>2.4</ele>
      </trkpt>
      <trkpt lat="-34.168137023225427" lon="18.333193995058537">
        <ele>2.2</ele>
      </trkpt>
      <trkpt lat="-34.16812201961875" lon="18.333182008937001">
        <ele>2.2</ele>
      </trkpt>
      <trkpt lat="-34.168103998526931" lon="18.333167005330324">
        <ele>2.2</ele>
      </trkpt>
      <trkpt lat="-34.168087989091873" lon="18.333155019208789">
        <ele>2</ele>
      </trkpt>
      <trkpt lat="-34.168072985485196" lon="18.333140015602112">
        <ele>2</ele>
      </trkpt>
      <trkpt lat="-34.168057981878519" lon="18.333127023652196">
        <ele>2</ele>
      </trkpt>
      <trkpt lat="-34.168042978271842" lon="18.333109002560377">
        <ele>2</ele>
      </trkpt>
      <trkpt lat="-34.168025963008404" lon="18.333099028095603">
        <ele>2</ele>
      </trkpt>
      <trkpt lat="-34.168001990765333" lon="18.333092993125319">
        <ele>2.2</ele>
      </trkpt>
      <trkpt lat="-34.167977012693882" lon="18.333087963983417">
        <ele>2.2</ele>
      </trkpt>
      <trkpt lat="-34.167958991602063" lon="18.333083018660545">
        <ele>2.2</ele>
      </trkpt>
      <trkpt lat="-34.167934013530612" lon="18.333080001175404">
        <ele>2</ele>
      </trkpt>
      <trkpt lat="-34.16791096329689" lon="18.33307396620512">
        <ele>2.2</ele>
      </trkpt>
      <trkpt lat="-34.167891014367342" lon="18.333072038367391">
        <ele>2.2</ele>
      </trkpt>
      <trkpt lat="-34.16786402463913" lon="18.33307103253901">
        <ele>2.2</ele>
      </trkpt>
      <trkpt lat="-34.167839968577027" lon="18.333067009225488">
        <ele>2.2</ele>
      </trkpt>
      <trkpt lat="-34.167812978848815" lon="18.333063991740346">
        <ele>2.4</ele>
      </trkpt>
      <trkpt lat="-34.167785989120603" lon="18.333061980083585">
        <ele>2.2</ele>
      </trkpt>
      <trkpt lat="-34.167763022705913" lon="18.333057034760714">
        <ele>2</ele>
      </trkpt>
      <trkpt lat="-34.16773796081543" lon="18.333054017275572">
        <ele>2</ele>
      </trkpt>
      <trkpt lat="-34.167712982743979" lon="18.333053011447191">
        <ele>1.8</ele>
      </trkpt>
      <trkpt lat="-34.167685993015766" lon="18.333044964820147">
        <ele>2</ele>
      </trkpt>
      <trkpt lat="-34.167661014944315" lon="18.333034990355372">
        <ele>2</ele>
      </trkpt>
      <trkpt lat="-34.167636958882213" lon="18.333027027547359">
        <ele>2</ele>
      </trkpt>
      <trkpt lat="-34.167612986639142" lon="18.333018980920315">
        <ele>2</ele>
      </trkpt>
      <trkpt lat="-34.167592031881213" lon="18.33300800062716">
        <ele>2</ele>
      </trkpt>
      <trkpt lat="-34.16756596416235" lon="18.332997020334005">
        <ele>2</ele>
      </trkpt>
      <trkpt lat="-34.16754299774766" lon="18.33298796787858">
        <ele>2</ele>
      </trkpt>
      <trkpt lat="-34.167517013847828" lon="18.332982016727328">
        <ele>2</ele>
      </trkpt>
      <trkpt lat="-34.167495975270867" lon="18.332977993413806">
        <ele>2</ele>
      </trkpt>
      <trkpt lat="-34.167469991371036" lon="18.332971958443522">
        <ele>2</ele>
      </trkpt>
      <trkpt lat="-34.167441995814443" lon="18.332971036434174">
        <ele>2</ele>
      </trkpt>
      <trkpt lat="-34.167417017742991" lon="18.332968018949032">
        <ele>2</ele>
      </trkpt>
      <trkpt lat="-34.16739103384316" lon="18.332968018949032">
        <ele>2</ele>
      </trkpt>
      <trkpt lat="-34.167366977781057" lon="18.332963995635509">
        <ele>2</ele>
      </trkpt>
      <trkpt lat="-34.167339988052845" lon="18.33296500146389">
        <ele>2</ele>
      </trkpt>
      <trkpt lat="-34.167315009981394" lon="18.332959972321987">
        <ele>2</ele>
      </trkpt>
      <trkpt lat="-34.167288020253181" lon="18.332956032827497">
        <ele>2</ele>
      </trkpt>
      <trkpt lat="-34.16726203635335" lon="18.332946980372071">
        <ele>2</ele>
      </trkpt>
      <trkpt lat="-34.167235968634486" lon="18.332938011735678">
        <ele>2</ele>
      </trkpt>
      <trkpt lat="-34.167213002219796" lon="18.332928037270904">
        <ele>2</ele>
      </trkpt>
      <trkpt lat="-34.167187018319964" lon="18.332923008129001">
        <ele>2</ele>
      </trkpt>
      <trkpt lat="-34.167162040248513" lon="18.332917978987098">
        <ele>2</ele>
      </trkpt>
      <trkpt lat="-34.16713697835803" lon="18.332915967330337">
        <ele>2</ele>
      </trkpt>
      <trkpt lat="-34.167109988629818" lon="18.332910016179085">
        <ele>2</ele>
      </trkpt>
      <trkpt lat="-34.167079981416464" lon="18.332905992865562">
        <ele>2</ele>
      </trkpt>
      <trkpt lat="-34.167052991688251" lon="18.332900041714311">
        <ele>2</ele>
      </trkpt>
      <trkpt lat="-34.167022984474897" lon="18.332897024229169">
        <ele>2</ele>
      </trkpt>
      <trkpt lat="-34.166993983089924" lon="18.332896018400788">
        <ele>2</ele>
      </trkpt>
      <trkpt lat="-34.166967999190092" lon="18.332896018400788">
        <ele>2</ele>
      </trkpt>
      <trkpt lat="-34.166944026947021" lon="18.332896018400788">
        <ele>2</ele>
      </trkpt>
      <trkpt lat="-34.16692198254168" lon="18.332895012572408">
        <ele>2</ele>
      </trkpt>
      <trkpt lat="-34.16689801029861" lon="18.332894006744027">
        <ele>2.2</ele>
      </trkpt>
      <trkpt lat="-34.16687797755003" lon="18.332891995087266">
        <ele>2.4</ele>
      </trkpt>
      <trkpt lat="-34.166872026398778" lon="18.332889983430505">
        <ele>2.6</ele>
      </trkpt>
      <trkpt lat="-34.166859034448862" lon="18.332889983430505">
        <ele>2.8</ele>
      </trkpt>
      <trkpt lat="-34.166845036670566" lon="18.332884032279253">
        <ele>3</ele>
      </trkpt>
      <trkpt lat="-34.166828021407127" lon="18.332885960116982">
        <ele>3</ele>
      </trkpt>
      <trkpt lat="-34.166820980608463" lon="18.332886965945363">
        <ele>2.8</ele>
      </trkpt>
      <trkpt lat="-34.166804971173406" lon="18.332886965945363">
        <ele>2.6</ele>
      </trkpt>
      <trkpt lat="-34.166793990880251" lon="18.332886965945363">
        <ele>2.2</ele>
      </trkpt>
      <trkpt lat="-34.166784016415477" lon="18.332885960116982">
        <ele>2</ele>
      </trkpt>
      <trkpt lat="-34.1667690128088" lon="18.332883026450872">
        <ele>2</ele>
      </trkpt>
      <trkpt lat="-34.166750991716981" lon="18.33287900313735">
        <ele>2</ele>
      </trkpt>
      <trkpt lat="-34.166731964796782" lon="18.332886965945363">
        <ele>2</ele>
      </trkpt>
      <trkpt lat="-34.166716961190104" lon="18.332893000915647">
        <ele>2</ele>
      </trkpt>
      <trkpt lat="-34.166702963411808" lon="18.332897024229169">
        <ele>2</ele>
      </trkpt>
      <trkpt lat="-34.166685026139021" lon="18.332903981208801">
        <ele>2.2</ele>
      </trkpt>
      <trkpt lat="-34.166661975905299" lon="18.332913033664227">
        <ele>2.2</ele>
      </trkpt>
      <trkpt lat="-34.166638003662229" lon="18.332916973158717">
        <ele>2</ele>
      </trkpt>
      <trkpt lat="-34.166613025590777" lon="18.332917978987098">
        <ele>2</ele>
      </trkpt>
      <trkpt lat="-34.166589975357056" lon="18.332915967330337">
        <ele>2</ele>
      </trkpt>
      <trkpt lat="-34.166561979800463" lon="18.332915967330337">
        <ele>2</ele>
      </trkpt>
      <trkpt lat="-34.166542030870914" lon="18.332916973158717">
        <ele>2.2</ele>
      </trkpt>
      <trkpt lat="-34.166513029485941" lon="18.332918984815478">
        <ele>2.4</ele>
      </trkpt>
      <trkpt lat="-34.166489979252219" lon="18.332913033664227">
        <ele>2.6</ele>
      </trkpt>
      <trkpt lat="-34.166461983695626" lon="18.332908004522324">
        <ele>2.6</ele>
      </trkpt>
      <trkpt lat="-34.166435999795794" lon="18.332902975380421">
        <ele>2.6</ele>
      </trkpt>
      <trkpt lat="-34.166411021724343" lon="18.332898030057549">
        <ele>2.4</ele>
      </trkpt>
      <trkpt lat="-34.166384031996131" lon="18.332890989258885">
        <ele>2.4</ele>
      </trkpt>
      <trkpt lat="-34.16636198759079" lon="18.332881014794111">
        <ele>2.4</ele>
      </trkpt>
      <trkpt lat="-34.166336003690958" lon="18.332868022844195">
        <ele>2.4</ele>
      </trkpt>
      <trkpt lat="-34.166313959285617" lon="18.332854025065899">
        <ele>2.2</ele>
      </trkpt>
      <trkpt lat="-34.166290992870927" lon="18.332846984267235">
        <ele>2.2</ele>
      </trkpt>
      <trkpt lat="-34.166267020627856" lon="18.332843966782093">
        <ele>2.2</ele>
      </trkpt>
      <trkpt lat="-34.166244976222515" lon="18.3328349981457">
        <ele>2.2</ele>
      </trkpt>
      <trkpt lat="-34.166218992322683" lon="18.332824017852545">
        <ele>2.2</ele>
      </trkpt>
      <trkpt lat="-34.166196025907993" lon="18.332809014245868">
        <ele>2.2</ele>
      </trkpt>
      <trkpt lat="-34.166179010644555" lon="18.332786969840527">
        <ele>2.2</ele>
      </trkpt>
      <trkpt lat="-34.166159983724356" lon="18.332766015082598">
        <ele>2.2</ele>
      </trkpt>
      <trkpt lat="-34.166140034794807" lon="18.332746988162398">
        <ele>2.2</ele>
      </trkpt>
      <trkpt lat="-34.166123019531369" lon="18.33272997289896">
        <ele>2.4</ele>
      </trkpt>
      <trkpt lat="-34.166107010096312" lon="18.33270700648427">
        <ele>2.4</ele>
      </trkpt>
      <trkpt lat="-34.166089994832873" lon="18.33268404006958">
        <ele>2.4</ele>
      </trkpt>
      <trkpt lat="-34.166072979569435" lon="18.332658978179097">
        <ele>2.4</ele>
      </trkpt>
      <trkpt lat="-34.166057975962758" lon="18.332630982622504">
        <ele>2.2</ele>
      </trkpt>
      <trkpt lat="-34.166045989841223" lon="18.332609022036195">
        <ele>2</ele>
      </trkpt>
      <trkpt lat="-34.166028974577785" lon="18.332594018429518">
        <ele>1.8</ele>
      </trkpt>
      <trkpt lat="-34.166008019819856" lon="18.33257700316608">
        <ele>1.8</ele>
      </trkpt>
      <trkpt lat="-34.165991004556417" lon="18.332558982074261">
        <ele>2</ele>
      </trkpt>
      <trkpt lat="-34.165968960151076" lon="18.332540038973093">
        <ele>2</ele>
      </trkpt>
      <trkpt lat="-34.16595202870667" lon="18.332523023709655">
        <ele>2.2</ele>
      </trkpt>
      <trkpt lat="-34.165934007614851" lon="18.332503996789455">
        <ele>2.4</ele>
      </trkpt>
      <trkpt lat="-34.165911041200161" lon="18.33249201066792">
        <ele>2.4</ele>
      </trkpt>
      <trkpt lat="-34.165895031765103" lon="18.332480024546385">
        <ele>2.4</ele>
      </trkpt>
      <trkpt lat="-34.165873993188143" lon="18.33247197791934">
        <ele>2.2</ele>
      </trkpt>
      <trkpt lat="-34.165852032601833" lon="18.332465020939708">
        <ele>2.2</ele>
      </trkpt>
      <trkpt lat="-34.165833005681634" lon="18.332460997626185">
        <ele>2.2</ele>
      </trkpt>
      <trkpt lat="-34.165809033438563" lon="18.332455968484282">
        <ele>2.2</ele>
      </trkpt>
      <trkpt lat="-34.165561012923717" lon="18.332318002358079">
        <ele>1.8</ele>
      </trkpt>
      <trkpt lat="-34.165555983781815" lon="18.332310961559415">
        <ele>2</ele>
      </trkpt>
      <trkpt lat="-34.16554600931704" lon="18.332306016236544">
        <ele>2</ele>
      </trkpt>
      <trkpt lat="-34.165536034852266" lon="18.332300987094641">
        <ele>2</ele>
      </trkpt>
      <trkpt lat="-34.165527988225222" lon="18.332292018458247">
        <ele>2</ele>
      </trkpt>
      <trkpt lat="-34.165522959083319" lon="18.332281038165092">
        <ele>1.8</ele>
      </trkpt>
      <trkpt lat="-34.165512984618545" lon="18.332269974052906">
        <ele>1.8</ele>
      </trkpt>
      <trkpt lat="-34.165504015982151" lon="18.332258993759751">
        <ele>2</ele>
      </trkpt>
      <trkpt lat="-34.165498986840248" lon="18.332246001809835">
        <ele>2</ele>
      </trkpt>
      <trkpt lat="-34.165493035688996" lon="18.332235021516681">
        <ele>2</ele>
      </trkpt>
      <trkpt lat="-34.165485994890332" lon="18.332225969061255">
        <ele>2</ele>
      </trkpt>
      <trkpt lat="-34.165476020425558" lon="18.33221398293972">
        <ele>2</ele>
      </trkpt>
      <trkpt lat="-34.165467973798513" lon="18.332201996818185">
        <ele>2</ele>
      </trkpt>
      <trkpt lat="-34.165461016818881" lon="18.33219101652503">
        <ele>2.2</ele>
      </trkpt>
      <trkpt lat="-34.165451964363456" lon="18.332180036231875">
        <ele>2.2</ele>
      </trkpt>
      <trkpt lat="-34.165442995727062" lon="18.33216997794807">
        <ele>2</ele>
      </trkpt>
      <trkpt lat="-34.165431009605527" lon="18.332160003483295">
        <ele>2</ele>
      </trkpt>
      <trkpt lat="-34.165418017655611" lon="18.332150029018521">
        <ele>2</ele>
      </trkpt>
      <trkpt lat="-34.165407037362456" lon="18.332140976563096">
        <ele>2</ele>
      </trkpt>
      <trkpt lat="-34.16539597325027" lon="18.332131002098322">
        <ele>2</ele>
      </trkpt>
      <trkpt lat="-34.165387004613876" lon="18.332120021805167">
        <ele>2.2</ele>
      </trkpt>
      <trkpt lat="-34.165379041805863" lon="18.332112981006503">
        <ele>2.2</ele>
      </trkpt>
      <trkpt lat="-34.165372001007199" lon="18.332106024026871">
        <ele>2.2</ele>
      </trkpt>
      <trkpt lat="-34.165361020714045" lon="18.332100994884968">
        <ele>2.2</ele>
      </trkpt>
      <trkpt lat="-34.165349034592509" lon="18.332096971571445">
        <ele>2.2</ele>
      </trkpt>
      <trkpt lat="-34.165333025157452" lon="18.332092026248574">
        <ele>2.2</ele>
      </trkpt>
      <trkpt lat="-34.16530997492373" lon="18.332081967964768">
        <ele>2.2</ele>
      </trkpt>
      <trkpt lat="-34.165289020165801" lon="18.332069981843233">
        <ele>2.2</ele>
      </trkpt>
      <trkpt lat="-34.16526697576046" lon="18.332057995721698">
        <ele>2.4</ele>
      </trkpt>
      <trkpt lat="-34.165246021002531" lon="18.332047015428543">
        <ele>2.4</ele>
      </trkpt>
      <trkpt lat="-34.165220037102699" lon="18.332039974629879">
        <ele>2.4</ele>
      </trkpt>
      <trkpt lat="-34.165191035717726" lon="18.332034023478627">
        <ele>2.6</ele>
      </trkpt>
      <trkpt lat="-34.165163962170482" lon="18.332030000165105">
        <ele>2.4</ele>
      </trkpt>
      <trkpt lat="-34.16513797827065" lon="18.332025976851583">
        <ele>2.4</ele>
      </trkpt>
      <trkpt lat="-34.165110988542438" lon="18.33201801404357">
        <ele>2.4</ele>
      </trkpt>
      <trkpt lat="-34.165083998814225" lon="18.332005022093654">
        <ele>2.4</ele>
      </trkpt>
      <trkpt lat="-34.165062038227916" lon="18.331988006830215">
        <ele>2.4</ele>
      </trkpt>
      <trkpt lat="-34.165040999650955" lon="18.331962022930384">
        <ele>2.4</ele>
      </trkpt>
      <trkpt lat="-34.165027001872659" lon="18.331934027373791">
        <ele>2.4</ele>
      </trkpt>
      <trkpt lat="-34.16500898078084" lon="18.331906031817198">
        <ele>2.4</ele>
      </trkpt>
      <trkpt lat="-34.164992971345782" lon="18.331879964098334">
        <ele>2.4</ele>
      </trkpt>
      <trkpt lat="-34.164977967739105" lon="18.331850040704012">
        <ele>2.4</ele>
      </trkpt>
      <trkpt lat="-34.164961036294699" lon="18.331821039319038">
        <ele>2.4</ele>
      </trkpt>
      <trkpt lat="-34.164945026859641" lon="18.331796983256936">
        <ele>2.4</ele>
      </trkpt>
      <trkpt lat="-34.164920970797539" lon="18.331778040155768">
        <ele>2.4</ele>
      </trkpt>
      <trkpt lat="-34.164898004382849" lon="18.331762030720711">
        <ele>2.2</ele>
      </trkpt>
      <trkpt lat="-34.164875959977508" lon="18.331744009628892">
        <ele>2.2</ele>
      </trkpt>
      <trkpt lat="-34.16485802270472" lon="18.331723976880312">
        <ele>2</ele>
      </trkpt>
      <trkpt lat="-34.164841007441282" lon="18.331701010465622">
        <ele>1.8</ele>
      </trkpt>
      <trkpt lat="-34.164826003834605" lon="18.3316779602319">
        <ele>1.8</ele>
      </trkpt>
      <trkpt lat="-34.164805971086025" lon="18.33165499381721">
        <ele>2</ele>
      </trkpt>
      <trkpt lat="-34.164788033813238" lon="18.33163202740252">
        <ele>2</ele>
      </trkpt>
      <trkpt lat="-34.164768001064658" lon="18.33161098882556">
        <ele>2.2</ele>
      </trkpt>
      <trkpt lat="-34.164746040478349" lon="18.33158902823925">
        <ele>2.2</ele>
      </trkpt>
      <trkpt lat="-34.164731036871672" lon="18.331566983833909">
        <ele>2</ele>
      </trkpt>
      <trkpt lat="-34.164714021608233" lon="18.331544017419219">
        <ele>2</ele>
      </trkpt>
      <trkpt lat="-34.164694994688034" lon="18.331522978842258">
        <ele>2.2</ele>
      </trkpt>
      <trkpt lat="-34.164676973596215" lon="18.331499006599188">
        <ele>2.2</ele>
      </trkpt>
      <trkpt lat="-34.164662975817919" lon="18.331476040184498">
        <ele>2.4</ele>
      </trkpt>
      <trkpt lat="-34.16464202105999" lon="18.331452989950776">
        <ele>2.4</ele>
      </trkpt>
      <trkpt lat="-34.164626011624932" lon="18.331427006050944">
        <ele>2.4</ele>
      </trkpt>
      <trkpt lat="-34.164606984704733" lon="18.331401022151113">
        <ele>2.6</ele>
      </trkpt>
      <trkpt lat="-34.164590975269675" lon="18.331378977745771">
        <ele>2.8</ele>
      </trkpt>
      <trkpt lat="-34.164574965834618" lon="18.331348970532417">
        <ele>3</ele>
      </trkpt>
      <trkpt lat="-34.164563985541463" lon="18.331321980804205">
        <ele>3</ele>
      </trkpt>
      <trkpt lat="-34.164546970278025" lon="18.331301026046276">
        <ele>3</ele>
      </trkpt>
      <trkpt lat="-34.164529033005238" lon="18.331276969984174">
        <ele>3</ele>
      </trkpt>
      <trkpt lat="-34.164510006085038" lon="18.331255009397864">
        <ele>2.8</ele>
      </trkpt>
      <trkpt lat="-34.164486033841968" lon="18.331236988306046">
        <ele>2.6</ele>
      </trkpt>
      <trkpt lat="-34.164471030235291" lon="18.331217961385846">
        <ele>2.6</ele>
      </trkpt>
      <trkpt lat="-34.16444999165833" lon="18.331199018284678">
        <ele>2.8</ele>
      </trkpt>
      <trkpt lat="-34.16442995890975" lon="18.331179991364479">
        <ele>2.8</ele>
      </trkpt>
      <trkpt lat="-34.164412021636963" lon="18.33116197027266">
        <ele>3</ele>
      </trkpt>
      <trkpt lat="-34.164394000545144" lon="18.331143027171493">
        <ele>3</ele>
      </trkpt>
      <trkpt lat="-34.164373967796564" lon="18.33111796528101">
        <ele>3</ele>
      </trkpt>
      <trkpt lat="-34.164356030523777" lon="18.3310960046947">
        <ele>3</ele>
      </trkpt>
      <trkpt lat="-34.164339015260339" lon="18.331073960289359">
        <ele>2.8</ele>
      </trkpt>
      <trkpt lat="-34.164324011653662" lon="18.331047976389527">
        <ele>2.8</ele>
      </trkpt>
      <trkpt lat="-34.164311019703746" lon="18.33103003911674">
        <ele>2.8</ele>
      </trkpt>
      <trkpt lat="-34.164289981126785" lon="18.331014029681683">
        <ele>2.8</ele>
      </trkpt>
      <trkpt lat="-34.164272965863347" lon="18.330993996933103">
        <ele>3</ele>
      </trkpt>
      <trkpt lat="-34.164260979741812" lon="18.330973964184523">
        <ele>3</ele>
      </trkpt>
      <trkpt lat="-34.164241030812263" lon="18.330956026911736">
        <ele>3</ele>
      </trkpt>
      <trkpt lat="-34.164214041084051" lon="18.330944962799549">
        <ele>3</ele>
      </trkpt>
      <trkpt lat="-34.164193002507091" lon="18.330933982506394">
        <ele>3</ele>
      </trkpt>
      <trkpt lat="-34.164172969758511" lon="18.330920990556479">
        <ele>3</ele>
      </trkpt>
      <trkpt lat="-34.164155032485723" lon="18.330909004434943">
        <ele>3</ele>
      </trkpt>
      <trkpt lat="-34.164127958938479" lon="18.330899029970169">
        <ele>3.2</ele>
      </trkpt>
      <trkpt lat="-34.164100969210267" lon="18.330894000828266">
        <ele>3.2</ele>
      </trkpt>
      <trkpt lat="-34.164078002795577" lon="18.330884026363492">
        <ele>3.4</ele>
      </trkpt>
      <trkpt lat="-34.164055958390236" lon="18.330867011100054">
        <ele>3.6</ele>
      </trkpt>
      <trkpt lat="-34.164041038602591" lon="18.330851001664996">
        <ele>3.6</ele>
      </trkpt>
      <trkpt lat="-34.164026034995914" lon="18.330831974744797">
        <ele>3.6</ele>
      </trkpt>
      <trkpt lat="-34.164009019732475" lon="18.330813031643629">
        <ele>3.4</ele>
      </trkpt>
      <trkpt lat="-34.163990998640656" lon="18.330799033865333">
        <ele>3.2</ele>
      </trkpt>
      <trkpt lat="-34.163966020569205" lon="18.330790987238288">
        <ele>3.2</ele>
      </trkpt>
      <trkpt lat="-34.163945987820625" lon="18.33077497780323">
        <ele>3.2</ele>
      </trkpt>
      <trkpt lat="-34.163924027234316" lon="18.330762991681695">
        <ele>3.2</ele>
      </trkpt>
      <trkpt lat="-34.163900977000594" lon="18.33075201138854">
        <ele>3.2</ele>
      </trkpt>
      <trkpt lat="-34.163878010585904" lon="18.330737007781863">
        <ele>3.2</ele>
      </trkpt>
      <trkpt lat="-34.163853032514453" lon="18.330726027488708">
        <ele>3.4</ele>
      </trkpt>
      <trkpt lat="-34.163831993937492" lon="18.330710018053651">
        <ele>3.4</ele>
      </trkpt>
      <trkpt lat="-34.163809027522802" lon="18.330695014446974">
        <ele>3.4</ele>
      </trkpt>
      <trkpt lat="-34.163791006430984" lon="18.330674981698394">
        <ele>3.4</ele>
      </trkpt>
      <trkpt lat="-34.163770973682404" lon="18.330656960606575">
        <ele>3.4</ele>
      </trkpt>
      <trkpt lat="-34.163756975904107" lon="18.330632988363504">
        <ele>3.6</ele>
      </trkpt>
      <trkpt lat="-34.16374197229743" lon="18.330611027777195">
        <ele>3.6</ele>
      </trkpt>
      <trkpt lat="-34.16371900588274" lon="18.330592000856996">
        <ele>3.6</ele>
      </trkpt>
      <trkpt lat="-34.163697967305779" lon="18.330578003078699">
        <ele>3.6</ele>
      </trkpt>
      <trkpt lat="-34.163677012547851" lon="18.3305589761585">
        <ele>3.4</ele>
      </trkpt>
      <trkpt lat="-34.163662008941174" lon="18.330541038885713">
        <ele>3.4</ele>
      </trkpt>
      <trkpt lat="-34.163638958707452" lon="18.330526035279036">
        <ele>3.4</ele>
      </trkpt>
      <trkpt lat="-34.163620015606284" lon="18.330510025843978">
        <ele>3.4</ele>
      </trkpt>
      <trkpt lat="-34.163601994514465" lon="18.330496028065681">
        <ele>3.4</ele>
      </trkpt>
      <trkpt lat="-34.163579028099775" lon="18.330481024459004">
        <ele>3.6</ele>
      </trkpt>
      <trkpt lat="-34.163561007007957" lon="18.330466020852327">
        <ele>3.6</ele>
      </trkpt>
      <trkpt lat="-34.163537034764886" lon="18.330454034730792">
        <ele>3.6</ele>
      </trkpt>
      <trkpt lat="-34.163511972874403" lon="18.330440958961844">
        <ele>3.6</ele>
      </trkpt>
      <trkpt lat="-34.163489006459713" lon="18.330435007810593">
        <ele>3.6</ele>
      </trkpt>
      <trkpt lat="-34.163465034216642" lon="18.330431990325451">
        <ele>3.8</ele>
      </trkpt>
      <trkpt lat="-34.163438966497779" lon="18.330428972840309">
        <ele>3.8</ele>
      </trkpt>
      <trkpt lat="-34.163417005911469" lon="18.330418998375535">
        <ele>4</ele>
      </trkpt>
      <trkpt lat="-34.163396973162889" lon="18.330402988940477">
        <ele>4.2</ele>
      </trkpt>
      <trkpt lat="-34.163378030061722" lon="18.330383040010929">
        <ele>4.4</ele>
      </trkpt>
      <trkpt lat="-34.163359003141522" lon="18.330363007262349">
        <ele>4.6</ele>
      </trkpt>
      <trkpt lat="-34.163337964564562" lon="18.33034498617053">
        <ele>4.6</ele>
      </trkpt>
      <trkpt lat="-34.163313992321491" lon="18.330330988392234">
        <ele>4.4</ele>
      </trkpt>
      <trkpt lat="-34.163291025906801" lon="18.330317996442318">
        <ele>4.4</ele>
      </trkpt>
      <trkpt lat="-34.163265964016318" lon="18.330310033634305">
        <ele>4.4</ele>
      </trkpt>
      <trkpt lat="-34.163242997601628" lon="18.33030098117888">
        <ele>4.2</ele>
      </trkpt>
      <trkpt lat="-34.163223970681429" lon="18.330282038077712">
        <ele>4.2</ele>
      </trkpt>
      <trkpt lat="-34.163207039237022" lon="18.330266028642654">
        <ele>4.4</ele>
      </trkpt>
      <trkpt lat="-34.163189018145204" lon="18.330252030864358">
        <ele>4.4</ele>
      </trkpt>
      <trkpt lat="-34.163175020366907" lon="18.330231998115778">
        <ele>4.6</ele>
      </trkpt>
      <trkpt lat="-34.163163034245372" lon="18.330210037529469">
        <ele>4.8</ele>
      </trkpt>
      <trkpt lat="-34.16313897818327" lon="18.330191010609269">
        <ele>5</ele>
      </trkpt>
      <trkpt lat="-34.163118023425341" lon="18.330176007002592">
        <ele>5</ele>
      </trkpt>
      <trkpt lat="-34.163093967363238" lon="18.330168966203928">
        <ele>5</ele>
      </trkpt>
      <trkpt lat="-34.163071000948548" lon="18.330161003395915">
        <ele>5</ele>
      </trkpt>
      <trkpt lat="-34.163054991513491" lon="18.330147005617619">
        <ele>5</ele>
      </trkpt>
      <trkpt lat="-34.163034958764911" lon="18.330132002010942">
        <ele>5</ele>
      </trkpt>
      <trkpt lat="-34.163012998178601" lon="18.3301289845258">
        <ele>4.8</ele>
      </trkpt>
      <trkpt lat="-34.162983996793628" lon="18.330138036981225">
        <ele>4.8</ele>
      </trkpt>
      <trkpt lat="-34.162960024550557" lon="18.330145999789238">
        <ele>5</ele>
      </trkpt>
      <trkpt lat="-34.162942003458738" lon="18.330139964818954">
        <ele>5</ele>
      </trkpt>
      <trkpt lat="-34.162922976538539" lon="18.330116998404264">
        <ele>5</ele>
      </trkpt>
      <trkpt lat="-34.162905039265752" lon="18.330095959827304">
        <ele>5.2</ele>
      </trkpt>
      <trkpt lat="-34.162885006517172" lon="18.330077016726136">
        <ele>5.2</ele>
      </trkpt>
      <trkpt lat="-34.162864973768592" lon="18.330056983977556">
        <ele>5.2</ele>
      </trkpt>
      <trkpt lat="-34.162853993475437" lon="18.330034017562866">
        <ele>5</ele>
      </trkpt>
      <trkpt lat="-34.162834966555238" lon="18.330010967329144">
        <ele>4.8</ele>
      </trkpt>
      <trkpt lat="-34.162812000140548" lon="18.329998981207609">
        <ele>4.6</ele>
      </trkpt>
      <trkpt lat="-34.162787022069097" lon="18.329996969550848">
        <ele>4.6</ele>
      </trkpt>
      <trkpt lat="-34.162763971835375" lon="18.330006022006273">
        <ele>4.6</ele>
      </trkpt>
      <trkpt lat="-34.162742011249065" lon="18.33002001978457">
        <ele>4.6</ele>
      </trkpt>
      <trkpt lat="-34.162717033177614" lon="18.330027982592583">
        <ele>4.8</ele>
      </trkpt>
      <trkpt lat="-34.16268995963037" lon="18.330026976764202">
        <ele>5</ele>
      </trkpt>
      <trkpt lat="-34.162664981558919" lon="18.330015996471047">
        <ele>5.4</ele>
      </trkpt>
      <trkpt lat="-34.162642015144229" lon="18.330005016177893">
        <ele>5.6</ele>
      </trkpt>
      <trkpt lat="-34.162621982395649" lon="18.329992024227977">
        <ele>5.6</ele>
      </trkpt>
      <trkpt lat="-34.162597004324198" lon="18.329984983429313">
        <ele>5.8</ele>
      </trkpt>
      <trkpt lat="-34.162573032081127" lon="18.3299770206213">
        <ele>5.8</ele>
      </trkpt>
      <trkpt lat="-34.162545958533883" lon="18.329966962337494">
        <ele>5.8</ele>
      </trkpt>
      <trkpt lat="-34.162520980462432" lon="18.329958999529481">
        <ele>5.8</ele>
      </trkpt>
      <trkpt lat="-34.162489967420697" lon="18.329947013407946">
        <ele>5.8</ele>
      </trkpt>
      <trkpt lat="-34.162465995177627" lon="18.32993502728641">
        <ele>5.8</ele>
      </trkpt>
      <trkpt lat="-34.162441017106175" lon="18.329922035336494">
        <ele>5.8</ele>
      </trkpt>
      <trkpt lat="-34.162413021549582" lon="18.329909965395927">
        <ele>5.8</ele>
      </trkpt>
      <trkpt lat="-34.162391982972622" lon="18.329897979274392">
        <ele>5.8</ele>
      </trkpt>
      <trkpt lat="-34.162368010729551" lon="18.329885993152857">
        <ele>5.8</ele>
      </trkpt>
      <trkpt lat="-34.16234496049583" lon="18.329873001202941">
        <ele>5.8</ele>
      </trkpt>
      <trkpt lat="-34.162318976595998" lon="18.329865038394928">
        <ele>5.8</ele>
      </trkpt>
      <trkpt lat="-34.162297016009688" lon="18.329856991767883">
        <ele>5.8</ele>
      </trkpt>
      <trkpt lat="-34.162272959947586" lon="18.329846011474729">
        <ele>5.8</ele>
      </trkpt>
      <trkpt lat="-34.162245970219374" lon="18.329836959019303">
        <ele>5.6</ele>
      </trkpt>
      <trkpt lat="-34.162221997976303" lon="18.329832013696432">
        <ele>5.6</ele>
      </trkpt>
      <trkpt lat="-34.162196014076471" lon="18.329820027574897">
        <ele>5.4</ele>
      </trkpt>
      <trkpt lat="-34.16217296384275" lon="18.329802006483078">
        <ele>5.4</ele>
      </trkpt>
      <trkpt lat="-34.16214999742806" lon="18.329783985391259">
        <ele>5.4</ele>
      </trkpt>
      <trkpt lat="-34.162128958851099" lon="18.329767975956202">
        <ele>5.4</ele>
      </trkpt>
      <trkpt lat="-34.162109009921551" lon="18.329750038683414">
        <ele>5.6</ele>
      </trkpt>
      <trkpt lat="-34.162089983001351" lon="18.329727994278073">
        <ele>5.6</ele>
      </trkpt>
      <trkpt lat="-34.162072967737913" lon="18.329702010378242">
        <ele>5.6</ele>
      </trkpt>
      <trkpt lat="-34.162052012979984" lon="18.329674014821649">
        <ele>5.6</ele>
      </trkpt>
      <trkpt lat="-34.162037009373307" lon="18.329648030921817">
        <ele>5.4</ele>
      </trkpt>
      <trkpt lat="-34.16202200576663" lon="18.329620035365224">
        <ele>5.4</ele>
      </trkpt>
      <trkpt lat="-34.162004990503192" lon="18.329596985131502">
        <ele>5.4</ele>
      </trkpt>
      <trkpt lat="-34.161987975239754" lon="18.329576030373573">
        <ele>5.4</ele>
      </trkpt>
      <trkpt lat="-34.161968026310205" lon="18.329558009281754">
        <ele>5.4</ele>
      </trkpt>
      <trkpt lat="-34.161952016875148" lon="18.329544011503458">
        <ele>5.2</ele>
      </trkpt>
      <trkpt lat="-34.161937013268471" lon="18.329525990411639">
        <ele>5.4</ele>
      </trkpt>
      <trkpt lat="-34.161918992176652" lon="18.329509980976582">
        <ele>5.2</ele>
      </trkpt>
      <trkpt lat="-34.161901976913214" lon="18.329494977369905">
        <ele>5.2</ele>
      </trkpt>
      <trkpt lat="-34.161882027983665" lon="18.329479973763227">
        <ele>5.4</ele>
      </trkpt>
      <trkpt lat="-34.161865012720227" lon="18.329466981813312">
        <ele>5.4</ele>
      </trkpt>
      <trkpt lat="-34.161845985800028" lon="18.329450972378254">
        <ele>5.2</ele>
      </trkpt>
      <trkpt lat="-34.161823019385338" lon="18.329436974599957">
        <ele>5.2</ele>
      </trkpt>
      <trkpt lat="-34.161801980808377" lon="18.32942197099328">
        <ele>5.4</ele>
      </trkpt>
      <trkpt lat="-34.161780020222068" lon="18.329405039548874">
        <ele>5.2</ele>
      </trkpt>
      <trkpt lat="-34.161760993301868" lon="18.329381989315152">
        <ele>5.2</ele>
      </trkpt>
      <trkpt lat="-34.161746995523572" lon="18.32935600541532">
        <ele>5.2</ele>
      </trkpt>
      <trkpt lat="-34.161738026887178" lon="18.32933303900063">
        <ele>5.2</ele>
      </trkpt>
      <trkpt lat="-34.161725034937263" lon="18.329310994595289">
        <ele>5.2</ele>
      </trkpt>
      <trkpt lat="-34.161702990531921" lon="18.32929196767509">
        <ele>5</ele>
      </trkpt>
      <trkpt lat="-34.161683041602373" lon="18.329275036230683">
        <ele>4.8</ele>
      </trkpt>
      <trkpt lat="-34.161654962226748" lon="18.329264977946877">
        <ele>4.6</ele>
      </trkpt>
      <trkpt lat="-34.161630989983678" lon="18.329251985996962">
        <ele>4.4</ele>
      </trkpt>
      <trkpt lat="-34.161607017740607" lon="18.329237988218665">
        <ele>4.2</ele>
      </trkpt>
      <trkpt lat="-34.161583967506886" lon="18.329219967126846">
        <ele>4.2</ele>
      </trkpt>
      <trkpt lat="-34.161564018577337" lon="18.329200018197298">
        <ele>4</ele>
      </trkpt>
      <trkpt lat="-34.161543985828757" lon="18.329178979620337">
        <ele>4</ele>
      </trkpt>
      <trkpt lat="-34.161525964736938" lon="18.329151989892125">
        <ele>4</ele>
      </trkpt>
      <trkpt lat="-34.16150500997901" lon="18.329128017649055">
        <ele>4</ele>
      </trkpt>
      <trkpt lat="-34.16148598305881" lon="18.329104967415333">
        <ele>3.8</ele>
      </trkpt>
      <trkpt lat="-34.161455975845456" lon="18.329092981293797">
        <ele>3.8</ele>
      </trkpt>
      <trkpt lat="-34.161432003602386" lon="18.329083006829023">
        <ele>3.8</ele>
      </trkpt>
      <trkpt lat="-34.161408031359315" lon="18.329075966030359">
        <ele>3.6</ele>
      </trkpt>
      <trkpt lat="-34.161378024145961" lon="18.32907403819263">
        <ele>3.6</ele>
      </trkpt>
      <trkpt lat="-34.161352962255478" lon="18.329072026535869">
        <ele>3.4</ele>
      </trkpt>
      <trkpt lat="-34.161325972527266" lon="18.329070014879107">
        <ele>3.4</ele>
      </trkpt>
      <trkpt lat="-34.161306023597717" lon="18.329063979908824">
        <ele>3.4</ele>
      </trkpt>
      <trkpt lat="-34.161280039697886" lon="18.32905501127243">
        <ele>3.6</ele>
      </trkpt>
      <trkpt lat="-34.161255983635783" lon="18.329041013494134">
        <ele>3.8</ele>
      </trkpt>
      <trkpt lat="-34.161237040534616" lon="18.329026009887457">
        <ele>4</ele>
      </trkpt>
      <trkpt lat="-34.161211978644133" lon="18.32901100628078">
        <ele>4</ele>
      </trkpt>
      <trkpt lat="-34.161190018057823" lon="18.329000025987625">
        <ele>4</ele>
      </trkpt>
      <trkpt lat="-34.161166967824101" lon="18.328986028209329">
        <ele>3.8</ele>
      </trkpt>
      <trkpt lat="-34.161146013066173" lon="18.328974964097142">
        <ele>3.6</ele>
      </trkpt>
      <trkpt lat="-34.161122040823102" lon="18.32896901294589">
        <ele>3.4</ele>
      </trkpt>
      <trkpt lat="-34.161093039438128" lon="18.328960966318846">
        <ele>3.4</ele>
      </trkpt>
      <trkpt lat="-34.161070995032787" lon="18.32894898019731">
        <ele>3.4</ele>
      </trkpt>
      <trkpt lat="-34.161044005304575" lon="18.328939005732536">
        <ele>3.4</ele>
      </trkpt>
      <trkpt lat="-34.161021960899234" lon="18.328930959105492">
        <ele>3.4</ele>
      </trkpt>
      <trkpt lat="-34.160991031676531" lon="18.328928025439382">
        <ele>3.4</ele>
      </trkpt>
      <trkpt lat="-34.160965969786048" lon="18.328919978812337">
        <ele>3.4</ele>
      </trkpt>
      <trkpt lat="-34.160939985886216" lon="18.328910004347563">
        <ele>3.2</ele>
      </trkpt>
      <trkpt lat="-34.160914001986384" lon="18.328899024054408">
        <ele>3.2</ele>
      </trkpt>
      <trkpt lat="-34.160886006429791" lon="18.328890977427363">
        <ele>3.2</ele>
      </trkpt>
      <trkpt lat="-34.160862034186721" lon="18.328881002962589">
        <ele>3.2</ele>
      </trkpt>
      <trkpt lat="-34.160838983952999" lon="18.328868011012673">
        <ele>3.2</ele>
      </trkpt>
      <trkpt lat="-34.160815011709929" lon="18.328858958557248">
        <ele>3.2</ele>
      </trkpt>
      <trkpt lat="-34.160793973132968" lon="18.328848984092474">
        <ele>3.2</ele>
      </trkpt>
      <trkpt lat="-34.160768995061517" lon="18.328835992142558">
        <ele>3.4</ele>
      </trkpt>
      <trkpt lat="-34.160746028646827" lon="18.328827023506165">
        <ele>3.4</ele>
      </trkpt>
      <trkpt lat="-34.160719038918614" lon="18.32881897687912">
        <ele>3.2</ele>
      </trkpt>
      <trkpt lat="-34.160692971199751" lon="18.328812019899487">
        <ele>3.2</ele>
      </trkpt>
      <trkpt lat="-34.160666987299919" lon="18.328806990757585">
        <ele>3.2</ele>
      </trkpt>
      <trkpt lat="-34.160643015056849" lon="18.328801961615682">
        <ele>3.2</ele>
      </trkpt>
      <trkpt lat="-34.160618958994746" lon="18.328793998807669">
        <ele>3.2</ele>
      </trkpt>
      <trkpt lat="-34.160590041428804" lon="18.328786035999656">
        <ele>3.4</ele>
      </trkpt>
      <trkpt lat="-34.160570008680224" lon="18.32877698354423">
        <ele>3.4</ele>
      </trkpt>
      <trkpt lat="-34.160546958446503" lon="18.328770026564598">
        <ele>3.4</ele>
      </trkpt>
      <trkpt lat="-34.160523992031813" lon="18.328761979937553">
        <ele>3.6</ele>
      </trkpt>
      <trkpt lat="-34.160503037273884" lon="18.328752005472779">
        <ele>3.6</ele>
      </trkpt>
      <trkpt lat="-34.16047696955502" lon="18.328743036836386">
        <ele>3.6</ele>
      </trkpt>
      <trkpt lat="-34.16045400314033" lon="18.328729039058089">
        <ele>3.6</ele>
      </trkpt>
      <trkpt lat="-34.16043003089726" lon="18.328718980774283">
        <ele>3.6</ele>
      </trkpt>
      <trkpt lat="-34.16040999814868" lon="18.32871001213789">
        <ele>3.6</ele>
      </trkpt>
      <trkpt lat="-34.16038703173399" lon="18.328697020187974">
        <ele>3.6</ele>
      </trkpt>
      <trkpt lat="-34.16036800481379" lon="18.328681010752916">
        <ele>3.6</ele>
      </trkpt>
      <trkpt lat="-34.160349983721972" lon="18.328665001317859">
        <ele>3.6</ele>
      </trkpt>
      <trkpt lat="-34.160328023135662" lon="18.328653015196323">
        <ele>3.4</ele>
      </trkpt>
      <trkpt lat="-34.160308996215463" lon="18.328643962740898">
        <ele>3.4</ele>
      </trkpt>
      <trkpt lat="-34.160285023972392" lon="18.328641029074788">
        <ele>3.4</ele>
      </trkpt>
      <trkpt lat="-34.16026197373867" lon="18.328640023246408">
        <ele>3.2</ele>
      </trkpt>
      <trkpt lat="-34.1602380014956" lon="18.328635999932885">
        <ele>3.2</ele>
      </trkpt>
      <trkpt lat="-34.160212017595768" lon="18.328629964962602">
        <ele>3.2</ele>
      </trkpt>
      <trkpt lat="-34.160191984847188" lon="18.328619990497828">
        <ele>3.2</ele>
      </trkpt>
      <trkpt lat="-34.160166000947356" lon="18.328618984669447">
        <ele>3.2</ele>
      </trkpt>
      <trkpt lat="-34.160144962370396" lon="18.328620996326208">
        <ele>3.2</ele>
      </trkpt>
      <trkpt lat="-34.160119984298944" lon="18.328617978841066">
        <ele>3.2</ele>
      </trkpt>
      <trkpt lat="-34.160098023712635" lon="18.328613033518195">
        <ele>3.2</ele>
      </trkpt>
      <trkpt lat="-34.160074973478913" lon="18.328610016033053">
        <ele>3.2</ele>
      </trkpt>
      <trkpt lat="-34.160052007064223" lon="18.328608004376292">
        <ele>3.4</ele>
      </trkpt>
      <trkpt lat="-34.160030968487263" lon="18.328600041568279">
        <ele>3.4</ele>
      </trkpt>
      <trkpt lat="-34.16000397875905" lon="18.328598029911518">
        <ele>3.6</ele>
      </trkpt>
      <trkpt lat="-34.15998000651598" lon="18.328590989112854">
        <ele>3.6</ele>
      </trkpt>
      <trkpt lat="-34.159952010959387" lon="18.328585037961602">
        <ele>3.8</ele>
      </trkpt>
      <trkpt lat="-34.159928038716316" lon="18.328584032133222">
        <ele>3.8</ele>
      </trkpt>
      <trkpt lat="-34.159901970997453" lon="18.32858202047646">
        <ele>3.8</ele>
      </trkpt>
      <trkpt lat="-34.15987498126924" lon="18.328575985506177">
        <ele>3.6</ele>
      </trkpt>
      <trkpt lat="-34.159855032339692" lon="18.328571962192655">
        <ele>3.6</ele>
      </trkpt>
      <trkpt lat="-34.159828964620829" lon="18.328571962192655">
        <ele>3.6</ele>
      </trkpt>
      <trkpt lat="-34.15980901569128" lon="18.328566011041403">
        <ele>3.6</ele>
      </trkpt>
      <trkpt lat="-34.159784959629178" lon="18.328559976071119">
        <ele>3.6</ele>
      </trkpt>
      <trkpt lat="-34.159760987386107" lon="18.328554024919868">
        <ele>3.8</ele>
      </trkpt>
      <trkpt lat="-34.159737015143037" lon="18.328546984121203">
        <ele>3.8</ele>
      </trkpt>
      <trkpt lat="-34.159712037071586" lon="18.328537009656429">
        <ele>3.8</ele>
      </trkpt>
      <trkpt lat="-34.159693010151386" lon="18.328526029363275">
        <ele>3.8</ele>
      </trkpt>
      <trkpt lat="-34.159670965746045" lon="18.328513959422708">
        <ele>3.8</ele>
      </trkpt>
      <trkpt lat="-34.159647999331355" lon="18.328504990786314">
        <ele>4</ele>
      </trkpt>
      <trkpt lat="-34.159628972411156" lon="18.32849602214992">
        <ele>4</ele>
      </trkpt>
      <trkpt lat="-34.15961598046124" lon="18.328485963866115">
        <ele>4.2</ele>
      </trkpt>
      <trkpt lat="-34.159602988511324" lon="18.328481018543243">
        <ele>4.2</ele>
      </trkpt>
      <trkpt lat="-34.159587984904647" lon="18.328481018543243">
        <ele>4.2</ele>
      </trkpt>
      <trkpt lat="-34.15957398712635" lon="18.328479006886482">
        <ele>4.2</ele>
      </trkpt>
      <trkpt lat="-34.159562001004815" lon="18.32847498357296">
        <ele>4</ele>
      </trkpt>
      <trkpt lat="-34.159552026540041" lon="18.328471966087818">
        <ele>4</ele>
      </trkpt>
      <trkpt lat="-34.159541968256235" lon="18.328470038250089">
        <ele>4</ele>
      </trkpt>
      <trkpt lat="-34.159531993791461" lon="18.328467020764947">
        <ele>4</ele>
      </trkpt>
      <trkpt lat="-34.159522019326687" lon="18.328466014936566">
        <ele>4</ele>
      </trkpt>
      <trkpt lat="-34.159511039033532" lon="18.328461991623044">
        <ele>4.2</ele>
      </trkpt>
      <trkpt lat="-34.159500980749726" lon="18.328461991623044">
        <ele>4.2</ele>
      </trkpt>
      <trkpt lat="-34.159491006284952" lon="18.328458974137902">
        <ele>4.4</ele>
      </trkpt>
      <trkpt lat="-34.159482037648559" lon="18.328457968309522">
        <ele>4.4</ele>
      </trkpt>
      <trkpt lat="-34.159472985193133" lon="18.328456040471792">
        <ele>4.4</ele>
      </trkpt>
      <trkpt lat="-34.159463010728359" lon="18.328457968309522">
        <ele>4.4</ele>
      </trkpt>
      <trkpt lat="-34.159452030435205" lon="18.328457968309522">
        <ele>4.4</ele>
      </trkpt>
      <trkpt lat="-34.159440966323018" lon="18.328455034643412">
        <ele>4.2</ele>
      </trkpt>
      <trkpt lat="-34.159429986029863" lon="18.328451011329889">
        <ele>4.2</ele>
      </trkpt>
      <trkpt lat="-34.159416994079947" lon="18.328442964702845">
        <ele>4.2</ele>
      </trkpt>
      <trkpt lat="-34.159405007958412" lon="18.328438019379973">
        <ele>4.2</ele>
      </trkpt>
      <trkpt lat="-34.159396039322019" lon="18.32843299023807">
        <ele>4.2</ele>
      </trkpt>
      <trkpt lat="-34.159385981038213" lon="18.328428966924548">
        <ele>4.2</ele>
      </trkpt>
      <trkpt lat="-34.159375000745058" lon="18.328425027430058">
        <ele>4</ele>
      </trkpt>
      <trkpt lat="-34.159364020451903" lon="18.328419998288155">
        <ele>4</ele>
      </trkpt>
      <trkpt lat="-34.159353962168097" lon="18.328413963317871">
        <ele>4</ele>
      </trkpt>
      <trkpt lat="-34.159341976046562" lon="18.328411029651761">
        <ele>4</ele>
      </trkpt>
      <trkpt lat="-34.159330995753407" lon="18.328401977196336">
        <ele>4</ele>
      </trkpt>
      <trkpt lat="-34.159319009631872" lon="18.328395020216703">
        <ele>4</ele>
      </trkpt>
      <trkpt lat="-34.159308029338717" lon="18.328384961932898">
        <ele>4</ele>
      </trkpt>
      <trkpt lat="-34.159295037388802" lon="18.328378004953265">
        <ele>4.2</ele>
      </trkpt>
      <trkpt lat="-34.159281961619854" lon="18.328372975811362">
        <ele>4.4</ele>
      </trkpt>
      <trkpt lat="-34.159269975498319" lon="18.32836601883173">
        <ele>4.4</ele>
      </trkpt>
      <trkpt lat="-34.159257989376783" lon="18.328358978033066">
        <ele>4.6</ele>
      </trkpt>
      <trkpt lat="-34.159243991598487" lon="18.328355038538575">
        <ele>4.4</ele>
      </trkpt>
      <trkpt lat="-34.159227982163429" lon="18.32834699191153">
        <ele>4.4</ele>
      </trkpt>
      <trkpt lat="-34.159215996041894" lon="18.328339029103518">
        <ele>4.4</ele>
      </trkpt>
      <trkpt lat="-34.159205015748739" lon="18.328329976648092">
        <ele>4.4</ele>
      </trkpt>
      <trkpt lat="-34.159195041283965" lon="18.328325031325221">
        <ele>4.4</ele>
      </trkpt>
      <trkpt lat="-34.159180037677288" lon="18.328321008011699">
        <ele>4.4</ele>
      </trkpt>
      <trkpt lat="-34.159166039898992" lon="18.328314973041415">
        <ele>4.4</ele>
      </trkpt>
      <trkpt lat="-34.159151958301663" lon="18.328309021890163">
        <ele>4.4</ele>
      </trkpt>
      <trkpt lat="-34.159137960523367" lon="18.328304998576641">
        <ele>4.4</ele>
      </trkpt>
      <trkpt lat="-34.159127986058593" lon="18.328299969434738">
        <ele>4.4</ele>
      </trkpt>
      <trkpt lat="-34.159114994108677" lon="18.328294018283486">
        <ele>4.4</ele>
      </trkpt>
      <trkpt lat="-34.159102002158761" lon="18.328287983313203">
        <ele>4.4</ele>
      </trkpt>
      <trkpt lat="-34.159090016037226" lon="18.32828002050519">
        <ele>4.4</ele>
      </trkpt>
      <trkpt lat="-34.159076018258929" lon="18.328271973878145">
        <ele>4.4</ele>
      </trkpt>
      <trkpt lat="-34.159066965803504" lon="18.328260993584991">
        <ele>4.4</ele>
      </trkpt>
      <trkpt lat="-34.159055985510349" lon="18.328252024948597">
        <ele>4.2</ele>
      </trkpt>
      <trkpt lat="-34.159045005217195" lon="18.328240038827062">
        <ele>4.2</ele>
      </trkpt>
      <trkpt lat="-34.159030001610518" lon="18.328234003856778">
        <ele>4.2</ele>
      </trkpt>
      <trkpt lat="-34.159017009660602" lon="18.328225035220385">
        <ele>4.2</ele>
      </trkpt>
      <trkpt lat="-34.159006029367447" lon="18.328215982764959">
        <ele>4.4</ele>
      </trkpt>
      <trkpt lat="-34.15899203158915" lon="18.328209025785327">
        <ele>4.4</ele>
      </trkpt>
      <trkpt lat="-34.158978033810854" lon="18.328199973329902">
        <ele>4.4</ele>
      </trkpt>
      <trkpt lat="-34.158964036032557" lon="18.328192010521889">
        <ele>4.4</ele>
      </trkpt>
      <trkpt lat="-34.158952971920371" lon="18.328183963894844">
        <ele>4.6</ele>
      </trkpt>
      <trkpt lat="-34.158937968313694" lon="18.328180024400353">
        <ele>4.4</ele>
      </trkpt>
      <trkpt lat="-34.158922964707017" lon="18.32817398943007">
        <ele>4.4</ele>
      </trkpt>
      <trkpt lat="-34.15890896692872" lon="18.328165020793676">
        <ele>4.4</ele>
      </trkpt>
      <trkpt lat="-34.158896980807185" lon="18.328158985823393">
        <ele>4.2</ele>
      </trkpt>
      <trkpt lat="-34.15888499468565" lon="18.328153034672141">
        <ele>4</ele>
      </trkpt>
      <trkpt lat="-34.158873008564115" lon="18.328148005530238">
        <ele>4</ele>
      </trkpt>
      <trkpt lat="-34.158861022442579" lon="18.328143982216716">
        <ele>4</ele>
      </trkpt>
      <trkpt lat="-34.158849036321044" lon="18.328140964731574">
        <ele>4</ele>
      </trkpt>
      <trkpt lat="-34.158836966380477" lon="18.328137025237083">
        <ele>4</ele>
      </trkpt>
      <trkpt lat="-34.158829003572464" lon="18.328135013580322">
        <ele>4.2</ele>
      </trkpt>
      <trkpt lat="-34.158825986087322" lon="18.328133001923561">
        <ele>4.2</ele>
      </trkpt>
      <trkpt lat="-34.158824980258942" lon="18.3281309902668">
        <ele>4.2</ele>
      </trkpt>
      <trkpt lat="-34.158824980258942" lon="18.3281309902668">
        <ele>4.2</ele>
      </trkpt>
      <trkpt lat="-34.158824980258942" lon="18.3281309902668">
        <ele>4.2</ele>
      </trkpt>
      <trkpt lat="-34.158824980258942" lon="18.3281309902668">
        <ele>4.2</ele>
      </trkpt>
      <trkpt lat="-34.158824980258942" lon="18.3281309902668">
        <ele>4</ele>
      </trkpt>
      <trkpt lat="-34.158824980258942" lon="18.3281309902668">
        <ele>4</ele>
      </trkpt>
      <trkpt lat="-34.158824980258942" lon="18.3281309902668">
        <ele>4</ele>
      </trkpt>
      <trkpt lat="-34.158824980258942" lon="18.3281309902668">
        <ele>4</ele>
      </trkpt>
      <trkpt lat="-34.158824980258942" lon="18.3281309902668">
        <ele>4</ele>
      </trkpt>
      <trkpt lat="-34.158824980258942" lon="18.3281309902668">
        <ele>4</ele>
      </trkpt>
      <trkpt lat="-34.158824980258942" lon="18.3281309902668">
        <ele>4</ele>
      </trkpt>
      <trkpt lat="-34.158824980258942" lon="18.3281309902668">
        <ele>4</ele>
      </trkpt>
      <trkpt lat="-34.158824980258942" lon="18.3281309902668">
        <ele>4</ele>
      </trkpt>
      <trkpt lat="-34.158824980258942" lon="18.3281309902668">
        <ele>4</ele>
      </trkpt>
      <trkpt lat="-34.158824980258942" lon="18.3281309902668">
        <ele>4</ele>
      </trkpt>
      <trkpt lat="-34.158824980258942" lon="18.3281309902668">
        <ele>4</ele>
      </trkpt>
      <trkpt lat="-34.158824980258942" lon="18.3281309902668">
        <ele>4</ele>
      </trkpt>
      <trkpt lat="-34.158824980258942" lon="18.3281309902668">
        <ele>4</ele>
      </trkpt>
      <trkpt lat="-34.158824980258942" lon="18.3281309902668">
        <ele>4</ele>
      </trkpt>
      <trkpt lat="-34.158824980258942" lon="18.3281309902668">
        <ele>4</ele>
      </trkpt>
      <trkpt lat="-34.158824980258942" lon="18.3281309902668">
        <ele>4</ele>
      </trkpt>
      <trkpt lat="-34.158824980258942" lon="18.3281309902668">
        <ele>4</ele>
      </trkpt>
      <trkpt lat="-34.158824980258942" lon="18.3281309902668">
        <ele>4</ele>
      </trkpt>
      <trkpt lat="-34.158824980258942" lon="18.3281309902668">
        <ele>4</ele>
      </trkpt>
      <trkpt lat="-34.158824980258942" lon="18.3281309902668">
        <ele>4</ele>
      </trkpt>
      <trkpt lat="-34.158824980258942" lon="18.3281309902668">
        <ele>4</ele>
      </trkpt>
      <trkpt lat="-34.158824980258942" lon="18.3281309902668">
        <ele>4</ele>
      </trkpt>
      <trkpt lat="-34.158824980258942" lon="18.3281309902668">
        <ele>4.2</ele>
      </trkpt>
      <trkpt lat="-34.158824980258942" lon="18.3281309902668">
        <ele>4.2</ele>
      </trkpt>
      <trkpt lat="-34.158825986087322" lon="18.328131996095181">
        <ele>4.2</ele>
      </trkpt>
      <trkpt lat="-34.15881902910769" lon="18.328126966953278">
        <ele>4.2</ele>
      </trkpt>
      <trkpt lat="-34.158806959167123" lon="18.328121015802026">
        <ele>4.2</ele>
      </trkpt>
      <trkpt lat="-34.158794973045588" lon="18.32810902968049">
        <ele>4.2</ele>
      </trkpt>
      <trkpt lat="-34.158789021894336" lon="18.328100983053446">
        <ele>4.2</ele>
      </trkpt>
      <trkpt lat="-34.158773012459278" lon="18.328091008588672">
        <ele>4.4</ele>
      </trkpt>
      <trkpt lat="-34.158744011074305" lon="18.328079022467136">
        <ele>4.4</ele>
      </trkpt>
      <trkpt lat="-34.158720960840583" lon="18.328069970011711">
        <ele>4.6</ele>
      </trkpt>
      <trkpt lat="-34.158695982769132" lon="18.328057983890176">
        <ele>4.6</ele>
      </trkpt>
      <trkpt lat="-34.15867100469768" lon="18.32804499194026">
        <ele>4.4</ele>
      </trkpt>
      <trkpt lat="-34.158644014969468" lon="18.328036023303866">
        <ele>4.6</ele>
      </trkpt>
      <trkpt lat="-34.158616019412875" lon="18.328026970848441">
        <ele>4.6</ele>
      </trkpt>
      <trkpt lat="-34.158591041341424" lon="18.328020013868809">
        <ele>4.8</ele>
      </trkpt>
      <trkpt lat="-34.158565979450941" lon="18.328015990555286">
        <ele>4.8</ele>
      </trkpt>
      <trkpt lat="-34.158543013036251" lon="18.328010961413383">
        <ele>5</ele>
      </trkpt>
      <trkpt lat="-34.15851904079318" lon="18.328009033575654">
        <ele>5</ele>
      </trkpt>
      <trkpt lat="-34.158494984731078" lon="18.328009033575654">
        <ele>5</ele>
      </trkpt>
      <trkpt lat="-34.158466989174485" lon="18.328010039404035">
        <ele>5</ele>
      </trkpt>
      <trkpt lat="-34.158446034416556" lon="18.328010039404035">
        <ele>5.2</ele>
      </trkpt>
      <trkpt lat="-34.158418960869312" lon="18.328008027747273">
        <ele>5.2</ele>
      </trkpt>
      <trkpt lat="-34.158389959484339" lon="18.328005010262132">
        <ele>5.2</ele>
      </trkpt>
      <trkpt lat="-34.158365987241268" lon="18.327995035797358">
        <ele>5.2</ele>
      </trkpt>
      <trkpt lat="-34.15834603831172" lon="18.327975003048778">
        <ele>5.2</ele>
      </trkpt>
      <trkpt lat="-34.158328017219901" lon="18.327951030805707">
        <ele>5.2</ele>
      </trkpt>
      <trkpt lat="-34.158306978642941" lon="18.327923035249114">
        <ele>5.2</ele>
      </trkpt>
      <trkpt lat="-34.158286023885012" lon="18.327906019985676">
        <ele>5.2</ele>
      </trkpt>
      <trkpt lat="-34.158264985308051" lon="18.327884981408715">
        <ele>5.2</ele>
      </trkpt>
      <trkpt lat="-34.158248975872993" lon="18.327863020822406">
        <ele>5</ele>
      </trkpt>
      <trkpt lat="-34.158231960609555" lon="18.327842988073826">
        <ele>5</ele>
      </trkpt>
      <trkpt lat="-34.158213017508388" lon="18.327831001952291">
        <ele>4.8</ele>
      </trkpt>
      <trkpt lat="-34.158192984759808" lon="18.32780996337533">
        <ele>4.8</ele>
      </trkpt>
      <trkpt lat="-34.15817404165864" lon="18.327783979475498">
        <ele>4.8</ele>
      </trkpt>
      <trkpt lat="-34.158155014738441" lon="18.327761013060808">
        <ele>4.8</ele>
      </trkpt>
      <trkpt lat="-34.158131964504719" lon="18.327737040817738">
        <ele>4.8</ele>
      </trkpt>
      <trkpt lat="-34.158115033060312" lon="18.327713990584016">
        <ele>4.8</ele>
      </trkpt>
      <trkpt lat="-34.158091982826591" lon="18.327685995027423">
        <ele>4.8</ele>
      </trkpt>
      <trkpt lat="-34.158071028068662" lon="18.327666968107224">
        <ele>4.6</ele>
      </trkpt>
      <trkpt lat="-34.15804797783494" lon="18.327645007520914">
        <ele>4.6</ele>
      </trkpt>
      <trkpt lat="-34.158029034733772" lon="18.327625980600715">
        <ele>4.6</ele>
      </trkpt>
      <trkpt lat="-34.158005984500051" lon="18.327604020014405">
        <ele>4.6</ele>
      </trkpt>
      <trkpt lat="-34.157984023913741" lon="18.327581975609064">
        <ele>4.6</ele>
      </trkpt>
      <trkpt lat="-34.157963991165161" lon="18.327562026679516">
        <ele>4.4</ele>
      </trkpt>
      <trkpt lat="-34.157943036407232" lon="18.327538976445794">
        <ele>4.4</ele>
      </trkpt>
      <trkpt lat="-34.157921997830272" lon="18.327517015859485">
        <ele>4.2</ele>
      </trkpt>
      <trkpt lat="-34.157900959253311" lon="18.327498994767666">
        <ele>4.2</ele>
      </trkpt>
      <trkpt lat="-34.157883021980524" lon="18.327482985332608">
        <ele>4.2</ele>
      </trkpt>
      <trkpt lat="-34.157863995060325" lon="18.327461024746299">
        <ele>4.2</ele>
      </trkpt>
      <trkpt lat="-34.157852008938789" lon="18.327435040846467">
        <ele>4.2</ele>
      </trkpt>
      <trkpt lat="-34.157830970361829" lon="18.327411990612745">
        <ele>4.2</ele>
      </trkpt>
      <trkpt lat="-34.157812027260661" lon="18.327390030026436">
        <ele>4.2</ele>
      </trkpt>
      <trkpt lat="-34.157791994512081" lon="18.327368991449475">
        <ele>4.2</ele>
      </trkpt>
      <trkpt lat="-34.157775985077024" lon="18.327349964529276">
        <ele>4.2</ele>
      </trkpt>
      <trkpt lat="-34.157761987298727" lon="18.327324986457825">
        <ele>4.2</ele>
      </trkpt>
      <trkpt lat="-34.157745977863669" lon="18.327302020043135">
        <ele>4.4</ele>
      </trkpt>
      <trkpt lat="-34.157732985913754" lon="18.327276958152652">
        <ele>4.4</ele>
      </trkpt>
      <trkpt lat="-34.157717982307076" lon="18.327254997566342">
        <ele>4.4</ele>
      </trkpt>
      <trkpt lat="-34.157704990357161" lon="18.327231025323272">
        <ele>4.4</ele>
      </trkpt>
      <trkpt lat="-34.157685963436961" lon="18.327204035595059">
        <ele>4.4</ele>
      </trkpt>
      <trkpt lat="-34.157670037820935" lon="18.327178973704576">
        <ele>4.4</ele>
      </trkpt>
      <trkpt lat="-34.157656040042639" lon="18.327157013118267">
        <ele>4.4</ele>
      </trkpt>
      <trkpt lat="-34.157635001465678" lon="18.327136980369687">
        <ele>4.4</ele>
      </trkpt>
      <trkpt lat="-34.157613962888718" lon="18.327117031440139">
        <ele>4.4</ele>
      </trkpt>
      <trkpt lat="-34.157596025615931" lon="18.327100016176701">
        <ele>4.6</ele>
      </trkpt>
      <trkpt lat="-34.157576998695731" lon="18.327086018398404">
        <ele>4.4</ele>
      </trkpt>
      <trkpt lat="-34.157556965947151" lon="18.327066991478205">
        <ele>4.4</ele>
      </trkpt>
      <trkpt lat="-34.157540034502745" lon="18.327044025063515">
        <ele>4.4</ele>
      </trkpt>
      <trkpt lat="-34.157521007582545" lon="18.327021980658174">
        <ele>4.4</ele>
      </trkpt>
      <trkpt lat="-34.157502986490726" lon="18.327001025900245">
        <ele>4.4</ele>
      </trkpt>
      <trkpt lat="-34.157483959570527" lon="18.326979987323284">
        <ele>4.4</ele>
      </trkpt>
      <trkpt lat="-34.157464010640979" lon="18.326960960403085">
        <ele>4.4</ele>
      </trkpt>
      <trkpt lat="-34.157441966235638" lon="18.326941011473536">
        <ele>4.4</ele>
      </trkpt>
      <trkpt lat="-34.157420005649328" lon="18.326922990381718">
        <ele>4.4</ele>
      </trkpt>
      <trkpt lat="-34.157399972900748" lon="18.326905975118279">
        <ele>4.4</ele>
      </trkpt>
      <trkpt lat="-34.157379018142819" lon="18.326887032017112">
        <ele>4.4</ele>
      </trkpt>
      <trkpt lat="-34.15735999122262" lon="18.326866999268532">
        <ele>4.4</ele>
      </trkpt>
      <trkpt lat="-34.15733995847404" lon="18.326847972348332">
        <ele>4.4</ele>
      </trkpt>
      <trkpt lat="-34.157324032858014" lon="18.326828023418784">
        <ele>4.4</ele>
      </trkpt>
      <trkpt lat="-34.157305005937815" lon="18.326806984841824">
        <ele>4.4</ele>
      </trkpt>
      <trkpt lat="-34.157287990674376" lon="18.326788041740656">
        <ele>4.4</ele>
      </trkpt>
      <trkpt lat="-34.157266030088067" lon="18.326768008992076">
        <ele>4.4</ele>
      </trkpt>
      <trkpt lat="-34.157248008996248" lon="18.326747976243496">
        <ele>4.4</ele>
      </trkpt>
      <trkpt lat="-34.157231999561191" lon="18.326727021485567">
        <ele>4.4</ele>
      </trkpt>
      <trkpt lat="-34.157209033146501" lon="18.326710006222129">
        <ele>4.4</ele>
      </trkpt>
      <trkpt lat="-34.157189000397921" lon="18.326692990958691">
        <ele>4.4</ele>
      </trkpt>
      <trkpt lat="-34.15716796182096" lon="18.326673964038491">
        <ele>4.4</ele>
      </trkpt>
      <trkpt lat="-34.157149018719792" lon="18.326655020937324">
        <ele>4.4</ele>
      </trkpt>
      <trkpt lat="-34.156860010698438" lon="18.326589977368712">
        <ele>8.03125</ele>
      </trkpt>
      <trkpt lat="-34.156319964677095" lon="18.325990000739694">
        <ele>8.93359375</ele>
      </trkpt>
      <trkpt lat="-34.15559995919466" lon="18.325520027428865">
        <ele>13.96875</ele>
      </trkpt>
      <trkpt lat="-34.154970142990351" lon="18.3250399120152">
        <ele>12.33203125</ele>
      </trkpt>
      <trkpt lat="-34.153250008821487" lon="18.324189987033606">
        <ele>15.59765625</ele>
      </trkpt>
      <trkpt lat="-34.152939962223172" lon="18.323999969288707">
        <ele>15.50390625</ele>
      </trkpt>
      <trkpt lat="-34.150660000741482" lon="18.322400031611323">
        <ele>16.21484375</ele>
      </trkpt>
      <trkpt lat="-34.149070037528872" lon="18.321150038391352">
        <ele>12.33984375</ele>
      </trkpt>
      <trkpt lat="-34.147809986025095" lon="18.320410000160336">
        <ele>9.66015625</ele>
      </trkpt>
      <trkpt lat="-34.147520223632455" lon="18.320308998227119">
        <ele>9.296875</ele>
      </trkpt>
      <trkpt lat="-34.147386532276869" lon="18.320287205278873">
        <ele>9.21875</ele>
      </trkpt>
      <trkpt lat="-34.147173967212439" lon="18.320338753983378">
        <ele>9.515625</ele>
      </trkpt>
      <trkpt lat="-34.146545324474573" lon="18.320545451715589">
        <ele>11.75390625</ele>
      </trkpt>
      <trkpt lat="-34.14633996784687" lon="18.320749970152974">
        <ele>12.609375</ele>
      </trkpt>
      <trkpt lat="-34.144420009106398" lon="18.322560042142868">
        <ele>13.01953125</ele>
      </trkpt>
      <trkpt lat="-34.143160041421652" lon="18.323739962652326">
        <ele>12.17578125</ele>
      </trkpt>
      <trkpt lat="-34.141939971596003" lon="18.324900018051267">
        <ele>13.94140625</ele>
      </trkpt>
      <trkpt lat="-34.141788342967629" lon="18.325030524283648">
        <ele>15.078125</ele>
      </trkpt>
      <trkpt lat="-34.141743332147598" lon="18.325211321935058">
        <ele>15.94921875</ele>
      </trkpt>
      <trkpt lat="-34.141667224466801" lon="18.325354233384132">
        <ele>16.94140625</ele>
      </trkpt>
      <trkpt lat="-34.141562953591347" lon="18.325371583923697">
        <ele>17.06640625</ele>
      </trkpt>
      <trkpt lat="-34.141457257792354" lon="18.325356245040894">
        <ele>16.95703125</ele>
      </trkpt>
      <trkpt lat="-34.141450133174658" lon="18.325176620855927">
        <ele>15.83203125</ele>
      </trkpt>
      <trkpt lat="-34.141494641080499" lon="18.325043600052595">
        <ele>15.3515625</ele>
      </trkpt>
      <trkpt lat="-34.141533197835088" lon="18.324997331947088">
        <ele>15.18359375</ele>
      </trkpt>
      <trkpt lat="-34.141624141484499" lon="18.32489088177681">
        <ele>14.60546875</ele>
      </trkpt>
      <trkpt lat="-34.141564043238759" lon="18.324724417179823">
        <ele>13.40625</ele>
      </trkpt>
      <trkpt lat="-34.141515344381332" lon="18.324529202654958">
        <ele>12.5</ele>
      </trkpt>
      <trkpt lat="-34.141520038247108" lon="18.323509963229299">
        <ele>6.30859375</ele>
      </trkpt>
      <trkpt lat="-34.140895586460829" lon="18.322964636608958">
        <ele>3.546875</ele>
      </trkpt>
      <trkpt lat="-34.140441790223122" lon="18.322567334398627">
        <ele>4.59375</ele>
      </trkpt>
      <trkpt lat="-34.140441790223122" lon="18.322567334398627">
        <ele>4.59375</ele>
      </trkpt>
      <trkpt lat="-34.14026384241879" lon="18.322527687996626">
        <ele>4.625</ele>
      </trkpt>
      <trkpt lat="-34.139423472806811" lon="18.322537746280432">
        <ele>4.9765625</ele>
      </trkpt>
      <trkpt lat="-34.139368487522006" lon="18.322348734363914">
        <ele>2.93359375</ele>
      </trkpt>
      <trkpt lat="-34.13906916975975" lon="18.322274135425687">
        <ele>2.421875</ele>
      </trkpt>
      <trkpt lat="-34.138679997995496" lon="18.322349991649389">
        <ele>2.9921875</ele>
      </trkpt>
      <trkpt lat="-34.138460727408528" lon="18.32253523170948">
        <ele>3.3125</ele>
      </trkpt>
      <trkpt lat="-34.138248581439257" lon="18.322659786790609">
        <ele>2.6796875</ele>
      </trkpt>
      <trkpt lat="-34.137160023674369" lon="18.324640011414886">
        <ele>1.2421875</ele>
      </trkpt>
      <trkpt lat="-34.136942429468036" lon="18.324978975579143">
        <ele>0.97265625</ele>
      </trkpt>
      <trkpt lat="-34.136871686205268" lon="18.325376277789474">
        <ele>1.23046875</ele>
      </trkpt>
      <trkpt lat="-34.136819634586573" lon="18.325834181159735">
        <ele>1.3984375</ele>
      </trkpt>
      <trkpt lat="-34.13679163902998" lon="18.326974622905254">
        <ele>1.98046875</ele>
      </trkpt>
      <trkpt lat="-34.136939998716116" lon="18.32740000449121">
        <ele>3.5859375</ele>
      </trkpt>
      <trkpt lat="-34.137049969285727" lon="18.327799988910556">
        <ele>4.56640625</ele>
      </trkpt>
      <trkpt lat="-34.137090034782887" lon="18.328910004347563">
        <ele>1.09375</ele>
      </trkpt>
      <trkpt lat="-34.136155033484101" lon="18.331685001030564">
        <ele>0.3515625</ele>
      </trkpt>
      <trkpt lat="-34.135169992223382" lon="18.333170022815466">
        <ele>1.4140625</ele>
      </trkpt>
      <trkpt lat="-34.133009975776076" lon="18.335059974342585">
        <ele>3.5703125</ele>
      </trkpt>
      <trkpt lat="-34.13217999972403" lon="18.335570013150573">
        <ele>4.8125</ele>
      </trkpt>
      <trkpt lat="-34.131420012563467" lon="18.336049960926175">
        <ele>4.953125</ele>
      </trkpt>
      <trkpt lat="-34.129670038819313" lon="18.337210016325116">
        <ele>0.8515625</ele>
      </trkpt>
      <trkpt lat="-34.129150025546551" lon="18.337930021807551">
        <ele>1.5703125</ele>
      </trkpt>
      <trkpt lat="-34.127010041847825" lon="18.339470028877258">
        <ele>0</ele>
      </trkpt>
      <trkpt lat="-34.127250015735626" lon="18.34171000868082">
        <ele>1.171875</ele>
      </trkpt>
      <trkpt lat="-34.127979995682836" lon="18.342750035226345">
        <ele>5.48828125</ele>
      </trkpt>
      <trkpt lat="-34.127979995682836" lon="18.342739976942539">
        <ele>5.5625</ele>
      </trkpt>
      <trkpt lat="-34.127859966829419" lon="18.3434500079602">
        <ele>0.16015625</ele>
      </trkpt>
      <trkpt lat="-34.127595014870167" lon="18.344025006517768">
        <ele>0</ele>
      </trkpt>
      <trkpt lat="-34.125960040837526" lon="18.346609985455871">
        <ele>0</ele>
      </trkpt>
      <trkpt lat="-34.123964980244637" lon="18.348504966124892">
        <ele>0</ele>
      </trkpt>
      <trkpt lat="-34.121849974617362" lon="18.349559996277094">
        <ele>0</ele>
      </trkpt>
      <trkpt lat="-34.119349988177419" lon="18.35097000002861">
        <ele>0</ele>
      </trkpt>
      <trkpt lat="-34.116750005632639" lon="18.351929979398847">
        <ele>0</ele>
      </trkpt>
      <trkpt lat="-34.11385003477335" lon="18.352589970454574">
        <ele>0</ele>
      </trkpt>
      <trkpt lat="-34.111330015584826" lon="18.353179972618818">
        <ele>0</ele>
      </trkpt>
      <trkpt lat="-34.108455022796988" lon="18.353744996711612">
        <ele>0</ele>
      </trkpt>
      <trkpt lat="-34.10588001832366" lon="18.354114973917603">
        <ele>0</ele>
      </trkpt>
      <trkpt lat="-34.103290010243654" lon="18.354159984737635">
        <ele>0</ele>
      </trkpt>
      <trkpt lat="-34.100834028795362" lon="18.353776261210442">
        <ele>0</ele>
      </trkpt>
      <trkpt lat="-34.099935740232468" lon="18.353776261210442">
        <ele>0</ele>
      </trkpt>
      <trkpt lat="-34.099046420305967" lon="18.353721695020795">
        <ele>0</ele>
      </trkpt>
      <trkpt lat="-34.098929576575756" lon="18.354551587253809">
        <ele>-0.04296875</ele>
      </trkpt>
      <trkpt lat="-34.098899988457561" lon="18.355520032346249">
        <ele>0.30078125</ele>
      </trkpt>
      <trkpt lat="-34.098569992929697" lon="18.356849988922477">
        <ele>4.92578125</ele>
      </trkpt>
      <trkpt lat="-34.098720028996468" lon="18.357750037685037">
        <ele>8.9296875</ele>
      </trkpt>
      <trkpt lat="-34.098479971289635" lon="18.357960004359484">
        <ele>12.2578125</ele>
      </trkpt>
      <trkpt lat="-34.09840939566493" lon="18.358175000175834">
        <ele>13.609375</ele>
      </trkpt>
      <trkpt lat="-34.098048890009522" lon="18.35829846560955">
        <ele>16.7265625</ele>
      </trkpt>
      <trkpt lat="-34.097949983552098" lon="18.358550006523728">
        <ele>18.3984375</ele>
      </trkpt>
      <trkpt lat="-34.097946379333735" lon="18.35867078974843">
        <ele>18.88671875</ele>
      </trkpt>
      <trkpt lat="-34.097954928874969" lon="18.358777239918709">
        <ele>19.1484375</ele>
      </trkpt>
      <trkpt lat="-34.097986025735736" lon="18.359044287353754">
        <ele>20.421875</ele>
      </trkpt>
      <trkpt lat="-34.098244355991483" lon="18.360285982489586">
        <ele>20.63671875</ele>
      </trkpt>
      <trkpt lat="-34.09839816391468" lon="18.361225090920925">
        <ele>18.90234375</ele>
      </trkpt>
      <trkpt lat="-34.098473265767097" lon="18.361714258790016">
        <ele>18.515625</ele>
      </trkpt>
      <trkpt lat="-34.098503524437547" lon="18.362229410558939">
        <ele>18.375</ele>
      </trkpt>
      <trkpt lat="-34.098219964653254" lon="18.362989984452724">
        <ele>21.4765625</ele>
      </trkpt>
      <trkpt lat="-34.097913354635239" lon="18.363677719607949">
        <ele>23.921875</ele>
      </trkpt>
      <trkpt lat="-34.097750745713711" lon="18.364056078717113">
        <ele>24.03125</ele>
      </trkpt>
      <trkpt lat="-34.098090045154095" lon="18.36627334356308">
        <ele>18.40625</ele>
      </trkpt>
      <trkpt lat="-34.09825156442821" lon="18.367959866300225">
        <ele>20.44921875</ele>
      </trkpt>
      <trkpt lat="-34.098490029573441" lon="18.368654977530241">
        <ele>23.11328125</ele>
      </trkpt>
      <trkpt lat="-34.09898498095572" lon="18.370034974068403">
        <ele>26.55859375</ele>
      </trkpt>
      <trkpt lat="-34.099236521869898" lon="18.370692450553179">
        <ele>29.484375</ele>
      </trkpt>
      <trkpt lat="-34.099356885999441" lon="18.371209027245641">
        <ele>27.390625</ele>
      </trkpt>
      <trkpt lat="-34.099407261237502" lon="18.371562073007226">
        <ele>25.015625</ele>
      </trkpt>
      <trkpt lat="-34.09962653182447" lon="18.371617896482348">
        <ele>24.3515625</ele>
      </trkpt>
      <trkpt lat="-34.099826524034142" lon="18.371852841228247">
        <ele>26.0859375</ele>
      </trkpt>
      <trkpt lat="-34.10023539327085" lon="18.373141977936029">
        <ele>26.77734375</ele>
      </trkpt>
      <trkpt lat="-34.100392805412412" lon="18.374013444408774">
        <ele>30.96875</ele>
      </trkpt>
      <trkpt lat="-34.098463207483292" lon="18.375166542828083">
        <ele>33.7890625</ele>
      </trkpt>
      <trkpt lat="-34.097824087366462" lon="18.375636013224721">
        <ele>34.203125</ele>
      </trkpt>
      <trkpt lat="-34.097421253100038" lon="18.375860564410686">
        <ele>33.48046875</ele>
      </trkpt>
      <trkpt lat="-34.097266523167491" lon="18.37594186887145">
        <ele>33.9296875</ele>
      </trkpt>
      <trkpt lat="-34.097316227853298" lon="18.376134485006332">
        <ele>33.97265625</ele>
      </trkpt>
      <trkpt lat="-34.097342295572162" lon="18.376309750601649">
        <ele>34.05078125</ele>
      </trkpt>
      <trkpt lat="-34.097287226468325" lon="18.376346882432699">
        <ele>34.390625</ele>
      </trkpt>
      <trkpt lat="-34.097156217321754" lon="18.376407232135534">
        <ele>35.0625</ele>
      </trkpt>
      <trkpt lat="-34.097063597291708" lon="18.3763312920928">
        <ele>35.39453125</ele>
      </trkpt>
      <trkpt lat="-34.096920853480697" lon="18.37635476142168">
        <ele>36.0546875</ele>
      </trkpt>
      <trkpt lat="-34.096854971721768" lon="18.376455511897802">
        <ele>36.30859375</ele>
      </trkpt>
      <trkpt lat="-34.096797136589885" lon="18.37654821574688">
        <ele>36.4609375</ele>
      </trkpt>
      <trkpt lat="-34.096755562350154" lon="18.376741586253047">
        <ele>36.40625</ele>
      </trkpt>
      <trkpt lat="-34.096732176840305" lon="18.376903189346194">
        <ele>36.26953125</ele>
      </trkpt>
      <trkpt lat="-34.096717424690723" lon="18.377025313675404">
        <ele>36.171875</ele>
      </trkpt>
      <trkpt lat="-34.096707366406918" lon="18.37718004360795">
        <ele>36.2421875</ele>
      </trkpt>
      <trkpt lat="-34.09679789096117" lon="18.377242321148515">
        <ele>36.37109375</ele>
      </trkpt>
      <trkpt lat="-34.096850864589214" lon="18.377309124916792">
        <ele>36.58984375</ele>
      </trkpt>
      <trkpt lat="-34.096886571496725" lon="18.377430494874716">
        <ele>36.9921875</ele>
      </trkpt>
      <trkpt lat="-34.097032751888037" lon="18.37780985981226">
        <ele>35.83203125</ele>
      </trkpt>
      <trkpt lat="-34.096822952851653" lon="18.377268305048347">
        <ele>36.45703125</ele>
      </trkpt>
      <trkpt lat="-34.096707031130791" lon="18.377175265923142">
        <ele>36.2265625</ele>
      </trkpt>
      <trkpt lat="-34.096727902069688" lon="18.37690738029778">
        <ele>36.26953125</ele>
      </trkpt>
      <trkpt lat="-34.096791688352823" lon="18.376552909612656">
        <ele>36.4765625</ele>
      </trkpt>
      <trkpt lat="-34.096927475184202" lon="18.376332968473434">
        <ele>36.02734375</ele>
      </trkpt>
      <trkpt lat="-34.097070470452309" lon="18.376322574913502">
        <ele>33.86328125</ele>
      </trkpt>
      <trkpt lat="-34.097146661952138" lon="18.376399772241712">
        <ele>35.09375</ele>
      </trkpt>
      <trkpt lat="-34.097337769344449" lon="18.376318467780948">
        <ele>34.09375</ele>
      </trkpt>
      <trkpt lat="-34.096698733046651" lon="18.37379140779376">
        <ele>30.11328125</ele>
      </trkpt>
      <trkpt lat="-34.096695631742477" lon="18.372914409264922">
        <ele>33.55859375</ele>
      </trkpt>
      <trkpt lat="-34.096720023080707" lon="18.372224997729063">
        <ele>38.72265625</ele>
      </trkpt>
      <trkpt lat="-34.096880033612251" lon="18.371589984744787">
        <ele>42.8203125</ele>
      </trkpt>
      <trkpt lat="-34.097110033035278" lon="18.370750034227967">
        <ele>48.234375</ele>
      </trkpt>
      <trkpt lat="-34.097128389403224" lon="18.370259944349527">
        <ele>51.6328125</ele>
      </trkpt>
      <trkpt lat="-34.097054712474346" lon="18.369997087866068">
        <ele>53.7890625</ele>
      </trkpt>
      <trkpt lat="-34.097031326964498" lon="18.369918633252382">
        <ele>54.5859375</ele>
      </trkpt>
      <trkpt lat="-34.096844997256994" lon="18.369329972192645">
        <ele>58.53125</ele>
      </trkpt>
      <trkpt lat="-34.09659999422729" lon="18.368680039420724">
        <ele>62.890625</ele>
      </trkpt>
      <trkpt lat="-34.09649153240025" lon="18.368380889296532">
        <ele>63.5234375</ele>
      </trkpt>
      <trkpt lat="-34.096521539613605" lon="18.367769429460168">
        <ele>64.28125</ele>
      </trkpt>
      <trkpt lat="-34.09655062481761" lon="18.367508500814438">
        <ele>63.51953125</ele>
      </trkpt>
      <trkpt lat="-34.096279973164201" lon="18.366190027445555">
        <ele>70</ele>
      </trkpt>
      <trkpt lat="-34.096247116103768" lon="18.36593865416944">
        <ele>71.7265625</ele>
      </trkpt>
      <trkpt lat="-34.096439983695745" lon="18.36472000926733">
        <ele>73.23046875</ele>
      </trkpt>
      <trkpt lat="-34.096260024234653" lon="18.364090025424957">
        <ele>77.4375</ele>
      </trkpt>
      <trkpt lat="-34.096279973164201" lon="18.363679982721806">
        <ele>76.35546875</ele>
      </trkpt>
      <trkpt lat="-34.096263041719794" lon="18.363518882542849">
        <ele>76.55859375</ele>
      </trkpt>
      <trkpt lat="-34.096070006489754" lon="18.363100038841367">
        <ele>79.9140625</ele>
      </trkpt>
      <trkpt lat="-34.095955928787589" lon="18.362969197332859">
        <ele>82.66796875</ele>
      </trkpt>
      <trkpt lat="-34.095900021493435" lon="18.362610032781959">
        <ele>83.6953125</ele>
      </trkpt>
      <trkpt lat="-34.096009992063046" lon="18.360949996858835">
        <ele>85.9375</ele>
      </trkpt>
      <trkpt lat="-34.095933297649026" lon="18.360544228926301">
        <ele>89.375</ele>
      </trkpt>
      <trkpt lat="-34.095809916034341" lon="18.360255304723978">
        <ele>90.35546875</ele>
      </trkpt>
      <trkpt lat="-34.095429964363575" lon="18.36020995862782">
        <ele>96.765625</ele>
      </trkpt>
      <trkpt lat="-34.095204994082451" lon="18.360111387446523">
        <ele>99.1953125</ele>
      </trkpt>
      <trkpt lat="-34.095175741240382" lon="18.359825816005468">
        <ele>97.3671875</ele>
      </trkpt>
      <trkpt lat="-34.095340026542544" lon="18.359519960358739">
        <ele>88.91796875</ele>
      </trkpt>
      <trkpt lat="-34.095480004325509" lon="18.359040012583137">
        <ele>86.28515625</ele>
      </trkpt>
      <trkpt lat="-34.095537839457393" lon="18.358637848868966">
        <ele>87.96484375</ele>
      </trkpt>
      <trkpt lat="-34.095770018175244" lon="18.358180029317737">
        <ele>83.453125</ele>
      </trkpt>
      <trkpt lat="-34.095904966816306" lon="18.357539987191558">
        <ele>80.48046875</ele>
      </trkpt>
      <trkpt lat="-34.0960399992764" lon="18.356900028884411">
        <ele>74.140625</ele>
      </trkpt>
      <trkpt lat="-34.096078388392925" lon="18.356625437736511">
        <ele>71.40234375</ele>
      </trkpt>
      <trkpt lat="-34.09600043669343" lon="18.356342799961567">
        <ele>68.97265625</ele>
      </trkpt>
      <trkpt lat="-34.095835899934173" lon="18.356091761961579">
        <ele>71.9765625</ele>
      </trkpt>
      <trkpt lat="-34.095659963786602" lon="18.356129983440042">
        <ele>81.93359375</ele>
      </trkpt>
      <trkpt lat="-34.095570025965571" lon="18.356180023401976">
        <ele>87.5390625</ele>
      </trkpt>
      <trkpt lat="-34.095533648505807" lon="18.35598623380065">
        <ele>87.3515625</ele>
      </trkpt>
      <trkpt lat="-34.095449997112155" lon="18.355599995702505">
        <ele>90.1640625</ele>
      </trkpt>
      <trkpt lat="-34.095429964363575" lon="18.355320040136576">
        <ele>90.6484375</ele>
      </trkpt>
      <trkpt lat="-34.095229972153902" lon="18.354800026863813">
        <ele>96.92578125</ele>
      </trkpt>
      <trkpt lat="-34.09508278593421" lon="18.354712603613734">
        <ele>102.2421875</ele>
      </trkpt>
      <trkpt lat="-34.095016904175282" lon="18.354726349934936">
        <ele>105.64453125</ele>
      </trkpt>
      <trkpt lat="-34.095050012692809" lon="18.354840008541942">
        <ele>106.55078125</ele>
      </trkpt>
      <trkpt lat="-34.095010031014681" lon="18.355270000174642">
        <ele>114.58984375</ele>
      </trkpt>
      <trkpt lat="-34.094920009374619" lon="18.355379970744252">
        <ele>119.4765625</ele>
      </trkpt>
      <trkpt lat="-34.094690009951591" lon="18.355430010706186">
        <ele>130.52734375</ele>
      </trkpt>
      <trkpt lat="-34.094330007210374" lon="18.355130022391677">
        <ele>143.8046875</ele>
      </trkpt>
      <trkpt lat="-34.094160022214055" lon="18.355060033500195">
        <ele>151.02734375</ele>
      </trkpt>
      <trkpt lat="-34.094160022214055" lon="18.355000019073486">
        <ele>150.1640625</ele>
      </trkpt>
      <trkpt lat="-34.094039993360639" lon="18.354960037395358">
        <ele>155.20703125</ele>
      </trkpt>
      <trkpt lat="-34.093941422179341" lon="18.354938328266144">
        <ele>159.56640625</ele>
      </trkpt>
      <trkpt lat="-34.093770012259483" lon="18.354740012437105">
        <ele>164.62109375</ele>
      </trkpt>
      <trkpt lat="-34.093619976192713" lon="18.354440024122596">
        <ele>167.6015625</ele>
      </trkpt>
      <trkpt lat="-34.093594579026103" lon="18.354318151250482">
        <ele>166.671875</ele>
      </trkpt>
      <trkpt lat="-34.093470191583037" lon="18.354092175140977">
        <ele>169.67578125</ele>
      </trkpt>
      <trkpt lat="-34.093433227390051" lon="18.354057725518942">
        <ele>170.94921875</ele>
      </trkpt>
      <trkpt lat="-34.093419061973691" lon="18.354092426598072">
        <ele>173.1875</ele>
      </trkpt>
      <trkpt lat="-34.093300038948655" lon="18.353959992527962">
        <ele>175.890625</ele>
      </trkpt>
      <trkpt lat="-34.09301002509892" lon="18.353580040857196">
        <ele>177.7265625</ele>
      </trkpt>
      <trkpt lat="-34.092790000140667" lon="18.353399997577071">
        <ele>182.72265625</ele>
      </trkpt>
      <trkpt lat="-34.092390015721321" lon="18.352919965982437">
        <ele>184.0546875</ele>
      </trkpt>
      <trkpt lat="-34.091939991340041" lon="18.352489974349737">
        <ele>187.140625</ele>
      </trkpt>
      <trkpt lat="-34.091779980808496" lon="18.352329963818192">
        <ele>185.6171875</ele>
      </trkpt>
      <trkpt lat="-34.091419978067279" lon="18.352270033210516">
        <ele>194.68359375</ele>
      </trkpt>
      <trkpt lat="-34.09127002581954" lon="18.352400036528707">
        <ele>203.11328125</ele>
      </trkpt>
      <trkpt lat="-34.091070033609867" lon="18.352510007098317">
        <ele>200.578125</ele>
      </trkpt>
      <trkpt lat="-34.091159971430898" lon="18.352809995412827">
        <ele>216.52734375</ele>
      </trkpt>
      <trkpt lat="-34.091289974749088" lon="18.352870009839535">
        <ele>223.484375</ele>
      </trkpt>
      <trkpt lat="-34.091489966958761" lon="18.352960031479597">
        <ele>233.16796875</ele>
      </trkpt>
      <trkpt lat="-34.091540006920695" lon="18.35316002368927">
        <ele>241.08203125</ele>
      </trkpt>
      <trkpt lat="-34.091600021347404" lon="18.353269994258881">
        <ele>245.328125</ele>
      </trkpt>
      <trkpt lat="-34.091670010238886" lon="18.353450037539005">
        <ele>253.51171875</ele>
      </trkpt>
      <trkpt lat="-34.091560039669275" lon="18.353580040857196">
        <ele>262.109375</ele>
      </trkpt>
      <trkpt lat="-34.091549981385469" lon="18.353739967569709">
        <ele>272.97265625</ele>
      </trkpt>
      <trkpt lat="-34.091630028560758" lon="18.353839963674545">
        <ele>277.2578125</ele>
      </trkpt>
      <trkpt lat="-34.091830020770431" lon="18.354010032489896">
        <ele>277.33984375</ele>
      </trkpt>
      <trkpt lat="-34.091579988598824" lon="18.354029981419444">
        <ele>291.171875</ele>
      </trkpt>
      <trkpt lat="-34.091359963640571" lon="18.354159984737635">
        <ele>308.0625</ele>
      </trkpt>
      <trkpt lat="-34.091019993647933" lon="18.354089995846152">
        <ele>304.35546875</ele>
      </trkpt>
      <trkpt lat="-34.091110015287995" lon="18.354310020804405">
        <ele>320.31640625</ele>
      </trkpt>
      <trkpt lat="-34.091289974749088" lon="18.354719979688525">
        <ele>341.6875</ele>
      </trkpt>
      <trkpt lat="-34.09127002581954" lon="18.354970011860132">
        <ele>350.171875</ele>
      </trkpt>
      <trkpt lat="-34.091330040246248" lon="18.355139996856451">
        <ele>354.421875</ele>
      </trkpt>
      <trkpt lat="-34.091413272544742" lon="18.355472842231393">
        <ele>361.4453125</ele>
      </trkpt>
      <trkpt lat="-34.091330040246248" lon="18.355550039559603">
        <ele>363.24609375</ele>
      </trkpt>
      <trkpt lat="-34.091129964217544" lon="18.355839969590306">
        <ele>368.77734375</ele>
      </trkpt>
      <trkpt lat="-34.090929972007871" lon="18.355990005657077">
        <ele>374.59765625</ele>
      </trkpt>
      <trkpt lat="-34.09068999812007" lon="18.356199972331524">
        <ele>379.01953125</ele>
      </trkpt>
      <trkpt lat="-34.090510038658977" lon="18.35634003393352">
        <ele>384.6796875</ele>
      </trkpt>
      <trkpt lat="-34.090329995378852" lon="18.356499960646033">
        <ele>396.5546875</ele>
      </trkpt>
      <trkpt lat="-34.090099995955825" lon="18.356719985604286">
        <ele>415.2421875</ele>
      </trkpt>
      <trkpt lat="-34.089860022068024" lon="18.356900028884411">
        <ele>426.203125</ele>
      </trkpt>
      <trkpt lat="-34.089860022068024" lon="18.357170009985566">
        <ele>435.37109375</ele>
      </trkpt>
      <trkpt lat="-34.089770000427961" lon="18.35752003826201">
        <ele>446.7265625</ele>
      </trkpt>
      <trkpt lat="-34.089849963784218" lon="18.357860008254647">
        <ele>452.3984375</ele>
      </trkpt>
      <trkpt lat="-34.089749967679381" lon="18.358399970456958">
        <ele>473.4140625</ele>
      </trkpt>
      <trkpt lat="-34.089570008218288" lon="18.358599962666631">
        <ele>489.21484375</ele>
      </trkpt>
      <trkpt lat="-34.089570008218288" lon="18.359070019796491">
        <ele>510.2421875</ele>
      </trkpt>
      <trkpt lat="-34.089719960466027" lon="18.359709978103638">
        <ele>518.796875</ele>
      </trkpt>
      <trkpt lat="-34.089770000427961" lon="18.360060006380081">
        <ele>514.88671875</ele>
      </trkpt>
      <trkpt lat="-34.089500019326806" lon="18.360269973054528">
        <ele>523.25</ele>
      </trkpt>
      <trkpt lat="-34.089279994368553" lon="18.360269973054528">
        <ele>529.3984375</ele>
      </trkpt>
      <trkpt lat="-34.089409997686744" lon="18.359960010275245">
        <ele>537.796875</ele>
      </trkpt>
      <trkpt lat="-34.089189972728491" lon="18.359830006957054">
        <ele>553.16015625</ele>
      </trkpt>
      <trkpt lat="-34.088919991627336" lon="18.359519960358739">
        <ele>569.53125</ele>
      </trkpt>
      <trkpt lat="-34.088719999417663" lon="18.359579974785447">
        <ele>576.08203125</ele>
      </trkpt>
      <trkpt lat="-34.088619248941541" lon="18.359555583447218">
        <ele>577.4765625</ele>
      </trkpt>
      <trkpt lat="-34.088548170402646" lon="18.359580477699637">
        <ele>577.99609375</ele>
      </trkpt>
      <trkpt lat="-34.088515061885118" lon="18.359633283689618">
        <ele>578.9375</ele>
      </trkpt>
      <trkpt lat="-34.088431326672435" lon="18.359517948701978">
        <ele>577.1953125</ele>
      </trkpt>
      <trkpt lat="-34.088383382186294" lon="18.359585339203477">
        <ele>578.04296875</ele>
      </trkpt>
      <trkpt lat="-34.088420178741217" lon="18.359646359458566">
        <ele>579.8203125</ele>
      </trkpt>
      <trkpt lat="-34.088412299752235" lon="18.359777703881264">
        <ele>575.59765625</ele>
      </trkpt>
      <trkpt lat="-34.088466698303819" lon="18.359855823218822">
        <ele>572.34765625</ele>
      </trkpt>
      <trkpt lat="-34.088469967246056" lon="18.359890021383762">
        <ele>571.1328125</ele>
      </trkpt>
      <trkpt lat="-34.088280033320189" lon="18.359950035810471">
        <ele>566.2265625</ele>
      </trkpt>
      <trkpt lat="-34.088160004466772" lon="18.360039973631501">
        <ele>558.5234375</ele>
      </trkpt>
      <trkpt lat="-34.088039975613356" lon="18.360080039128661">
        <ele>553.1953125</ele>
      </trkpt>
      <trkpt lat="-34.087219974026084" lon="18.360440041869879">
        <ele>527.82421875</ele>
      </trkpt>
      <trkpt lat="-34.087130036205053" lon="18.360489998012781">
        <ele>524.296875</ele>
      </trkpt>
      <trkpt lat="-34.087040014564991" lon="18.360719997435808">
        <ele>520.0625</ele>
      </trkpt>
      <trkpt lat="-34.086940018460155" lon="18.360770037397742">
        <ele>515.81640625</ele>
      </trkpt>
      <trkpt lat="-34.086789982393384" lon="18.360910015180707">
        <ele>506.015625</ele>
      </trkpt>
      <trkpt lat="-34.086699960753322" lon="18.360929964110255">
        <ele>502.39453125</ele>
      </trkpt>
      <trkpt lat="-34.086340041831136" lon="18.361200029030442">
        <ele>486.3203125</ele>
      </trkpt>
      <trkpt lat="-34.086099984124303" lon="18.361309999600053">
        <ele>482.171875</ele>
      </trkpt>
      <trkpt lat="-34.085869984701276" lon="18.361370014026761">
        <ele>480.2109375</ele>
      </trkpt>
      <trkpt lat="-34.085270008072257" lon="18.36113004013896">
        <ele>471.875</ele>
      </trkpt>
      <trkpt lat="-34.084800034761429" lon="18.361034989356995">
        <ele>466.04296875</ele>
      </trkpt>
      <trkpt lat="-34.084329977631569" lon="18.360940022394061">
        <ele>464.86328125</ele>
      </trkpt>
      <trkpt lat="-34.083929993212223" lon="18.360670041292906">
        <ele>458.20703125</ele>
      </trkpt>
      <trkpt lat="-34.083699993789196" lon="18.360629975795746">
        <ele>459.0390625</ele>
      </trkpt>
      <trkpt lat="-34.083460019901395" lon="18.360499972477555">
        <ele>458.07421875</ele>
      </trkpt>
      <trkpt lat="-34.082779996097088" lon="18.360780011862516">
        <ele>451.1015625</ele>
      </trkpt>
      <trkpt lat="-34.082540022209287" lon="18.361259959638119">
        <ele>447.1015625</ele>
      </trkpt>
      <trkpt lat="-34.082429967820644" lon="18.362209964543581">
        <ele>445.109375</ele>
      </trkpt>
      <trkpt lat="-34.08231002278626" lon="18.362880013883114">
        <ele>435.234375</ele>
      </trkpt>
      <trkpt lat="-34.082220001146197" lon="18.363270023837686">
        <ele>429.45703125</ele>
      </trkpt>
      <trkpt lat="-34.081959994509816" lon="18.364009978249669">
        <ele>415.80859375</ele>
      </trkpt>
      <trkpt lat="-34.0818399656564" lon="18.364190021529794">
        <ele>410.1171875</ele>
      </trkpt>
      <trkpt lat="-34.081490021198988" lon="18.364520017057657">
        <ele>392.140625</ele>
      </trkpt>
      <trkpt lat="-34.081399999558926" lon="18.364620013162494">
        <ele>387.65234375</ele>
      </trkpt>
      <trkpt lat="-34.081309977918863" lon="18.364950008690357">
        <ele>384.12890625</ele>
      </trkpt>
      <trkpt lat="-34.080949975177646" lon="18.365489970892668">
        <ele>368.3203125</ele>
      </trkpt>
      <trkpt lat="-34.080719975754619" lon="18.365779984742403">
        <ele>359.40234375</ele>
      </trkpt>
      <trkpt lat="-34.080559965223074" lon="18.366049965843558">
        <ele>355.59765625</ele>
      </trkpt>
      <trkpt lat="-34.080340024083853" lon="18.366260016337037">
        <ele>348.3984375</ele>
      </trkpt>
      <trkpt lat="-34.08014003187418" lon="18.366499990224838">
        <ele>342.203125</ele>
      </trkpt>
      <trkpt lat="-34.079899974167347" lon="18.36689000017941">
        <ele>334.58984375</ele>
      </trkpt>
      <trkpt lat="-34.079490015283227" lon="18.367440020665526">
        <ele>323.81640625</ele>
      </trkpt>
      <trkpt lat="-34.079339979216456" lon="18.36777001619339">
        <ele>319.30078125</ele>
      </trkpt>
      <trkpt lat="-34.079049965366721" lon="18.369020009413362">
        <ele>318.59765625</ele>
      </trkpt>
      <trkpt lat="-34.078711168840528" lon="18.369964901357889">
        <ele>316.62890625</ele>
      </trkpt>
      <trkpt lat="-34.078533137217164" lon="18.369965991005301">
        <ele>315.37109375</ele>
      </trkpt>
      <trkpt lat="-34.078500280156732" lon="18.370258267968893">
        <ele>317.57421875</ele>
      </trkpt>
      <trkpt lat="-34.078250667080283" lon="18.370377123355865">
        <ele>318.75</ele>
      </trkpt>
      <trkpt lat="-34.077880019322038" lon="18.370790015906096">
        <ele>323.1875</ele>
      </trkpt>
      <trkpt lat="-34.077680027112365" lon="18.371069971472025">
        <ele>327.046875</ele>
      </trkpt>
      <trkpt lat="-34.077279958873987" lon="18.371329978108406">
        <ele>331.5546875</ele>
      </trkpt>
      <trkpt lat="-34.077030010521412" lon="18.371429974213243">
        <ele>335.640625</ele>
      </trkpt>
      <trkpt lat="-34.076869999989867" lon="18.371629966422915">
        <ele>339.78515625</ele>
      </trkpt>
      <trkpt lat="-34.076670007780194" lon="18.371879998594522">
        <ele>344.5703125</ele>
      </trkpt>
      <trkpt lat="-34.076200034469366" lon="18.372119972482324">
        <ele>350.5859375</ele>
      </trkpt>
      <trkpt lat="-34.076104480773211" lon="18.372210832312703">
        <ele>352.30859375</ele>
      </trkpt>
      <trkpt lat="-34.075959641486406" lon="18.372107986360788">
        <ele>351.328125</ele>
      </trkpt>
      <trkpt lat="-34.075580025091767" lon="18.372620036825538">
        <ele>357.74609375</ele>
      </trkpt>
      <trkpt lat="-34.074990022927523" lon="18.372790021821856">
        <ele>360.90234375</ele>
      </trkpt>
      <trkpt lat="-34.074809979647398" lon="18.372980039566755">
        <ele>367.171875</ele>
      </trkpt>
      <trkpt lat="-34.074609987437725" lon="18.373150024563074">
        <ele>369.51953125</ele>
      </trkpt>
      <trkpt lat="-34.074370013549924" lon="18.373339958488941">
        <ele>373.0703125</ele>
      </trkpt>
      <trkpt lat="-34.073940021917224" lon="18.373729968443513">
        <ele>381.20703125</ele>
      </trkpt>
      <trkpt lat="-34.073740029707551" lon="18.37398000061512">
        <ele>383.671875</ele>
      </trkpt>
      <trkpt lat="-34.073559986427426" lon="18.374360036104918">
        <ele>389.6484375</ele>
      </trkpt>
      <trkpt lat="-34.073380026966333" lon="18.374690031632781">
        <ele>389.62890625</ele>
      </trkpt>
      <trkpt lat="-34.073199983686209" lon="18.374869991093874">
        <ele>384.44140625</ele>
      </trkpt>
      <trkpt lat="-34.072959674522281" lon="18.375106612220407">
        <ele>379.9609375</ele>
      </trkpt>
      <trkpt lat="-34.07262003980577" lon="18.375789988785982">
        <ele>388.66015625</ele>
      </trkpt>
      <trkpt lat="-34.071962563320994" lon="18.376129791140556">
        <ele>383.8671875</ele>
      </trkpt>
      <trkpt lat="-34.071659976616502" lon="18.37612995877862">
        <ele>372.50390625</ele>
      </trkpt>
      <trkpt lat="-34.071550006046891" lon="18.37617002427578">
        <ele>369.55859375</ele>
      </trkpt>
      <trkpt lat="-34.071299973875284" lon="18.376479987055063">
        <ele>380.9375</ele>
      </trkpt>
      <trkpt lat="-34.071190003305674" lon="18.376470012590289">
        <ele>379.24609375</ele>
      </trkpt>
      <trkpt lat="-34.070850033313036" lon="18.37582997046411">
        <ele>362.0546875</ele>
      </trkpt>
      <trkpt lat="-34.070539986714721" lon="18.37569996714592">
        <ele>368.421875</ele>
      </trkpt>
      <trkpt lat="-34.070166908204556" lon="18.375659147277474">
        <ele>368.625</ele>
      </trkpt>
      <trkpt lat="-34.069540612399578" lon="18.375798454508185">
        <ele>369.36328125</ele>
      </trkpt>
      <trkpt lat="-34.068950023502111" lon="18.375810021534562">
        <ele>362.07421875</ele>
      </trkpt>
      <trkpt lat="-34.068729998543859" lon="18.376000039279461">
        <ele>364.38671875</ele>
      </trkpt>
      <trkpt lat="-34.068661434575915" lon="18.376073129475117">
        <ele>365.26953125</ele>
      </trkpt>
      <trkpt lat="-34.06826002523303" lon="18.376590041443706">
        <ele>372.46484375</ele>
      </trkpt>
      <trkpt lat="-34.068119963631034" lon="18.376670004799962">
        <ele>370.16796875</ele>
      </trkpt>
      <trkpt lat="-34.067630041390657" lon="18.376779975369573">
        <ele>368.13671875</ele>
      </trkpt>
      <trkpt lat="-34.067159984260798" lon="18.376979967579246">
        <ele>377.921875</ele>
      </trkpt>
      <trkpt lat="-34.066890003159642" lon="18.376820040866733">
        <ele>368.15234375</ele>
      </trkpt>
      <trkpt lat="-34.066759999841452" lon="18.376749968156219">
        <ele>365.984375</ele>
      </trkpt>
      <trkpt lat="-34.066309975460172" lon="18.376630023121834">
        <ele>370.328125</ele>
      </trkpt>
      <trkpt lat="-34.065410010516644" lon="18.376379990950227">
        <ele>358.66015625</ele>
      </trkpt>
      <trkpt lat="-34.065210018306971" lon="18.376609990373254">
        <ele>371.51953125</ele>
      </trkpt>
      <trkpt lat="-34.064829982817173" lon="18.376400023698807">
        <ele>357.8359375</ele>
      </trkpt>
      <trkpt lat="-34.064580034464598" lon="18.376370016485453">
        <ele>355.84375</ele>
      </trkpt>
      <trkpt lat="-34.06417996622622" lon="18.376749968156219">
        <ele>359.33203125</ele>
      </trkpt>
      <trkpt lat="-34.064000006765127" lon="18.377280039712787">
        <ele>364.23828125</ele>
      </trkpt>
      <trkpt lat="-34.063849970698357" lon="18.377499980852008">
        <ele>359.4140625</ele>
      </trkpt>
      <trkpt lat="-34.063779981806874" lon="18.377799969166517">
        <ele>367.94921875</ele>
      </trkpt>
      <trkpt lat="-34.063760032877326" lon="18.377829976379871">
        <ele>367.80859375</ele>
      </trkpt>
      <trkpt lat="-34.063240019604564" lon="18.37804002687335">
        <ele>384.4609375</ele>
      </trkpt>
      <trkpt lat="-34.063010020181537" lon="18.37748003192246">
        <ele>365.61328125</ele>
      </trkpt>
      <trkpt lat="-34.062789995223284" lon="18.376969993114471">
        <ele>351.41796875</ele>
      </trkpt>
      <trkpt lat="-34.06245999969542" lon="18.376670004799962">
        <ele>355.3203125</ele>
      </trkpt>
      <trkpt lat="-34.062190018594265" lon="18.376440005376935">
        <ele>356.5</ele>
      </trkpt>
      <trkpt lat="-34.061809983104467" lon="18.376240013167262">
        <ele>354.265625</ele>
      </trkpt>
      <trkpt lat="-34.061519969254732" lon="18.3761499915272">
        <ele>345.76953125</ele>
      </trkpt>
      <trkpt lat="-34.061230039224029" lon="18.376389965415001">
        <ele>356.3359375</ele>
      </trkpt>
      <trkpt lat="-34.060819996520877" lon="18.376739993691444">
        <ele>362.24609375</ele>
      </trkpt>
      <trkpt lat="-34.060599971562624" lon="18.376809982582927">
        <ele>354.83203125</ele>
      </trkpt>
      <trkpt lat="-34.060469968244433" lon="18.376990025863051">
        <ele>356.48828125</ele>
      </trkpt>
      <trkpt lat="-34.060260001569986" lon="18.377120029181242">
        <ele>347.125</ele>
      </trkpt>
      <trkpt lat="-34.060109965503216" lon="18.377190018072724">
        <ele>337.5859375</ele>
      </trkpt>
      <trkpt lat="-34.060109965503216" lon="18.377060014754534">
        <ele>331.875</ele>
      </trkpt>
      <trkpt lat="-34.059820035472512" lon="18.377750013023615">
        <ele>339.3359375</ele>
      </trkpt>
      <trkpt lat="-34.059679973870516" lon="18.377629984170198">
        <ele>333.03125</ele>
      </trkpt>
      <trkpt lat="-34.059570003300905" lon="18.377399984747171">
        <ele>322.4140625</ele>
      </trkpt>
      <trkpt lat="-34.059460032731295" lon="18.377109970897436">
        <ele>312.6015625</ele>
      </trkpt>
      <trkpt lat="-34.059270014986396" lon="18.376869997009635">
        <ele>306.8125</ele>
      </trkpt>
      <trkpt lat="-34.058970026671886" lon="18.376830015331507">
        <ele>311.82421875</ele>
      </trkpt>
      <trkpt lat="-34.058199981227517" lon="18.3770099747926">
        <ele>309.42578125</ele>
      </trkpt>
      <trkpt lat="-34.058069977909327" lon="18.377280039712787">
        <ele>322.6484375</ele>
      </trkpt>
      <trkpt lat="-34.058037791401148" lon="18.377378862351179">
        <ele>326.81640625</ele>
      </trkpt>
      <trkpt lat="-34.057931927964091" lon="18.377437284216285">
        <ele>326.9765625</ele>
      </trkpt>
      <trkpt lat="-34.057851629331708" lon="18.377373414114118">
        <ele>322.7734375</ele>
      </trkpt>
      <trkpt lat="-34.057751130312681" lon="18.377349777147174">
        <ele>324.88671875</ele>
      </trkpt>
      <trkpt lat="-34.057760518044233" lon="18.377398476004601">
        <ele>326.05078125</ele>
      </trkpt>
      <trkpt lat="-34.05774274840951" lon="18.377548344433308">
        <ele>332.43359375</ele>
      </trkpt>
      <trkpt lat="-34.057718105614185" lon="18.37770139798522">
        <ele>339.01171875</ele>
      </trkpt>
      <trkpt lat="-34.057841571047902" lon="18.377705421298742">
        <ele>337.984375</ele>
      </trkpt>
      <trkpt lat="-34.058006443083286" lon="18.377700475975871">
        <ele>342.828125</ele>
      </trkpt>
      <trkpt lat="-34.058020859956741" lon="18.377752527594566">
        <ele>346.5703125</ele>
      </trkpt>
      <trkpt lat="-34.057916840538383" lon="18.377944137901068">
        <ele>353.984375</ele>
      </trkpt>
      <trkpt lat="-34.058177936822176" lon="18.377890745177865">
        <ele>361.70703125</ele>
      </trkpt>
      <trkpt lat="-34.058437356725335" lon="18.377607520669699">
        <ele>355.55078125</ele>
      </trkpt>
      <trkpt lat="-34.058766849339008" lon="18.377573154866695">
        <ele>361.01953125</ele>
      </trkpt>
      <trkpt lat="-34.058599965646863" lon="18.377740038558841">
        <ele>368.84765625</ele>
      </trkpt>
      <trkpt lat="-34.058878663927317" lon="18.377786222845316">
        <ele>372.890625</ele>
      </trkpt>
      <trkpt lat="-34.058613460510969" lon="18.3779701218009">
        <ele>382.78125</ele>
      </trkpt>
      <trkpt lat="-34.058460993692279" lon="18.378117978572845">
        <ele>389.31640625</ele>
      </trkpt>
      <trkpt lat="-34.058858044445515" lon="18.378198193386197">
        <ele>398.06640625</ele>
      </trkpt>
      <trkpt lat="-34.058670038357377" lon="18.378310007974505">
        <ele>407.2421875</ele>
      </trkpt>
      <trkpt lat="-34.058520002290606" lon="18.378489967435598">
        <ele>420.140625</ele>
      </trkpt>
      <trkpt lat="-34.058650005608797" lon="18.378540007397532">
        <ele>424.1953125</ele>
      </trkpt>
      <trkpt lat="-34.058540035039186" lon="18.378630029037595">
        <ele>431.203125</ele>
      </trkpt>
      <trkpt lat="-34.058139966800809" lon="18.378700017929077">
        <ele>428</ele>
      </trkpt>
      <trkpt lat="-34.057999989017844" lon="18.378919959068298">
        <ele>434.953125</ele>
      </trkpt>
      <trkpt lat="-34.057865040376782" lon="18.379121711477637">
        <ele>437.21875</ele>
      </trkpt>
      <trkpt lat="-34.0576880145818" lon="18.379223635420203">
        <ele>433.8203125</ele>
      </trkpt>
      <trkpt lat="-34.057633699849248" lon="18.379328073933721">
        <ele>436.609375</ele>
      </trkpt>
      <trkpt lat="-34.057566141709685" lon="18.379358248785138">
        <ele>437.3984375</ele>
      </trkpt>
      <trkpt lat="-34.057490034028888" lon="18.379100002348423">
        <ele>429.13671875</ele>
      </trkpt>
      <trkpt lat="-34.057309990748763" lon="18.378919959068298">
        <ele>427.640625</ele>
      </trkpt>
      <trkpt lat="-34.057309990748763" lon="18.378589963540435">
        <ele>404.2734375</ele>
      </trkpt>
      <trkpt lat="-34.05713003128767" lon="18.378249993547797">
        <ele>402.80078125</ele>
      </trkpt>
      <trkpt lat="-34.056859966367483" lon="18.37801999412477">
        <ele>419.5234375</ele>
      </trkpt>
      <trkpt lat="-34.056729963049293" lon="18.377750013023615">
        <ele>424.1015625</ele>
      </trkpt>
      <trkpt lat="-34.056819984689355" lon="18.377329995855689">
        <ele>407.1328125</ele>
      </trkpt>
      <trkpt lat="-34.05665997415781" lon="18.37670998647809">
        <ele>420.11328125</ele>
      </trkpt>
      <trkpt lat="-34.05652997083962" lon="18.376379990950227">
        <ele>421.95703125</ele>
      </trkpt>
      <trkpt lat="-34.056210033595562" lon="18.375840028747916">
        <ele>431.08984375</ele>
      </trkpt>
      <trkpt lat="-34.056029990315437" lon="18.375490000471473">
        <ele>425.12890625</ele>
      </trkpt>
      <trkpt lat="-34.055750034749508" lon="18.374830009415746">
        <ele>402.96484375</ele>
      </trkpt>
      <trkpt lat="-34.055360024794936" lon="18.374210000038147">
        <ele>413.4609375</ele>
      </trkpt>
      <trkpt lat="-34.05496004037559" lon="18.373559983447194">
        <ele>394.76953125</ele>
      </trkpt>
      <trkpt lat="-34.054800029844046" lon="18.373139966279268">
        <ele>369.60546875</ele>
      </trkpt>
      <trkpt lat="-34.054440027102828" lon="18.372639985755086">
        <ele>356.41015625</ele>
      </trkpt>
      <trkpt lat="-34.053790010511875" lon="18.371940013021231">
        <ele>345.75390625</ele>
      </trkpt>
      <trkpt lat="-34.053620025515556" lon="18.371670031920075">
        <ele>336.53515625</ele>
      </trkpt>
      <trkpt lat="-34.053349960595369" lon="18.371410025283694">
        <ele>331.72265625</ele>
      </trkpt>
      <trkpt lat="-34.052789965644479" lon="18.370239995419979">
        <ele>307.34765625</ele>
      </trkpt>
      <trkpt lat="-34.052429962903261" lon="18.369670026004314">
        <ele>313.3515625</ele>
      </trkpt>
      <trkpt lat="-34.051820011809468" lon="18.368720021098852">
        <ele>293.27734375</ele>
      </trkpt>
      <trkpt lat="-34.051599986851215" lon="18.368060030043125">
        <ele>273.3828125</ele>
      </trkpt>
      <trkpt lat="-34.05135003849864" lon="18.367860037833452">
        <ele>278.1796875</ele>
      </trkpt>
      <trkpt lat="-34.051019959151745" lon="18.367579998448491">
        <ele>283.08984375</ele>
      </trkpt>
      <trkpt lat="-34.050370026379824" lon="18.367089992389083">
        <ele>289.953125</ele>
      </trkpt>
      <trkpt lat="-34.050253350287676" lon="18.367075826972723">
        <ele>290.8125</ele>
      </trkpt>
      <trkpt lat="-34.050459964200854" lon="18.367380006238818">
        <ele>301.49609375</ele>
      </trkpt>
      <trkpt lat="-34.050570018589497" lon="18.367619980126619">
        <ele>309.30859375</ele>
      </trkpt>
      <trkpt lat="-34.050736399367452" lon="18.367830030620098">
        <ele>313.5703125</ele>
      </trkpt>
      <trkpt lat="-34.050549985840917" lon="18.367960033938289">
        <ele>325.0078125</ele>
      </trkpt>
      <trkpt lat="-34.050446972250938" lon="18.368081152439117">
        <ele>329.1484375</ele>
      </trkpt>
      <trkpt lat="-34.050389975309372" lon="18.368560010567307">
        <ele>337.59375</ele>
      </trkpt>
      <trkpt lat="-34.050440015271306" lon="18.368890006095171">
        <ele>341.19140625</ele>
      </trkpt>
      <trkpt lat="-34.050333146005869" lon="18.369234586134553">
        <ele>341.28125</ele>
      </trkpt>
      <trkpt lat="-34.050370026379824" lon="18.369540022686124">
        <ele>345.69140625</ele>
      </trkpt>
      <trkpt lat="-34.050349993631244" lon="18.369840011000633">
        <ele>349.4140625</ele>
      </trkpt>
      <trkpt lat="-34.050159975886345" lon="18.370409980416298">
        <ele>351.85546875</ele>
      </trkpt>
      <trkpt lat="-34.049969958141446" lon="18.370980033650994">
        <ele>355.86328125</ele>
      </trkpt>
      <trkpt lat="-34.04986996203661" lon="18.371190000325441">
        <ele>356.359375</ele>
      </trkpt>
      <trkpt lat="-34.049339974299073" lon="18.372509982436895">
        <ele>363.37109375</ele>
      </trkpt>
      <trkpt lat="-34.049069993197918" lon="18.373069977387786">
        <ele>369.48828125</ele>
      </trkpt>
      <trkpt lat="-34.048779979348183" lon="18.373290002346039">
        <ele>370.78125</ele>
      </trkpt>
      <trkpt lat="-34.048040024936199" lon="18.373510027304292">
        <ele>368.71875</ele>
      </trkpt>
      <trkpt lat="-34.047489417716861" lon="18.373930798843503">
        <ele>373.87890625</ele>
      </trkpt>
      <trkpt lat="-34.046930763870478" lon="18.374457433819771">
        <ele>373.06640625</ele>
      </trkpt>
      <trkpt lat="-34.046769998967648" lon="18.375050034373999">
        <ele>374.25</ele>
      </trkpt>
      <trkpt lat="-34.046700010076165" lon="18.375480026006699">
        <ele>381.37109375</ele>
      </trkpt>
      <trkpt lat="-34.04639239422977" lon="18.376347636803985">
        <ele>381.35546875</ele>
      </trkpt>
      <trkpt lat="-34.046318046748638" lon="18.37669582106173">
        <ele>382.67578125</ele>
      </trkpt>
      <trkpt lat="-34.046449977904558" lon="18.377120029181242">
        <ele>391.3828125</ele>
      </trkpt>
      <trkpt lat="-34.046519966796041" lon="18.378419978544116">
        <ele>395.96484375</ele>
      </trkpt>
      <trkpt lat="-34.046630021184683" lon="18.378809988498688">
        <ele>400.08984375</ele>
      </trkpt>
      <trkpt lat="-34.046769998967648" lon="18.379369983449578">
        <ele>404.73828125</ele>
      </trkpt>
      <trkpt lat="-34.0469900239259" lon="18.379659997299314">
        <ele>415.7578125</ele>
      </trkpt>
      <trkpt lat="-34.046879969537258" lon="18.379999967291951">
        <ele>412.64453125</ele>
      </trkpt>
      <trkpt lat="-34.046679977327585" lon="18.380800019949675">
        <ele>417.53125</ele>
      </trkpt>
      <trkpt lat="-34.046590039506555" lon="18.381439978256822">
        <ele>425.421875</ele>
      </trkpt>
      <trkpt lat="-34.046590039506555" lon="18.381799980998039">
        <ele>430.984375</ele>
      </trkpt>
      <trkpt lat="-34.046500017866492" lon="18.382089994847775">
        <ele>425.546875</ele>
      </trkpt>
      <trkpt lat="-34.046519966796041" lon="18.382730036973953">
        <ele>436.0859375</ele>
      </trkpt>
      <trkpt lat="-34.046519966796041" lon="18.382989959791303">
        <ele>443.98046875</ele>
      </trkpt>
      <trkpt lat="-34.046210004016757" lon="18.383019967004657">
        <ele>442.71875</ele>
      </trkpt>
      <trkpt lat="-34.045284977182746" lon="18.382679997012019">
        <ele>445.4140625</ele>
      </trkpt>
      <trkpt lat="-34.044839981943369" lon="18.3825100120157">
        <ele>446.1875</ele>
      </trkpt>
      <trkpt lat="-34.044209998100996" lon="18.382480004802346">
        <ele>451.06640625</ele>
      </trkpt>
      <trkpt lat="-34.043629970401525" lon="18.382879989221692">
        <ele>463.3515625</ele>
      </trkpt>
      <trkpt lat="-34.042920023202896" lon="18.383079981431365">
        <ele>467.7734375</ele>
      </trkpt>
      <trkpt lat="-34.042579969391227" lon="18.383499998599291">
        <ele>470.05859375</ele>
      </trkpt>
      <trkpt lat="-34.042379977181554" lon="18.384210029616952">
        <ele>475.2578125</ele>
      </trkpt>
      <trkpt lat="-34.041930036619306" lon="18.385140001773834">
        <ele>481.46484375</ele>
      </trkpt>
      <trkpt lat="-34.041800033301115" lon="18.38553998619318">
        <ele>488.921875</ele>
      </trkpt>
      <trkpt lat="-34.041529968380928" lon="18.385720029473305">
        <ele>488.1796875</ele>
      </trkpt>
      <trkpt lat="-34.04060997068882" lon="18.386139962822199">
        <ele>497.62890625</ele>
      </trkpt>
      <trkpt lat="-34.040209986269474" lon="18.386429976671934">
        <ele>500.91015625</ele>
      </trkpt>
      <trkpt lat="-34.039940005168319" lon="18.387000029906631">
        <ele>514.1796875</ele>
      </trkpt>
      <trkpt lat="-34.03972408734262" lon="18.38716465048492">
        <ele>516.03515625</ele>
      </trkpt>
      <trkpt lat="-34.038950018584728" lon="18.387089967727661">
        <ele>517.42578125</ele>
      </trkpt>
      <trkpt lat="-34.038209980353713" lon="18.387289959937334">
        <ele>522.7265625</ele>
      </trkpt>
      <trkpt lat="-34.036539969965816" lon="18.388150027021766">
        <ele>519.06640625</ele>
      </trkpt>
      <trkpt lat="-34.036309970542789" lon="18.388320012018085">
        <ele>516.1171875</ele>
      </trkpt>
      <trkpt lat="-34.03626998886466" lon="18.388819992542267">
        <ele>512.4453125</ele>
      </trkpt>
      <trkpt lat="-34.035570016130805" lon="18.388940021395683">
        <ele>502.76953125</ele>
      </trkpt>
      <trkpt lat="-34.034610036760569" lon="18.389059966430068">
        <ele>500.828125</ele>
      </trkpt>
      <trkpt lat="-34.034160012379289" lon="18.389059966430068">
        <ele>494.62890625</ele>
      </trkpt>
      <trkpt lat="-34.033739995211363" lon="18.389100031927228">
        <ele>484.2109375</ele>
      </trkpt>
      <trkpt lat="-34.033489963039756" lon="18.389059966430068">
        <ele>476.546875</ele>
      </trkpt>
      <trkpt lat="-34.033219981938601" lon="18.389100031927228">
        <ele>467.15625</ele>
      </trkpt>
      <trkpt lat="-34.032950000837445" lon="18.389100031927228">
        <ele>459.015625</ele>
      </trkpt>
      <trkpt lat="-34.032799964770675" lon="18.389070024713874">
        <ele>454.0703125</ele>
      </trkpt>
      <trkpt lat="-34.032599972561002" lon="18.388970028609037">
        <ele>447.5859375</ele>
      </trkpt>
      <trkpt lat="-34.032239969819784" lon="18.389089973643422">
        <ele>431.55078125</ele>
      </trkpt>
      <trkpt lat="-34.031950039789081" lon="18.389110006392002">
        <ele>420.8125</ele>
      </trkpt>
      <trkpt lat="-34.031409993767738" lon="18.389270016923547">
        <ele>405.6171875</ele>
      </trkpt>
      <trkpt lat="-34.031159961596131" lon="18.389440001919866">
        <ele>399.84375</ele>
      </trkpt>
      <trkpt lat="-34.030849998816848" lon="18.389760022982955">
        <ele>393.89453125</ele>
      </trkpt>
      <trkpt lat="-34.030593931674957" lon="18.389877118170261">
        <ele>388.671875</ele>
      </trkpt>
      <trkpt lat="-34.030540036037564" lon="18.390039978548884">
        <ele>387.24609375</ele>
      </trkpt>
      <trkpt lat="-34.030540036037564" lon="18.39003000408411">
        <ele>387.26953125</ele>
      </trkpt>
      <trkpt lat="-34.030457139015198" lon="18.390259835869074">
        <ele>385.5625</ele>
      </trkpt>
      <trkpt lat="-34.030069978907704" lon="18.390550017356873">
        <ele>383.84375</ele>
      </trkpt>
      <trkpt lat="-34.029645016416907" lon="18.39131997898221">
        <ele>405.1484375</ele>
      </trkpt>
      <trkpt lat="-34.029219970107079" lon="18.392090024426579">
        <ele>430.8984375</ele>
      </trkpt>
      <trkpt lat="-34.02877002954483" lon="18.392350031062961">
        <ele>444.03125</ele>
      </trkpt>
      <trkpt lat="-34.028280023485422" lon="18.392539964988828">
        <ele>458.3359375</ele>
      </trkpt>
      <trkpt lat="-34.027720028534532" lon="18.392810029909015">
        <ele>465.55078125</ele>
      </trkpt>
      <trkpt lat="-34.027109993621707" lon="18.393180007115006">
        <ele>473.04296875</ele>
      </trkpt>
      <trkpt lat="-34.026729958131909" lon="18.393189981579781">
        <ele>482.41015625</ele>
      </trkpt>
      <trkpt lat="-34.025829993188381" lon="18.393626678735018">
        <ele>507.6953125</ele>
      </trkpt>
      <trkpt lat="-34.025039998814464" lon="18.394033368676901">
        <ele>522.92578125</ele>
      </trkpt>
      <trkpt lat="-34.024250004440546" lon="18.394439974799752">
        <ele>532.75390625</ele>
      </trkpt>
      <trkpt lat="-34.023890001699328" lon="18.394629992544651">
        <ele>533.63671875</ele>
      </trkpt>
      <trkpt lat="-34.023330006748438" lon="18.394839959219098">
        <ele>529.86328125</ele>
      </trkpt>
      <trkpt lat="-34.022719971835613" lon="18.395080016925931">
        <ele>527.046875</ele>
      </trkpt>
      <trkpt lat="-34.021599981933832" lon="18.395459968596697">
        <ele>513.37890625</ele>
      </trkpt>
      <trkpt lat="-34.021399989724159" lon="18.395619979128242">
        <ele>510.08203125</ele>
      </trkpt>
      <trkpt lat="-34.021279960870743" lon="18.395749982446432">
        <ele>505.30078125</ele>
      </trkpt>
      <trkpt lat="-34.021130008623004" lon="18.395719975233078">
        <ele>502.7421875</ele>
      </trkpt>
      <trkpt lat="-34.020960023626685" lon="18.396030021831393">
        <ele>491.8125</ele>
      </trkpt>
      <trkpt lat="-34.020549980923533" lon="18.396399999037385">
        <ele>464.96875</ele>
      </trkpt>
      <trkpt lat="-34.020400028675795" lon="18.396620023995638">
        <ele>450.08984375</ele>
      </trkpt>
      <trkpt lat="-34.020089982077479" lon="18.397619985044003">
        <ele>420.828125</ele>
      </trkpt>
      <trkpt lat="-34.019840033724904" lon="18.398330016061664">
        <ele>406.73046875</ele>
      </trkpt>
      <trkpt lat="-34.019629983231425" lon="18.398550041019917">
        <ele>400.14453125</ele>
      </trkpt>
      <trkpt lat="-34.019590001553297" lon="18.398809963837266">
        <ele>395.4296875</ele>
      </trkpt>
      <trkpt lat="-34.019569968804717" lon="18.399169966578484">
        <ele>391.4921875</ele>
      </trkpt>
      <trkpt lat="-34.019280038774014" lon="18.399810008704662">
        <ele>381.8125</ele>
      </trkpt>
      <trkpt lat="-34.018990024924278" lon="18.400449967011809">
        <ele>371.6875</ele>
      </trkpt>
      <trkpt lat="-34.018760025501251" lon="18.401259994134307">
        <ele>366.91015625</ele>
      </trkpt>
      <trkpt lat="-34.01847998611629" lon="18.401725022122264">
        <ele>362.97265625</ele>
      </trkpt>
      <trkpt lat="-34.018200030550361" lon="18.402189966291189">
        <ele>361.640625</ele>
      </trkpt>
      <trkpt lat="-34.017840027809143" lon="18.402945008128881">
        <ele>353.21484375</ele>
      </trkpt>
      <trkpt lat="-34.01762000285089" lon="18.403420010581613">
        <ele>343.8984375</ele>
      </trkpt>
      <trkpt lat="-34.017529981210828" lon="18.403829969465733">
        <ele>336.29296875</ele>
      </trkpt>
      <trkpt lat="-34.017450017854571" lon="18.403949998319149">
        <ele>331.109375</ele>
      </trkpt>
      <trkpt lat="-34.017459992319345" lon="18.403949998319149">
        <ele>331.5234375</ele>
      </trkpt>
      <trkpt lat="-34.017350021749735" lon="18.404110008850694">
        <ele>324.24609375</ele>
      </trkpt>
      <trkpt lat="-34.017150029540062" lon="18.404149990528822">
        <ele>316.1171875</ele>
      </trkpt>
      <trkpt lat="-34.01708004064858" lon="18.404340008273721">
        <ele>310.16796875</ele>
      </trkpt>
      <trkpt lat="-34.016950037330389" lon="18.404389964416623">
        <ele>303.9609375</ele>
      </trkpt>
      <trkpt lat="-34.016839982941747" lon="18.404379989951849">
        <ele>300.28515625</ele>
      </trkpt>
      <trkpt lat="-34.016749961301684" lon="18.404470011591911">
        <ele>294.66015625</ele>
      </trkpt>
      <trkpt lat="-34.016500012949109" lon="18.404579982161522">
        <ele>285.09375</ele>
      </trkpt>
      <trkpt lat="-34.016370009630919" lon="18.404600014910102">
        <ele>281.30859375</ele>
      </trkpt>
      <trkpt lat="-34.016118552535772" lon="18.404400525614619">
        <ele>279.71484375</ele>
      </trkpt>
      <trkpt lat="-34.01590003632009" lon="18.404449978843331">
        <ele>272.484375</ele>
      </trkpt>
      <trkpt lat="-34.015919985249639" lon="18.404730018228292">
        <ele>265.84375</ele>
      </trkpt>
      <trkpt lat="-34.01545001193881" lon="18.40487502515316">
        <ele>249.31640625</ele>
      </trkpt>
      <trkpt lat="-34.014980038627982" lon="18.405020032078028">
        <ele>233.65625</ele>
      </trkpt>
      <trkpt lat="-34.014361118897796" lon="18.405194878578186">
        <ele>223.1171875</ele>
      </trkpt>
      <trkpt lat="-34.014362711459398" lon="18.40552244335413">
        <ele>218.734375</ele>
      </trkpt>
      <trkpt lat="-34.014630010351539" lon="18.405594862997532">
        <ele>216.046875</ele>
      </trkpt>
      <trkpt lat="-34.014679966494441" lon="18.406040025874972">
        <ele>207.234375</ele>
      </trkpt>
      <trkpt lat="-34.014679966494441" lon="18.406249992549419">
        <ele>202.2890625</ele>
      </trkpt>
      <trkpt lat="-34.014539988711476" lon="18.406975027173758">
        <ele>187.640625</ele>
      </trkpt>
      <trkpt lat="-34.014400010928512" lon="18.407699977979064">
        <ele>180.61328125</ele>
      </trkpt>
      <trkpt lat="-34.014406967908144" lon="18.407793939113617">
        <ele>179.2890625</ele>
      </trkpt>
      <trkpt lat="-34.014369500800967" lon="18.407744150608778">
        <ele>178.64453125</ele>
      </trkpt>
      <trkpt lat="-34.01409650221467" lon="18.407514402642846">
        <ele>182.01171875</ele>
      </trkpt>
      <trkpt lat="-34.014011509716511" lon="18.407484646886587">
        <ele>189.22265625</ele>
      </trkpt>
      <trkpt lat="-34.013241128996015" lon="18.407362354919314">
        <ele>185.93359375</ele>
      </trkpt>
      <trkpt lat="-34.0128153283149" lon="18.407277194783092">
        <ele>179.46484375</ele>
      </trkpt>
      <trkpt lat="-34.012434789910913" lon="18.406960777938366">
        <ele>179.70703125</ele>
      </trkpt>
      <trkpt lat="-34.011854259297252" lon="18.406721977517009">
        <ele>181.359375</ele>
      </trkpt>
      <trkpt lat="-34.01133231818676" lon="18.407576344907284">
        <ele>178.98046875</ele>
      </trkpt>
      <trkpt lat="-34.01086812838912" lon="18.408804461359978">
        <ele>166.2890625</ele>
      </trkpt>
      <trkpt lat="-34.011171720921993" lon="18.409601496532559">
        <ele>161.46484375</ele>
      </trkpt>
      <trkpt lat="-34.011511523276567" lon="18.410442620515823">
        <ele>150.78515625</ele>
      </trkpt>
      <trkpt lat="-34.011773709207773" lon="18.411077130585909">
        <ele>150.9296875</ele>
      </trkpt>
      <trkpt lat="-34.012031871825457" lon="18.411791604012251">
        <ele>147.66015625</ele>
      </trkpt>
      <trkpt lat="-34.012167071923614" lon="18.412134256213903">
        <ele>139.2734375</ele>
      </trkpt>
      <trkpt lat="-34.012322640046477" lon="18.412460396066308">
        <ele>139.34765625</ele>
      </trkpt>
      <trkpt lat="-34.012532271444798" lon="18.412844035774469">
        <ele>140.48828125</ele>
      </trkpt>
      <trkpt lat="-34.012727485969663" lon="18.413166152313352">
        <ele>140.16796875</ele>
      </trkpt>
      <trkpt lat="-34.012920102104545" lon="18.413309650495648">
        <ele>139.39453125</ele>
      </trkpt>
      <trkpt lat="-34.012990007176995" lon="18.413599999621511">
        <ele>144.46875</ele>
      </trkpt>
      <trkpt lat="-34.013659972697496" lon="18.414139961823821">
        <ele>141.6484375</ele>
      </trkpt>
      <trkpt lat="-34.013841273263097" lon="18.414424359798431">
        <ele>140.19921875</ele>
      </trkpt>
      <trkpt lat="-34.013955602422357" lon="18.414675649255514">
        <ele>139.0625</ele>
      </trkpt>
      <trkpt lat="-34.013939006254077" lon="18.414857117459178">
        <ele>139.48046875</ele>
      </trkpt>
      <trkpt lat="-34.013761729001999" lon="18.415166744962335">
        <ele>139.83203125</ele>
      </trkpt>
      <trkpt lat="-34.013500632718205" lon="18.415561364963651">
        <ele>138.64453125</ele>
      </trkpt>
      <trkpt lat="-34.013210032135248" lon="18.415700001642108">
        <ele>143.2421875</ele>
      </trkpt>
      <trkpt lat="-34.012904008850455" lon="18.416003510355949">
        <ele>146.49609375</ele>
      </trkpt>
      <trkpt lat="-34.012700915336609" lon="18.41599035076797">
        <ele>150.59765625</ele>
      </trkpt>
      <trkpt lat="-34.012569990009069" lon="18.415909968316555">
        <ele>153.9765625</ele>
      </trkpt>
      <trkpt lat="-34.012209987267852" lon="18.415690027177334">
        <ele>157.65625</ele>
      </trkpt>
      <trkpt lat="-34.011986441910267" lon="18.415623810142279">
        <ele>156.81640625</ele>
      </trkpt>
      <trkpt lat="-34.011859958991408" lon="18.415470002219081">
        <ele>158.87109375</ele>
      </trkpt>
      <trkpt lat="-34.011703133583069" lon="18.415315691381693">
        <ele>159.69921875</ele>
      </trkpt>
      <trkpt lat="-34.011361235752702" lon="18.414836581796408">
        <ele>164.29296875</ele>
      </trkpt>
      <trkpt lat="-34.011169960722327" lon="18.414440033957362">
        <ele>167.6171875</ele>
      </trkpt>
      <trkpt lat="-34.010904589667916" lon="18.413787838071585">
        <ele>168.08984375</ele>
      </trkpt>
      <trkpt lat="-34.01081096380949" lon="18.413226418197155">
        <ele>164.484375</ele>
      </trkpt>
      <trkpt lat="-34.010857651010156" lon="18.413082668557763">
        <ele>164.47265625</ele>
      </trkpt>
      <trkpt lat="-34.010756397619843" lon="18.412845460698009">
        <ele>165.36328125</ele>
      </trkpt>
      <trkpt lat="-34.010554142296314" lon="18.412707494571805">
        <ele>168.671875</ele>
      </trkpt>
      <trkpt lat="-34.010493960231543" lon="18.412729958072305">
        <ele>169.35546875</ele>
      </trkpt>
      <trkpt lat="-34.010468227788806" lon="18.412772621959448">
        <ele>169.1484375</ele>
      </trkpt>
      <trkpt lat="-34.010477447882295" lon="18.412819560617208">
        <ele>168.40234375</ele>
      </trkpt>
      <trkpt lat="-34.010471412912011" lon="18.413115357980132">
        <ele>163.98046875</ele>
      </trkpt>
      <trkpt lat="-34.010507874190807" lon="18.413298754021525">
        <ele>162.26171875</ele>
      </trkpt>
      <trkpt lat="-34.010568223893642" lon="18.413825388997793">
        <ele>159.5703125</ele>
      </trkpt>
      <trkpt lat="-34.010513909161091" lon="18.413887834176421">
        <ele>157.01953125</ele>
      </trkpt>
      <trkpt lat="-34.010424977168441" lon="18.413725225254893">
        <ele>156.61328125</ele>
      </trkpt>
      <trkpt lat="-34.010206377133727" lon="18.413462620228529">
        <ele>151.4921875</ele>
      </trkpt>
      <trkpt lat="-34.01006530970335" lon="18.413530262187123">
        <ele>146.984375</ele>
      </trkpt>
      <trkpt lat="-34.010033961385489" lon="18.413785910233855">
        <ele>145.58203125</ele>
      </trkpt>
      <trkpt lat="-34.010074948891997" lon="18.413973581045866">
        <ele>145.71484375</ele>
      </trkpt>
      <trkpt lat="-34.010208724066615" lon="18.414122359827161">
        <ele>147.04296875</ele>
      </trkpt>
      <trkpt lat="-34.01042154058814" lon="18.414351101964712">
        <ele>148.91015625</ele>
      </trkpt>
      <trkpt lat="-34.010470826178789" lon="18.414921658113599">
        <ele>148.76171875</ele>
      </trkpt>
      <trkpt lat="-34.010610301047564" lon="18.41526766307652">
        <ele>145.71875</ele>
      </trkpt>
      <trkpt lat="-34.010750027373433" lon="18.415500009432435">
        <ele>141.66015625</ele>
      </trkpt>
      <trkpt lat="-34.010950019583106" lon="18.415930001065135">
        <ele>128.61328125</ele>
      </trkpt>
      <trkpt lat="-34.010990001261234" lon="18.416039971634746">
        <ele>126.875</ele>
      </trkpt>
      <trkpt lat="-34.011042807251215" lon="18.416248178109527">
        <ele>123.56640625</ele>
      </trkpt>
      <trkpt lat="-34.011093936860561" lon="18.416412714868784">
        <ele>124.58984375</ele>
      </trkpt>
      <trkpt lat="-34.011233998462558" lon="18.416671631857753">
        <ele>126.07421875</ele>
      </trkpt>
      <trkpt lat="-34.011411275714636" lon="18.416820913553238">
        <ele>126.2578125</ele>
      </trkpt>
      <trkpt lat="-34.011570028960705" lon="18.416870031505823">
        <ele>127.359375</ele>
      </trkpt>
      <trkpt lat="-34.012009995058179" lon="18.417140012606978">
        <ele>133.2890625</ele>
      </trkpt>
      <trkpt lat="-34.012309229001403" lon="18.417248977348208">
        <ele>131.08984375</ele>
      </trkpt>
      <trkpt lat="-34.012541742995381" lon="18.417450897395611">
        <ele>126.4296875</ele>
      </trkpt>
      <trkpt lat="-34.012482482939959" lon="18.4175637178123">
        <ele>128.71484375</ele>
      </trkpt>
      <trkpt lat="-34.012399334460497" lon="18.417582493275404">
        <ele>129.82421875</ele>
      </trkpt>
      <trkpt lat="-34.012021394446492" lon="18.417570339515805">
        <ele>132.203125</ele>
      </trkpt>
      <trkpt lat="-34.011537507176399" lon="18.417257023975253">
        <ele>135.7890625</ele>
      </trkpt>
      <trkpt lat="-34.011356458067894" lon="18.417089888826013">
        <ele>134.00390625</ele>
      </trkpt>
      <trkpt lat="-34.011140959337354" lon="18.416785625740886">
        <ele>131.015625</ele>
      </trkpt>
      <trkpt lat="-34.010936524719" lon="18.416647324338555">
        <ele>132.82421875</ele>
      </trkpt>
      <trkpt lat="-34.010733347386122" lon="18.416665177792311">
        <ele>139.96484375</ele>
      </trkpt>
      <trkpt lat="-34.010506197810173" lon="18.416628045961261">
        <ele>145.23828125</ele>
      </trkpt>
      <trkpt lat="-34.010323975235224" lon="18.416594937443733">
        <ele>149.3515625</ele>
      </trkpt>
      <trkpt lat="-34.010130101814866" lon="18.416548250243068">
        <ele>153.36328125</ele>
      </trkpt>
      <trkpt lat="-34.010082576423883" lon="18.416593512520194">
        <ele>155.828125</ele>
      </trkpt>
      <trkpt lat="-34.009940000250936" lon="18.416680013760924">
        <ele>161.25</ele>
      </trkpt>
      <trkpt lat="-34.009400038048625" lon="18.416870031505823">
        <ele>177.73828125</ele>
      </trkpt>
      <trkpt lat="-34.009335078299046" lon="18.416979582980275">
        <ele>180.10546875</ele>
      </trkpt>
      <trkpt lat="-34.009429961442947" lon="18.41707999818027">
        <ele>178.484375</ele>
      </trkpt>
      <trkpt lat="-34.010499995201826" lon="18.417500015348196">
        <ele>170.109375</ele>
      </trkpt>
      <trkpt lat="-34.010739549994469" lon="18.417628509923816">
        <ele>167.9140625</ele>
      </trkpt>
      <trkpt lat="-34.011129979044199" lon="18.418199988082051">
        <ele>163.02734375</ele>
      </trkpt>
      <trkpt lat="-34.011370036751032" lon="18.418610030785203">
        <ele>158.5234375</ele>
      </trkpt>
      <trkpt lat="-34.011489981785417" lon="18.418689994141459">
        <ele>158.25</ele>
      </trkpt>
      <trkpt lat="-34.011830035597086" lon="18.418770041316748">
        <ele>162.28125</ele>
      </trkpt>
      <trkpt lat="-34.012520033866167" lon="18.419089978560805">
        <ele>163.98828125</ele>
      </trkpt>
      <trkpt lat="-34.012709967792034" lon="18.419400025159121">
        <ele>158.84765625</ele>
      </trkpt>
      <trkpt lat="-34.012739975005388" lon="18.420060016214848">
        <ele>151.875</ele>
      </trkpt>
      <trkpt lat="-34.012713572010398" lon="18.420270150527358">
        <ele>149.77734375</ele>
      </trkpt>
      <trkpt lat="-34.012119965627789" lon="18.42010997235775">
        <ele>154.95703125</ele>
      </trkpt>
      <trkpt lat="-34.011549996212125" lon="18.419960020110011">
        <ele>160.109375</ele>
      </trkpt>
      <trkpt lat="-34.011329971253872" lon="18.419930012896657">
        <ele>165.60546875</ele>
      </trkpt>
      <trkpt lat="-34.010899979621172" lon="18.419900005683303">
        <ele>170.828125</ele>
      </trkpt>
      <trkpt lat="-34.010209981352091" lon="18.420030009001493">
        <ele>170.28515625</ele>
      </trkpt>
      <trkpt lat="-34.009449994191527" lon="18.419920038431883">
        <ele>174.48828125</ele>
      </trkpt>
      <trkpt lat="-34.008929980918765" lon="18.419579984620214">
        <ele>178.34375</ele>
      </trkpt>
      <trkpt lat="-34.008090030401945" lon="18.418680019676685">
        <ele>193.62890625</ele>
      </trkpt>
      <trkpt lat="-34.00777998380363" lon="18.419310003519058">
        <ele>186.9140625</ele>
      </trkpt>
      <trkpt lat="-34.007640006020665" lon="18.419589959084988">
        <ele>181.91015625</ele>
      </trkpt>
      <trkpt lat="-34.007515031844378" lon="18.420115001499653">
        <ele>165.578125</ele>
      </trkpt>
      <trkpt lat="-34.007389973849058" lon="18.420639960095286">
        <ele>158.09375</ele>
      </trkpt>
      <trkpt lat="-34.007340017706156" lon="18.420929973945022">
        <ele>160.984375</ele>
      </trkpt>
      <trkpt lat="-34.007259970530868" lon="18.421819964423776">
        <ele>154.0703125</ele>
      </trkpt>
      <trkpt lat="-34.00737002491951" lon="18.42229999601841">
        <ele>147.1015625</ele>
      </trkpt>
      <trkpt lat="-34.007259970530868" lon="18.422599984332919">
        <ele>141.7578125</ele>
      </trkpt>
      <trkpt lat="-34.007229963317513" lon="18.423419985920191">
        <ele>135.140625</ele>
      </trkpt>
      <trkpt lat="-34.007099959999323" lon="18.423900017514825">
        <ele>133.8359375</ele>
      </trkpt>
      <trkpt lat="-34.007359966635704" lon="18.42462002299726">
        <ele>122.00390625</ele>
      </trkpt>
      <trkpt lat="-34.007527772337198" lon="18.424949431791902">
        <ele>118.61328125</ele>
      </trkpt>
      <trkpt lat="-34.007430039346218" lon="18.425419991835952">
        <ele>112.8046875</ele>
      </trkpt>
      <trkpt lat="-34.007265837863088" lon="18.425665078684688">
        <ele>112.203125</ele>
      </trkpt>
      <trkpt lat="-34.007095517590642" lon="18.426275532692671">
        <ele>110.578125</ele>
      </trkpt>
      <trkpt lat="-34.00710130110383" lon="18.426681971177459">
        <ele>108.58984375</ele>
      </trkpt>
      <trkpt lat="-34.006789997220039" lon="18.426969973370433">
        <ele>109.3203125</ele>
      </trkpt>
      <trkpt lat="-34.006869960576296" lon="18.427499961107969">
        <ele>95.3203125</ele>
      </trkpt>
      <trkpt lat="-34.006840037181973" lon="18.427879996597767">
        <ele>89.3671875</ele>
      </trkpt>
      <trkpt lat="-34.006840037181973" lon="18.427870022132993">
        <ele>89.50390625</ele>
      </trkpt>
      <trkpt lat="-34.006610037758946" lon="18.42818995937705">
        <ele>87.2734375</ele>
      </trkpt>
      <trkpt lat="-34.006789997220039" lon="18.428620034828782">
        <ele>82.140625</ele>
      </trkpt>
      <trkpt lat="-34.006514986976981" lon="18.429810013622046">
        <ele>78.26171875</ele>
      </trkpt>
      <trkpt lat="-34.006320023909211" lon="18.430960010737181">
        <ele>74.4140625</ele>
      </trkpt>
      <trkpt lat="-34.005930013954639" lon="18.432460036128759">
        <ele>70.18359375</ele>
      </trkpt>
      <trkpt lat="-34.005930013954639" lon="18.432449977844954">
        <ele>70.29296875</ele>
      </trkpt>
      <trkpt lat="-34.005839992314577" lon="18.432820038869977">
        <ele>66.3828125</ele>
      </trkpt>
      <trkpt lat="-34.005869999527931" lon="18.433520011603832">
        <ele>62.3671875</ele>
      </trkpt>
      <trkpt lat="-34.005600018426776" lon="18.434830019250512">
        <ele>59.3828125</ele>
      </trkpt>
      <trkpt lat="-34.005736391991377" lon="18.436176152899861">
        <ele>61.12890625</ele>
      </trkpt>
      <trkpt lat="-34.006079966202378" lon="18.436730029061437">
        <ele>56.55078125</ele>
      </trkpt>
      <trkpt lat="-34.006427899003029" lon="18.43682449311018">
        <ele>54.99609375</ele>
      </trkpt>
      <trkpt lat="-34.006789997220039" lon="18.43736001290381">
        <ele>52.96484375</ele>
      </trkpt>
      <trkpt lat="-34.007089985534549" lon="18.437629994004965">
        <ele>54.29296875</ele>
      </trkpt>
      <trkpt lat="-34.007593654096127" lon="18.438461143523455">
        <ele>54.078125</ele>
      </trkpt>
      <trkpt lat="-34.008093886077404" lon="18.438980737701058">
        <ele>49.4375</ele>
      </trkpt>
      <trkpt lat="-34.008609708398581" lon="18.439480299130082">
        <ele>48.015625</ele>
      </trkpt>
      <trkpt lat="-34.008335033431649" lon="18.439749022945762">
        <ele>47.3984375</ele>
      </trkpt>
      <trkpt lat="-34.008056502789259" lon="18.43933118507266">
        <ele>49.19140625</ele>
      </trkpt>
      <trkpt lat="-34.007809152826667" lon="18.439543414860964">
        <ele>50.546875</ele>
      </trkpt>
      <trkpt lat="-34.007549984380603" lon="18.438900019973516">
        <ele>57.859375</ele>
      </trkpt>
      <trkpt lat="-34.007089985534549" lon="18.438419988378882">
        <ele>58.796875</ele>
      </trkpt>
      <trkpt lat="-34.006665693596005" lon="18.438089825212955">
        <ele>59.04296875</ele>
      </trkpt>
      <trkpt lat="-34.00603998452425" lon="18.43779000453651">
        <ele>62.703125</ele>
      </trkpt>
      <trkpt lat="-34.005800010636449" lon="18.437560005113482">
        <ele>69.81640625</ele>
      </trkpt>
      <trkpt lat="-34.005129961296916" lon="18.436990035697818">
        <ele>81.6328125</ele>
      </trkpt>
      <trkpt lat="-34.005040023475885" lon="18.436960028484464">
        <ele>80.26953125</ele>
      </trkpt>
      <trkpt lat="-34.004769958555698" lon="18.437100006267428">
        <ele>71.83203125</ele>
      </trkpt>
      <trkpt lat="-34.004550017416477" lon="18.437049966305494">
        <ele>65.015625</ele>
      </trkpt>
      <trkpt lat="-34.003790030255914" lon="18.43733998015523">
        <ele>61.21484375</ele>
      </trkpt>
      <trkpt lat="-34.003449976444244" lon="18.437450034543872">
        <ele>62.73046875</ele>
      </trkpt>
      <trkpt lat="-34.002959970384836" lon="18.43776997178793">
        <ele>70.91015625</ele>
      </trkpt>
      <trkpt lat="-34.002818483859301" lon="18.437731917947531">
        <ele>74.17578125</ele>
      </trkpt>
      <trkpt lat="-34.00258001871407" lon="18.437569979578257">
        <ele>77.34765625</ele>
      </trkpt>
      <trkpt lat="-34.00243048556149" lon="18.437422122806311">
        <ele>75.76171875</ele>
      </trkpt>
      <trkpt lat="-34.001660021021962" lon="18.437299998477101">
        <ele>77.21484375</ele>
      </trkpt>
      <trkpt lat="-34.001339999958873" lon="18.437009984627366">
        <ele>76.171875</ele>
      </trkpt>
      <trkpt lat="-34.000650001689792" lon="18.436349993571639">
        <ele>86.07421875</ele>
      </trkpt>
      <trkpt lat="-34.00035185739398" lon="18.43606517650187">
        <ele>88.6796875</ele>
      </trkpt>
      <trkpt lat="-34.000289998948574" lon="18.435929976403713">
        <ele>88.16796875</ele>
      </trkpt>
      <trkpt lat="-34.000133173540235" lon="18.435420859605074">
        <ele>85.828125</ele>
      </trkpt>
      <trkpt lat="-33.999880962073803" lon="18.435156662017107">
        <ele>92.8125</ele>
      </trkpt>
      <trkpt lat="-33.999709971249104" lon="18.434839993715286">
        <ele>96.31640625</ele>
      </trkpt>
      <trkpt lat="-33.999370001256466" lon="18.434049999341369">
        <ele>98.1328125</ele>
      </trkpt>
      <trkpt lat="-33.999230023473501" lon="18.433610033243895">
        <ele>103.7109375</ele>
      </trkpt>
      <trkpt lat="-33.999030031263828" lon="18.433180041611195">
        <ele>107.94140625</ele>
      </trkpt>
      <trkpt lat="-33.998759966343641" lon="18.432619962841272">
        <ele>114.69140625</ele>
      </trkpt>
      <trkpt lat="-33.998635411262512" lon="18.432487025856972">
        <ele>116.91015625</ele>
      </trkpt>
      <trkpt lat="-33.99849752895534" lon="18.432053010910749">
        <ele>118.35546875</ele>
      </trkpt>
      <trkpt lat="-33.998489985242486" lon="18.431759979575872">
        <ele>117.72265625</ele>
      </trkpt>
      <trkpt lat="-33.998601799830794" lon="18.431508187204599">
        <ele>116.77734375</ele>
      </trkpt>
      <trkpt lat="-33.998591741546988" lon="18.431246588006616">
        <ele>116.03125</ele>
      </trkpt>
      <trkpt lat="-33.998486716300249" lon="18.431158158928156">
        <ele>117.09765625</ele>
      </trkpt>
      <trkpt lat="-33.997891684994102" lon="18.431143742054701">
        <ele>119.96875</ele>
      </trkpt>
      <trkpt lat="-33.997750030830503" lon="18.431069981306791">
        <ele>122.171875</ele>
      </trkpt>
      <trkpt lat="-33.997260024771094" lon="18.430579975247383">
        <ele>128.390625</ele>
      </trkpt>
      <trkpt lat="-33.997019967064261" lon="18.430390041321516">
        <ele>129.63671875</ele>
      </trkpt>
      <trkpt lat="-33.996634650975466" lon="18.43021871522069">
        <ele>130.91796875</ele>
      </trkpt>
      <trkpt lat="-33.996556783095002" lon="18.430072451010346">
        <ele>131.8203125</ele>
      </trkpt>
      <trkpt lat="-33.996571283787489" lon="18.429846810176969">
        <ele>133.37109375</ele>
      </trkpt>
      <trkpt lat="-33.996400041505694" lon="18.429619995877147">
        <ele>141.703125</ele>
      </trkpt>
      <trkpt lat="-33.995850021019578" lon="18.428920023143291">
        <ele>140.453125</ele>
      </trkpt>
      <trkpt lat="-33.996289987117052" lon="18.428649958223104">
        <ele>134.890625</ele>
      </trkpt>
      <trkpt lat="-33.99661629460752" lon="18.428428843617439">
        <ele>135.08984375</ele>
      </trkpt>
      <trkpt lat="-33.996618473902345" lon="18.428105218335986">
        <ele>138.59765625</ele>
      </trkpt>
      <trkpt lat="-33.996659964323044" lon="18.427859963849187">
        <ele>141.39453125</ele>
      </trkpt>
      <trkpt lat="-33.996830033138394" lon="18.427510019391775">
        <ele>145.87890625</ele>
      </trkpt>
      <trkpt lat="-33.997081322595477" lon="18.427327377721667">
        <ele>149.859375</ele>
      </trkpt>
      <trkpt lat="-33.997402181848884" lon="18.427245821803808">
        <ele>155.58203125</ele>
      </trkpt>
      <trkpt lat="-33.997636456042528" lon="18.427252359688282">
        <ele>159.546875</ele>
      </trkpt>
      <trkpt lat="-33.998215226456523" lon="18.42728647403419">
        <ele>165.82421875</ele>
      </trkpt>
      <trkpt lat="-33.998379847034812" lon="18.427244899794459">
        <ele>169.5859375</ele>
      </trkpt>
      <trkpt lat="-33.998479507863522" lon="18.426951197907329">
        <ele>176.28515625</ele>
      </trkpt>
      <trkpt lat="-33.998280940577388" lon="18.426403608173132">
        <ele>186.92578125</ele>
      </trkpt>
      <trkpt lat="-33.998440029099584" lon="18.426330015063286">
        <ele>185.9453125</ele>
      </trkpt>
      <trkpt lat="-33.998840013518929" lon="18.426179978996515">
        <ele>195.74609375</ele>
      </trkpt>
      <trkpt lat="-33.998770024627447" lon="18.426019968464971">
        <ele>201.1484375</ele>
      </trkpt>
      <trkpt lat="-33.99849995970726" lon="18.425759961828589">
        <ele>208.66015625</ele>
      </trkpt>
      <trkpt lat="-33.998441454023123" lon="18.425723500549793">
        <ele>209.890625</ele>
      </trkpt>
      <trkpt lat="-33.99841002188623" lon="18.425649991258979">
        <ele>210.7890625</ele>
      </trkpt>
      <trkpt lat="-33.998315474018455" lon="18.425609841942787">
        <ele>211.7578125</ele>
      </trkpt>
      <trkpt lat="-33.998280018568039" lon="18.425519987940788">
        <ele>212.66015625</ele>
      </trkpt>
      <trkpt lat="-33.998173819854856" lon="18.425401551648974">
        <ele>214.55859375</ele>
      </trkpt>
      <trkpt lat="-33.998140040785074" lon="18.425150010734797">
        <ele>218.2578125</ele>
      </trkpt>
      <trkpt lat="-33.998188823461533" lon="18.425041800364852">
        <ele>219.24609375</ele>
      </trkpt>
      <trkpt lat="-33.998189326375723" lon="18.424859410151839">
        <ele>220.98828125</ele>
      </trkpt>
      <trkpt lat="-33.998104417696595" lon="18.424700992181897">
        <ele>221.58203125</ele>
      </trkpt>
      <trkpt lat="-33.998099975287914" lon="18.42459999024868">
        <ele>221.76953125</ele>
      </trkpt>
      <trkpt lat="-33.998140040785074" lon="18.424499994143844">
        <ele>220.73828125</ele>
      </trkpt>
      <trkpt lat="-33.998135849833488" lon="18.424302516505122">
        <ele>219.8984375</ele>
      </trkpt>
      <trkpt lat="-33.997928062453866" lon="18.42413580045104">
        <ele>223.77734375</ele>
      </trkpt>
      <trkpt lat="-33.997669983655214" lon="18.424100009724498">
        <ele>226.62109375</ele>
      </trkpt>
      <trkpt lat="-33.99753687903285" lon="18.424021219834685">
        <ele>227.75</ele>
      </trkpt>
      <trkpt lat="-33.997430009767413" lon="18.42401996254921">
        <ele>229.16796875</ele>
      </trkpt>
      <trkpt lat="-33.997356668114662" lon="18.423942681401968">
        <ele>230.88671875</ele>
      </trkpt>
      <trkpt lat="-33.996940003708005" lon="18.422629991546273">
        <ele>241.53125</ele>
      </trkpt>
      <trkpt lat="-33.996909996494651" lon="18.422030014917254">
        <ele>256</ele>
      </trkpt>
      <trkpt lat="-33.996949978172779" lon="18.421579990535975">
        <ele>266.01171875</ele>
      </trkpt>
      <trkpt lat="-33.997069504112005" lon="18.421563813462853">
        <ele>264.78515625</ele>
      </trkpt>
      <trkpt lat="-33.997103534638882" lon="18.421593401581049">
        <ele>264.28515625</ele>
      </trkpt>
      <trkpt lat="-33.997160028666258" lon="18.420680025592446">
        <ele>287.91015625</ele>
      </trkpt>
      <trkpt lat="-33.997139995917678" lon="18.420439967885613">
        <ele>291.8359375</ele>
      </trkpt>
      <trkpt lat="-33.997030025348067" lon="18.420050041750073">
        <ele>298.69921875</ele>
      </trkpt>
      <trkpt lat="-33.996878983452916" lon="18.419718788936734">
        <ele>301.8515625</ele>
      </trkpt>
      <trkpt lat="-33.996772952377796" lon="18.419809732586145">
        <ele>298.75390625</ele>
      </trkpt>
      <trkpt lat="-33.996600033715367" lon="18.420480033382773">
        <ele>284.98046875</ele>
      </trkpt>
      <trkpt lat="-33.996599111706018" lon="18.420732244849205">
        <ele>280.33984375</ele>
      </trkpt>
      <trkpt lat="-33.996529961004853" lon="18.420880017802119">
        <ele>281.08203125</ele>
      </trkpt>
      <trkpt lat="-33.996380008757114" lon="18.4211400244385">
        <ele>284.32421875</ele>
      </trkpt>
      <trkpt lat="-33.99635000154376" lon="18.421489968895912">
        <ele>280.515625</ele>
      </trkpt>
      <trkpt lat="-33.996189991012216" lon="18.421800015494227">
        <ele>278.3125</ele>
      </trkpt>
      <trkpt lat="-33.995499992743134" lon="18.4220000077039">
        <ele>283.66015625</ele>
      </trkpt>
      <trkpt lat="-33.995509967207909" lon="18.4220000077039">
        <ele>283.4609375</ele>
      </trkpt>
      <trkpt lat="-33.995009986683726" lon="18.4220000077039">
        <ele>293.859375</ele>
      </trkpt>
      <trkpt lat="-33.994519980624318" lon="18.421800015494227">
        <ele>301.84375</ele>
      </trkpt>
      <trkpt lat="-33.99402997456491" lon="18.421459961682558">
        <ele>313.703125</ele>
      </trkpt>
      <trkpt lat="-33.993580034002662" lon="18.421370023861527">
        <ele>317.1796875</ele>
      </trkpt>
      <trkpt lat="-33.99343578144908" lon="18.421426182612777">
        <ele>318.59375</ele>
      </trkpt>
      <trkpt lat="-33.993429997935891" lon="18.421649979427457">
        <ele>316.16796875</ele>
      </trkpt>
      <trkpt lat="-33.993429997935891" lon="18.421649979427457">
        <ele>316.16796875</ele>
      </trkpt>
      <trkpt lat="-33.993260012939572" lon="18.421779982745647">
        <ele>324.9921875</ele>
      </trkpt>
      <trkpt lat="-33.993020039051771" lon="18.421919960528612">
        <ele>333.65234375</ele>
      </trkpt>
      <trkpt lat="-33.992885844781995" lon="18.422032697126269">
        <ele>336.00390625</ele>
      </trkpt>
      <trkpt lat="-33.992379996925592" lon="18.422149959951639">
        <ele>330.01953125</ele>
      </trkpt>
      <trkpt lat="-33.992169192060828" lon="18.422191701829433">
        <ele>327.859375</ele>
      </trkpt>
      <trkpt lat="-33.991970038041472" lon="18.422330003231764">
        <ele>323.73828125</ele>
      </trkpt>
      <trkpt lat="-33.991229999810457" lon="18.42272998765111">
        <ele>329.0859375</ele>
      </trkpt>
      <trkpt lat="-33.99064133875072" lon="18.422985970973969">
        <ele>325.421875</ele>
      </trkpt>
      <trkpt lat="-33.989910017699003" lon="18.423110023140907">
        <ele>323.37109375</ele>
      </trkpt>
      <trkpt lat="-33.989529982209206" lon="18.423020001500845">
        <ele>325.66015625</ele>
      </trkpt>
      <trkpt lat="-33.988630017265677" lon="18.422620017081499">
        <ele>318.8046875</ele>
      </trkpt>
      <trkpt lat="-33.988159960135818" lon="18.422220032662153">
        <ele>317.515625</ele>
      </trkpt>
      <trkpt lat="-33.988070022314787" lon="18.421960026025772">
        <ele>330.015625</ele>
      </trkpt>
      <trkpt lat="-33.988026268780231" lon="18.421967569738626">
        <ele>328.546875</ele>
      </trkpt>
      <trkpt lat="-33.988007744774222" lon="18.421969162300229">
        <ele>328.01953125</ele>
      </trkpt>
      <trkpt lat="-33.987892493605614" lon="18.421977963298559">
        <ele>325.16015625</ele>
      </trkpt>
      <trkpt lat="-33.987849997356534" lon="18.422009982168674">
        <ele>323.76171875</ele>
      </trkpt>
      <trkpt lat="-33.987650005146861" lon="18.422220032662153">
        <ele>314.125</ele>
      </trkpt>
      <trkpt lat="-33.987310035154223" lon="18.422269988805056">
        <ele>320.21484375</ele>
      </trkpt>
      <trkpt lat="-33.987120017409325" lon="18.422399992123246">
        <ele>325.33203125</ele>
      </trkpt>
      <trkpt lat="-33.987269969657063" lon="18.422799976542592">
        <ele>311.05859375</ele>
      </trkpt>
      <trkpt lat="-33.987312046810985" lon="18.422966692596674">
        <ele>305.828125</ele>
      </trkpt>
      <trkpt lat="-33.987269969657063" lon="18.423129972070456">
        <ele>305.4375</ele>
      </trkpt>
      <trkpt lat="-33.987090010195971" lon="18.423459967598319">
        <ele>302.8125</ele>
      </trkpt>
      <trkpt lat="-33.986960593611002" lon="18.423537332564592">
        <ele>305.9921875</ele>
      </trkpt>
      <trkpt lat="-33.986771162599325" lon="18.423790885135531">
        <ele>300.96875</ele>
      </trkpt>
      <trkpt lat="-33.986539989709854" lon="18.423870010301471">
        <ele>306.0234375</ele>
      </trkpt>
      <trkpt lat="-33.986339997500181" lon="18.423939999192953">
        <ele>307.73828125</ele>
      </trkpt>
      <trkpt lat="-33.9860799908638" lon="18.42406002804637">
        <ele>307.55859375</ele>
      </trkpt>
      <trkpt lat="-33.985859965905547" lon="18.424130016937852">
        <ele>307.74609375</ele>
      </trkpt>
      <trkpt lat="-33.985667014494538" lon="18.42409866861999">
        <ele>311.984375</ele>
      </trkpt>
      <trkpt lat="-33.985450007021427" lon="18.423979980871081">
        <ele>322.74609375</ele>
      </trkpt>
      <trkpt lat="-33.985359985381365" lon="18.424269994720817">
        <ele>305.78125</ele>
      </trkpt>
      <trkpt lat="-33.985223276540637" lon="18.424399495124817">
        <ele>303.0546875</ele>
      </trkpt>
      <trkpt lat="-33.984588347375393" lon="18.424611557275057">
        <ele>305.390625</ele>
      </trkpt>
      <trkpt lat="-33.984379973262548" lon="18.424629997462034">
        <ele>303.90625</ele>
      </trkpt>
      <trkpt lat="-33.984019970521331" lon="18.424420030787587">
        <ele>311.5078125</ele>
      </trkpt>
      <trkpt lat="-33.984000021591783" lon="18.424430005252361">
        <ele>310.8515625</ele>
      </trkpt>
      <trkpt lat="-33.983954004943371" lon="18.424551961943507">
        <ele>304.52734375</ele>
      </trkpt>
      <trkpt lat="-33.983819978311658" lon="18.42459999024868">
        <ele>301.6484375</ele>
      </trkpt>
      <trkpt lat="-33.9835000410676" lon="18.424450038000941">
        <ele>307.0234375</ele>
      </trkpt>
      <trkpt lat="-33.983328882604837" lon="18.424472250044346">
        <ele>305.1328125</ele>
      </trkpt>
      <trkpt lat="-33.982680039480329" lon="18.423970006406307">
        <ele>324.33203125</ele>
      </trkpt>
      <trkpt lat="-33.982339985668659" lon="18.423779988661408">
        <ele>327.75</ele>
      </trkpt>
      <trkpt lat="-33.982197660952806" lon="18.423760375007987">
        <ele>328.05859375</ele>
      </trkpt>
      <trkpt lat="-33.982123481109738" lon="18.423769092187285">
        <ele>327.40625</ele>
      </trkpt>
      <trkpt lat="-33.982046199962497" lon="18.423850564286113">
        <ele>326.8203125</ele>
      </trkpt>
      <trkpt lat="-33.982032621279359" lon="18.423945615068078">
        <ele>325.5625</ele>
      </trkpt>
      <trkpt lat="-33.982030022889376" lon="18.424560008570552">
        <ele>320.04296875</ele>
      </trkpt>
      <trkpt lat="-33.982080901041627" lon="18.424953371286392">
        <ele>316.5234375</ele>
      </trkpt>
      <trkpt lat="-33.982055503875017" lon="18.425188399851322">
        <ele>318.01953125</ele>
      </trkpt>
      <trkpt lat="-33.981849979609251" lon="18.425789969041944">
        <ele>327.39453125</ele>
      </trkpt>
      <trkpt lat="-33.981670020148158" lon="18.426049975678325">
        <ele>331.36328125</ele>
      </trkpt>
      <trkpt lat="-33.981484528630972" lon="18.426209064200521">
        <ele>333.1484375</ele>
      </trkpt>
      <trkpt lat="-33.98120054975152" lon="18.426338899880648">
        <ele>331.80078125</ele>
      </trkpt>
      <trkpt lat="-33.980858568102121" lon="18.426636457443237">
        <ele>328.984375</ele>
      </trkpt>
      <trkpt lat="-33.980529997497797" lon="18.426869977265596">
        <ele>329.48828125</ele>
      </trkpt>
      <trkpt lat="-33.980239983648062" lon="18.426929991692305">
        <ele>336.65234375</ele>
      </trkpt>
      <trkpt lat="-33.979660039767623" lon="18.426939966157079">
        <ele>355.35546875</ele>
      </trkpt>
      <trkpt lat="-33.979670014232397" lon="18.426939966157079">
        <ele>355.1484375</ele>
      </trkpt>
      <trkpt lat="-33.979159975424409" lon="18.427039962261915">
        <ele>346.78515625</ele>
      </trkpt>
      <trkpt lat="-33.978937016800046" lon="18.426991011947393">
        <ele>346.88671875</ele>
      </trkpt>
      <trkpt lat="-33.978777173906565" lon="18.42705043964088">
        <ele>343.24609375</ele>
      </trkpt>
      <trkpt lat="-33.978690002113581" lon="18.427210031077266">
        <ele>341.99609375</ele>
      </trkpt>
      <trkpt lat="-33.978648092597723" lon="18.427417064085603">
        <ele>342.37890625</ele>
      </trkpt>
      <trkpt lat="-33.978669969365001" lon="18.427600041031837">
        <ele>342.59765625</ele>
      </trkpt>
      <trkpt lat="-33.978620013222098" lon="18.427870022132993">
        <ele>348.5859375</ele>
      </trkpt>
      <trkpt lat="-33.978529991582036" lon="18.427959959954023">
        <ele>355.59375</ele>
      </trkpt>
      <trkpt lat="-33.97845002822578" lon="18.427930036559701">
        <ele>361.859375</ele>
      </trkpt>
      <trkpt lat="-33.978269984945655" lon="18.427840014919639">
        <ele>373.94921875</ele>
      </trkpt>
      <trkpt lat="-33.978179963305593" lon="18.427749993279576">
        <ele>380.37109375</ele>
      </trkpt>
      <trkpt lat="-33.978060018271208" lon="18.427380016073585">
        <ele>386.11328125</ele>
      </trkpt>
      <trkpt lat="-33.977890033274889" lon="18.42722000554204">
        <ele>399.51953125</ele>
      </trkpt>
      <trkpt lat="-33.977660033851862" lon="18.42724003829062">
        <ele>415.9453125</ele>
      </trkpt>
      <trkpt lat="-33.977509997785091" lon="18.427210031077266">
        <ele>426.96875</ele>
      </trkpt>
      <trkpt lat="-33.977460041642189" lon="18.427159991115332">
        <ele>430.9296875</ele>
      </trkpt>
      <trkpt lat="-33.977349987253547" lon="18.426980031654239">
        <ele>441.5</ele>
      </trkpt>
      <trkpt lat="-33.977300031110644" lon="18.426969973370433">
        <ele>445.09765625</ele>
      </trkpt>
      <trkpt lat="-33.97711998783052" lon="18.427169965580106">
        <ele>453.48046875</ele>
      </trkpt>
      <trkpt lat="-33.976919995620847" lon="18.427280019968748">
        <ele>462.2734375</ele>
      </trkpt>
      <trkpt lat="-33.976629981771111" lon="18.42732997611165">
        <ele>472.16015625</ele>
      </trkpt>
      <trkpt lat="-33.976269979029894" lon="18.42767002992332">
        <ele>477.640625</ele>
      </trkpt>
      <trkpt lat="-33.976139975711703" lon="18.428030032664537">
        <ele>477.375</ele>
      </trkpt>
      <trkpt lat="-33.976120026782155" lon="18.428370002657175">
        <ele>471.38671875</ele>
      </trkpt>
      <trkpt lat="-33.976180041208863" lon="18.428500005975366">
        <ele>465.50390625</ele>
      </trkpt>
      <trkpt lat="-33.976280456408858" lon="18.428611401468515">
        <ele>457.08984375</ele>
      </trkpt>
      <trkpt lat="-33.97641004063189" lon="18.428669990971684">
        <ele>449.0546875</ele>
      </trkpt>
      <trkpt lat="-33.976480616256595" lon="18.42872304841876">
        <ele>443.765625</ele>
      </trkpt>
      <trkpt lat="-33.976480029523373" lon="18.428820027038455">
        <ele>439.828125</ele>
      </trkpt>
      <trkpt lat="-33.976339967921376" lon="18.429220011457801">
        <ele>430.765625</ele>
      </trkpt>
      <trkpt lat="-33.976060012355447" lon="18.429759973660111">
        <ele>419.421875</ele>
      </trkpt>
      <trkpt lat="-33.975779972970486" lon="18.430300019681454">
        <ele>413.3046875</ele>
      </trkpt>
      <trkpt lat="-33.975779972970486" lon="18.430289961397648">
        <ele>413.546875</ele>
      </trkpt>
      <trkpt lat="-33.97548995912075" lon="18.430790025740862">
        <ele>406.875</ele>
      </trkpt>
      <trkpt lat="-33.975330032408237" lon="18.431199984624982">
        <ele>396.07421875</ele>
      </trkpt>
      <trkpt lat="-33.974840026348829" lon="18.431940022855997">
        <ele>383.09765625</ele>
      </trkpt>
      <trkpt lat="-33.974710023030639" lon="18.432070026174188">
        <ele>382.66015625</ele>
      </trkpt>
      <trkpt lat="-33.974399222061038" lon="18.432284854352474">
        <ele>382.51171875</ele>
      </trkpt>
      <trkpt lat="-33.974060006439686" lon="18.432249985635281">
        <ele>386.98046875</ele>
      </trkpt>
      <trkpt lat="-33.973920028656721" lon="18.432200029492378">
        <ele>387.48046875</ele>
      </trkpt>
      <trkpt lat="-33.973609982058406" lon="18.432040018960834">
        <ele>388.6171875</ele>
      </trkpt>
      <trkpt lat="-33.973340000957251" lon="18.432100033387542">
        <ele>382.53125</ele>
      </trkpt>
      <trkpt lat="-33.973049987107515" lon="18.432389963418245">
        <ele>384.94140625</ele>
      </trkpt>
      <trkpt lat="-33.973054848611355" lon="18.432796569541097">
        <ele>381.0234375</ele>
      </trkpt>
      <trkpt lat="-33.972909254953265" lon="18.433049451559782">
        <ele>384.23046875</ele>
      </trkpt>
      <trkpt lat="-33.971600001677871" lon="18.433959977701306">
        <ele>378.0859375</ele>
      </trkpt>
      <trkpt lat="-33.971100021153688" lon="18.434119988232851">
        <ele>369.01171875</ele>
      </trkpt>
      <trkpt lat="-33.970999270677567" lon="18.434063494205475">
        <ele>369.71875</ele>
      </trkpt>
      <trkpt lat="-33.970943698659539" lon="18.433980429545045">
        <ele>372.71875</ele>
      </trkpt>
      <trkpt lat="-33.970900028944016" lon="18.43385998159647">
        <ele>378.4609375</ele>
      </trkpt>
      <trkpt lat="-33.970841523259878" lon="18.433827292174101">
        <ele>380.60546875</ele>
      </trkpt>
      <trkpt lat="-33.970764745026827" lon="18.43382871709764">
        <ele>381.21484375</ele>
      </trkpt>
      <trkpt lat="-33.970269961282611" lon="18.434170028194785">
        <ele>369.046875</ele>
      </trkpt>
      <trkpt lat="-33.970115482807159" lon="18.434377228841186">
        <ele>364.20703125</ele>
      </trkpt>
      <trkpt lat="-33.969939965754747" lon="18.434430034831166">
        <ele>367.15234375</ele>
      </trkpt>
      <trkpt lat="-33.96959999576211" lon="18.434459958225489">
        <ele>371.86328125</ele>
      </trkpt>
      <trkpt lat="-33.969398830085993" lon="18.434683168306947">
        <ele>368.88671875</ele>
      </trkpt>
      <trkpt lat="-33.969186935573816" lon="18.434735974296927">
        <ele>379.46875</ele>
      </trkpt>
      <trkpt lat="-33.969130022451282" lon="18.434839993715286">
        <ele>380.921875</ele>
      </trkpt>
      <trkpt lat="-33.969131950289011" lon="18.434942504391074">
        <ele>379.70703125</ele>
      </trkpt>
      <trkpt lat="-33.969200011342764" lon="18.43516998924315">
        <ele>374.16015625</ele>
      </trkpt>
      <trkpt lat="-33.969160029664636" lon="18.435569973662496">
        <ele>371.48828125</ele>
      </trkpt>
      <trkpt lat="-33.969039246439934" lon="18.435782119631767">
        <ele>372.65625</ele>
      </trkpt>
      <trkpt lat="-33.968680333346128" lon="18.43608520925045">
        <ele>373.17578125</ele>
      </trkpt>
      <trkpt lat="-33.968240031972528" lon="18.4366300329566">
        <ele>363.25</ele>
      </trkpt>
      <trkpt lat="-33.968049176037312" lon="18.436752744019032">
        <ele>361.0234375</ele>
      </trkpt>
      <trkpt lat="-33.967826385051012" lon="18.436742015182972">
        <ele>359.8125</ele>
      </trkpt>
      <trkpt lat="-33.96740997210145" lon="18.436280004680157">
        <ele>369.8984375</ele>
      </trkpt>
      <trkpt lat="-33.96716077812016" lon="18.436154779046774">
        <ele>369.828125</ele>
      </trkpt>
      <trkpt lat="-33.966960031539202" lon="18.435940034687519">
        <ele>381.09765625</ele>
      </trkpt>
      <trkpt lat="-33.966820137575269" lon="18.435973059386015">
        <ele>379.05078125</ele>
      </trkpt>
      <trkpt lat="-33.966719973832369" lon="18.436080012470484">
        <ele>374.6796875</ele>
      </trkpt>
      <trkpt lat="-33.966595586389303" lon="18.436261396855116">
        <ele>365.87890625</ele>
      </trkpt>
      <trkpt lat="-33.966510007157922" lon="18.436289979144931">
        <ele>365.58984375</ele>
      </trkpt>
      <trkpt lat="-33.966259974986315" lon="18.436219990253448">
        <ele>370.2109375</ele>
      </trkpt>
      <trkpt lat="-33.965859990566969" lon="18.435970041900873">
        <ele>381.890625</ele>
      </trkpt>
      <trkpt lat="-33.965780027210712" lon="18.435950009152293">
        <ele>382.90234375</ele>
      </trkpt>
      <trkpt lat="-33.965613478794694" lon="18.435980854555964">
        <ele>381.09375</ele>
      </trkpt>
      <trkpt lat="-33.965473752468824" lon="18.436026787385345">
        <ele>379.796875</ele>
      </trkpt>
      <trkpt lat="-33.965309970080853" lon="18.436280004680157">
        <ele>375.44140625</ele>
      </trkpt>
      <trkpt lat="-33.965100003406405" lon="18.436689963564277">
        <ele>376.453125</ele>
      </trkpt>
      <trkpt lat="-33.964500026777387" lon="18.437309972941875">
        <ele>375.2578125</ele>
      </trkpt>
      <trkpt lat="-33.963940031826496" lon="18.437759997323155">
        <ele>373.58984375</ele>
      </trkpt>
      <trkpt lat="-33.963510040193796" lon="18.438340025022626">
        <ele>376.921875</ele>
      </trkpt>
      <trkpt lat="-33.963429909199476" lon="18.438381096348166">
        <ele>378.0703125</ele>
      </trkpt>
      <trkpt lat="-33.963539293035865" lon="18.438534652814269">
        <ele>371.703125</ele>
      </trkpt>
      <trkpt lat="-33.963810028508306" lon="18.43880002386868">
        <ele>359.265625</ele>
      </trkpt>
      <trkpt lat="-33.963940031826496" lon="18.439030023291707">
        <ele>347.23046875</ele>
      </trkpt>
      <trkpt lat="-33.964070035144687" lon="18.439339986070991">
        <ele>327.3984375</ele>
      </trkpt>
      <trkpt lat="-33.964570015668869" lon="18.440059991553426">
        <ele>301.29296875</ele>
      </trkpt>
      <trkpt lat="-33.964773779734969" lon="18.440162418410182">
        <ele>295.390625</ele>
      </trkpt>
      <trkpt lat="-33.964770007878542" lon="18.440329972654581">
        <ele>292.04296875</ele>
      </trkpt>
      <trkpt lat="-33.965009981766343" lon="18.440759964287281">
        <ele>280.81640625</ele>
      </trkpt>
      <trkpt lat="-33.965169992297888" lon="18.441130025312304">
        <ele>270.921875</ele>
      </trkpt>
      <trkpt lat="-33.965399991720915" lon="18.441300010308623">
        <ele>263.0703125</ele>
      </trkpt>
      <trkpt lat="-33.965520020574331" lon="18.441449962556362">
        <ele>255.4765625</ele>
      </trkpt>
      <trkpt lat="-33.965220032259822" lon="18.441650038585067">
        <ele>256.46484375</ele>
      </trkpt>
      <trkpt lat="-33.96467998623848" lon="18.441860005259514">
        <ele>265.21875</ele>
      </trkpt>
      <trkpt lat="-33.964389972388744" lon="18.441799990832806">
        <ele>275.12890625</ele>
      </trkpt>
      <trkpt lat="-33.964370023459196" lon="18.442099979147315">
        <ele>274.4453125</ele>
      </trkpt>
      <trkpt lat="-33.964155111461878" lon="18.443182082846761">
        <ele>275.5234375</ele>
      </trkpt>
      <trkpt lat="-33.964147819206119" lon="18.443424319848418">
        <ele>271.98046875</ele>
      </trkpt>
      <trkpt lat="-33.964098617434502" lon="18.443634286522865">
        <ele>269.53125</ele>
      </trkpt>
      <trkpt lat="-33.963940786197782" lon="18.443801002576947">
        <ele>270.32421875</ele>
      </trkpt>
      <trkpt lat="-33.963919999077916" lon="18.443939974531531">
        <ele>267.640625</ele>
      </trkpt>
      <trkpt lat="-33.963740039616823" lon="18.444210039451718">
        <ele>266.28125</ele>
      </trkpt>
      <trkpt lat="-33.963450025767088" lon="18.444380024448037">
        <ele>272.6015625</ele>
      </trkpt>
      <trkpt lat="-33.963309964165092" lon="18.444659980013967">
        <ele>271.62890625</ele>
      </trkpt>
      <trkpt lat="-33.962409999221563" lon="18.445230033248663">
        <ele>279.08984375</ele>
      </trkpt>
      <trkpt lat="-33.962190393358469" lon="18.445329442620277">
        <ele>280.98828125</ele>
      </trkpt>
      <trkpt lat="-33.962010014802217" lon="18.445549970492721">
        <ele>281.40234375</ele>
      </trkpt>
      <trkpt lat="-33.962038345634937" lon="18.445831434801221">
        <ele>276.90625</ele>
      </trkpt>
      <trkpt lat="-33.961989982053638" lon="18.445979962125421">
        <ele>276.43359375</ele>
      </trkpt>
      <trkpt lat="-33.961895434185863" lon="18.446078030392528">
        <ele>277.1796875</ele>
      </trkpt>
      <trkpt lat="-33.961720000952482" lon="18.446129998192191">
        <ele>280.05859375</ele>
      </trkpt>
      <trkpt lat="-33.961540041491389" lon="18.446109965443611">
        <ele>284.140625</ele>
      </trkpt>
      <trkpt lat="-33.961283303797245" lon="18.446047771722078">
        <ele>291.46484375</ele>
      </trkpt>
      <trkpt lat="-33.961099991574883" lon="18.446169979870319">
        <ele>293.3828125</ele>
      </trkpt>
      <trkpt lat="-33.961138213053346" lon="18.446335271000862">
        <ele>289.3125</ele>
      </trkpt>
      <trkpt lat="-33.961120024323463" lon="18.446469968184829">
        <ele>288.78515625</ele>
      </trkpt>
      <trkpt lat="-33.961071576923132" lon="18.446508105844259">
        <ele>290.9453125</ele>
      </trkpt>
      <trkpt lat="-33.961068894714117" lon="18.446603240445256">
        <ele>290.35546875</ele>
      </trkpt>
      <trkpt lat="-33.960999995470047" lon="18.44677004031837">
        <ele>292.87890625</ele>
      </trkpt>
      <trkpt lat="-33.961139973253012" lon="18.446910018101335">
        <ele>282.69921875</ele>
      </trkpt>
      <trkpt lat="-33.960999995470047" lon="18.44677004031837">
        <ele>292.87890625</ele>
      </trkpt>
      <trkpt lat="-33.961139973253012" lon="18.446910018101335">
        <ele>282.69921875</ele>
      </trkpt>
      <trkpt lat="-33.961190013214946" lon="18.447070028632879">
        <ele>277.3046875</ele>
      </trkpt>
      <trkpt lat="-33.961250027641654" lon="18.447279995307326">
        <ele>269.3828125</ele>
      </trkpt>
      <trkpt lat="-33.961316663771868" lon="18.447365993633866">
        <ele>265.4921875</ele>
      </trkpt>
      <trkpt lat="-33.960950039327145" lon="18.447590041905642">
        <ele>267.78125</ele>
      </trkpt>
      <trkpt lat="-33.960739988833666" lon="18.447949960827827">
        <ele>262.0390625</ele>
      </trkpt>
      <trkpt lat="-33.960720039904118" lon="18.448409959673882">
        <ele>254.60546875</ele>
      </trkpt>
      <trkpt lat="-33.960627000778913" lon="18.448528060689569">
        <ele>254.84375</ele>
      </trkpt>
      <trkpt lat="-33.960270015522838" lon="18.448720006272197">
        <ele>260.25390625</ele>
      </trkpt>
      <trkpt lat="-33.960228189826012" lon="18.448906168341637">
        <ele>258.5390625</ele>
      </trkpt>
      <trkpt lat="-33.960270015522838" lon="18.449089983478189">
        <ele>254.2578125</ele>
      </trkpt>
      <trkpt lat="-33.960400018841028" lon="18.449200037866831">
        <ele>248.0703125</ele>
      </trkpt>
      <trkpt lat="-33.960560029372573" lon="18.44934999011457">
        <ele>240.8125</ele>
      </trkpt>
      <trkpt lat="-33.960630018264055" lon="18.449519975110888">
        <ele>235.98828125</ele>
      </trkpt>
      <trkpt lat="-33.960720039904118" lon="18.449670011177659">
        <ele>231.29296875</ele>
      </trkpt>
      <trkpt lat="-33.960739988833666" lon="18.450039988383651">
        <ele>224.328125</ele>
      </trkpt>
      <trkpt lat="-33.960669999942183" lon="18.45025003887713">
        <ele>221.2890625</ele>
      </trkpt>
      <trkpt lat="-33.960534045472741" lon="18.450425807386637">
        <ele>219.32421875</ele>
      </trkpt>
      <trkpt lat="-33.960298765450716" lon="18.450553715229034">
        <ele>220.15625</ele>
      </trkpt>
      <trkpt lat="-33.960720039904118" lon="18.450520019978285">
        <ele>214.1328125</ele>
      </trkpt>
      <trkpt lat="-33.961099991574883" lon="18.450509961694479">
        <ele>206.58984375</ele>
      </trkpt>
      <trkpt lat="-33.96137835457921" lon="18.450292954221368">
        <ele>204.8671875</ele>
      </trkpt>
      <trkpt lat="-33.961819997057319" lon="18.450199998915195">
        <ele>198.6796875</ele>
      </trkpt>
      <trkpt lat="-33.962059384211898" lon="18.449682835489511">
        <ele>195.703125</ele>
      </trkpt>
      <trkpt lat="-33.96214110776782" lon="18.449647380039096">
        <ele>189.1171875</ele>
      </trkpt>
      <trkpt lat="-33.962280414998531" lon="18.449684428051114">
        <ele>202.453125</ele>
      </trkpt>
      <trkpt lat="-33.962425505742431" lon="18.449622318148613">
        <ele>184.48046875</ele>
      </trkpt>
      <trkpt lat="-33.962771510705352" lon="18.449595328420401">
        <ele>180.2890625</ele>
      </trkpt>
      <trkpt lat="-33.963207118213177" lon="18.449590383097529">
        <ele>178.3359375</ele>
      </trkpt>
      <trkpt lat="-33.963752444833517" lon="18.449186375364661">
        <ele>179.80859375</ele>
      </trkpt>
      <trkpt lat="-33.964416375383735" lon="18.448902647942305">
        <ele>178.3046875</ele>
      </trkpt>
      <trkpt lat="-33.964969161897898" lon="18.448681868612766">
        <ele>176.25</ele>
      </trkpt>
      <trkpt lat="-33.966831956058741" lon="18.448105361312628">
        <ele>172.75390625</ele>
      </trkpt>
      <trkpt lat="-33.966162325814366" lon="18.449218645691872">
        <ele>170.82421875</ele>
      </trkpt>
      <trkpt lat="-33.964532464742661" lon="18.451497852802277">
        <ele>167.953125</ele>
      </trkpt>
      <trkpt lat="-33.964451998472214" lon="18.452069666236639">
        <ele>159.3046875</ele>
      </trkpt>
      <trkpt lat="-33.964462140575051" lon="18.452460346743464">
        <ele>156.0859375</ele>
      </trkpt>
      <trkpt lat="-33.964424505829811" lon="18.452881621196866">
        <ele>146.546875</ele>
      </trkpt>
      <trkpt lat="-33.964762631803751" lon="18.453092928975821">
        <ele>146.14453125</ele>
      </trkpt>
      <trkpt lat="-33.964924402534962" lon="18.453359808772802">
        <ele>144.359375</ele>
      </trkpt>
      <trkpt lat="-33.964932449162006" lon="18.45361327752471">
        <ele>143.2890625</ele>
      </trkpt>
      <trkpt lat="-33.96490721963346" lon="18.453880995512009">
        <ele>143.8046875</ele>
      </trkpt>
      <trkpt lat="-33.964625503867865" lon="18.454012256115675">
        <ele>140.7578125</ele>
      </trkpt>
      <trkpt lat="-33.964491309598088" lon="18.454126417636871">
        <ele>135.00390625</ele>
      </trkpt>
      <trkpt lat="-33.964383518323302" lon="18.454154245555401">
        <ele>135.08984375</ele>
      </trkpt>
      <trkpt lat="-33.964380500838161" lon="18.45422700047493">
        <ele>131.48046875</ele>
      </trkpt>
      <trkpt lat="-33.964377315714955" lon="18.454231945797801">
        <ele>127.88671875</ele>
      </trkpt>
      <trkpt lat="-33.96412686444819" lon="18.454326409846544">
        <ele>121.7734375</ele>
      </trkpt>
      <trkpt lat="-33.963740039616823" lon="18.454750031232834">
        <ele>120.36328125</ele>
      </trkpt>
      <trkpt lat="-33.963539963588119" lon="18.455519992858171">
        <ele>117.55078125</ele>
      </trkpt>
      <trkpt lat="-33.963510040193796" lon="18.456060038879514">
        <ele>113.00390625</ele>
      </trkpt>
      <trkpt lat="-33.963360004127026" lon="18.456679964438081">
        <ele>107.49609375</ele>
      </trkpt>
      <trkpt lat="-33.963196724653244" lon="18.456982048228383">
        <ele>105.12890625</ele>
      </trkpt>
      <trkpt lat="-33.963024392724037" lon="18.45725504681468">
        <ele>104.26953125</ele>
      </trkpt>
      <trkpt lat="-33.963179122656584" lon="18.45789073035121">
        <ele>97.44140625</ele>
      </trkpt>
      <trkpt lat="-33.962890533730388" lon="18.457889473065734">
        <ele>101.50390625</ele>
      </trkpt>
      <trkpt lat="-33.962279995903373" lon="18.457970023155212">
        <ele>109.890625</ele>
      </trkpt>
      <trkpt lat="-33.961925022304058" lon="18.458070941269398">
        <ele>113.1015625</ele>
      </trkpt>
      <trkpt lat="-33.961686305701733" lon="18.457859633490443">
        <ele>112.17578125</ele>
      </trkpt>
      <trkpt lat="-33.961423449218273" lon="18.457724517211318">
        <ele>110.5625</ele>
      </trkpt>
      <trkpt lat="-33.961215494200587" lon="18.457238869741559">
        <ele>105.94140625</ele>
      </trkpt>
      <trkpt lat="-33.960679806768894" lon="18.456764202564955">
        <ele>103.77734375</ele>
      </trkpt>
      <trkpt lat="-33.960546366870403" lon="18.456694884225726">
        <ele>103.8515625</ele>
      </trkpt>
      <trkpt lat="-33.960315026342869" lon="18.456567814573646">
        <ele>104.58203125</ele>
      </trkpt>
      <trkpt lat="-33.960127355530858" lon="18.456370756030083">
        <ele>105.42578125</ele>
      </trkpt>
      <trkpt lat="-33.959862655028701" lon="18.456240585073829">
        <ele>105.3515625</ele>
      </trkpt>
      <trkpt lat="-33.959626955911517" lon="18.455996420234442">
        <ele>106.83203125</ele>
      </trkpt>
      <trkpt lat="-33.959289584308863" lon="18.455798188224435">
        <ele>106.84375</ele>
      </trkpt>
      <trkpt lat="-33.959153378382325" lon="18.455793159082532">
        <ele>106.2421875</ele>
      </trkpt>
      <trkpt lat="-33.958975179120898" lon="18.455708082765341">
        <ele>106.8203125</ele>
      </trkpt>
      <trkpt lat="-33.958814414218068" lon="18.456037407740951">
        <ele>104.6015625</ele>
      </trkpt>
      <trkpt lat="-33.958063144236803" lon="18.456578208133578">
        <ele>105.27734375</ele>
      </trkpt>
      <trkpt lat="-33.957812357693911" lon="18.456735284999013">
        <ele>163.44140625</ele>
      </trkpt>
      <trkpt lat="-33.957548411563039" lon="18.456921530887485">
        <ele>165.19921875</ele>
      </trkpt>
      <trkpt lat="-33.95730659365654" lon="18.457091934978962">
        <ele>167.75</ele>
      </trkpt>
      <trkpt lat="-33.956924127414823" lon="18.457346325740218">
        <ele>164.8046875</ele>
      </trkpt>
      <trkpt lat="-33.956654816865921" lon="18.457539947703481">
        <ele>168.15625</ele>
      </trkpt>
      <trkpt lat="-33.956323396414518" lon="18.457775311544538">
        <ele>167.859375</ele>
      </trkpt>
      <trkpt lat="-33.955960124731064" lon="18.458041604608297">
        <ele>158.5234375</ele>
      </trkpt>
      <trkpt lat="-33.955675307661295" lon="18.458254337310791">
        <ele>159.2578125</ele>
      </trkpt>
      <trkpt lat="-33.95511707291007" lon="18.458609394729137">
        <ele>166.375</ele>
      </trkpt>
      <trkpt lat="-33.954549701884389" lon="18.458778038620949">
        <ele>166.77734375</ele>
      </trkpt>
      <trkpt lat="-33.954405197873712" lon="18.458824055269361">
        <ele>170.03515625</ele>
      </trkpt>
      <trkpt lat="-33.95425415597856" lon="18.458877531811595">
        <ele>171.640625</ele>
      </trkpt>
      <trkpt lat="-33.954178970307112" lon="18.458918100222945">
        <ele>173.85546875</ele>
      </trkpt>
      <trkpt lat="-33.953234162181616" lon="18.45911624841392">
        <ele>166.66015625</ele>
      </trkpt>
      <trkpt lat="-33.952812552452087" lon="18.459144243970513">
        <ele>166.2421875</ele>
      </trkpt>
      <trkpt lat="-33.952569980174303" lon="18.458920028060675">
        <ele>172.421875</ele>
      </trkpt>
      <trkpt lat="-33.952386919409037" lon="18.458869904279709">
        <ele>175.12109375</ele>
      </trkpt>
      <trkpt lat="-33.952299831435084" lon="18.458650633692741">
        <ele>176.59765625</ele>
      </trkpt>
      <trkpt lat="-33.952282229438424" lon="18.458112766966224">
        <ele>178.921875</ele>
      </trkpt>
      <trkpt lat="-33.952250797301531" lon="18.457327969372272">
        <ele>192.4375</ele>
      </trkpt>
      <trkpt lat="-33.95219505764544" lon="18.456941395998001">
        <ele>201.29296875</ele>
      </trkpt>
      <trkpt lat="-33.952100006863475" lon="18.456760011613369">
        <ele>206.015625</ele>
      </trkpt>
      <trkpt lat="-33.952050805091858" lon="18.456626571714878">
        <ele>209.15625</ele>
      </trkpt>
      <trkpt lat="-33.951470023021102" lon="18.456530012190342">
        <ele>210.87890625</ele>
      </trkpt>
      <trkpt lat="-33.951271204277873" lon="18.456390202045441">
        <ele>211.79296875</ele>
      </trkpt>
      <trkpt lat="-33.951070038601756" lon="18.456070013344288">
        <ele>219.25390625</ele>
      </trkpt>
      <trkpt lat="-33.95087524317205" lon="18.455990804359317">
        <ele>219.69921875</ele>
      </trkpt>
      <trkpt lat="-33.950358750298619" lon="18.456177972257137">
        <ele>220.1328125</ele>
      </trkpt>
      <trkpt lat="-33.950312230736017" lon="18.456309987232089">
        <ele>219.10546875</ele>
      </trkpt>
      <trkpt lat="-33.950309967622161" lon="18.45646002329886">
        <ele>215.96875</ele>
      </trkpt>
      <trkpt lat="-33.950339974835515" lon="18.456909963861108">
        <ele>204.80859375</ele>
      </trkpt>
      <trkpt lat="-33.950322791934013" lon="18.457098808139563">
        <ele>201.73828125</ele>
      </trkpt>
      <trkpt lat="-33.950224556028843" lon="18.457231493666768">
        <ele>201.8203125</ele>
      </trkpt>
      <trkpt lat="-33.950123135000467" lon="18.457213221117854">
        <ele>204.30078125</ele>
      </trkpt>
      <trkpt lat="-33.950109975412488" lon="18.457029992714524">
        <ele>209.04296875</ele>
      </trkpt>
      <trkpt lat="-33.950036633759737" lon="18.456926476210356">
        <ele>213.37109375</ele>
      </trkpt>
      <trkpt lat="-33.949879975989461" lon="18.456379976123571">
        <ele>237.05859375</ele>
      </trkpt>
      <trkpt lat="-33.949809987097979" lon="18.456300012767315">
        <ele>242.39453125</ele>
      </trkpt>
      <trkpt lat="-33.949719965457916" lon="18.456089962273836">
        <ele>252.2578125</ele>
      </trkpt>
      <trkpt lat="-33.949549980461597" lon="18.455919977277517">
        <ele>264.78515625</ele>
      </trkpt>
      <trkpt lat="-33.949430035427213" lon="18.455740017816424">
        <ele>273.93359375</ele>
      </trkpt>
      <trkpt lat="-33.94934001378715" lon="18.455529967322946">
        <ele>282.40625</ele>
      </trkpt>
      <trkpt lat="-33.949279999360442" lon="18.455440029501915">
        <ele>285.54296875</ele>
      </trkpt>
      <trkpt lat="-33.949270024895668" lon="18.454969972372055">
        <ele>294.1875</ele>
      </trkpt>
      <trkpt lat="-33.949229959398508" lon="18.454790012910962">
        <ele>297.12890625</ele>
      </trkpt>
      <trkpt lat="-33.949260050430894" lon="18.454486168920994">
        <ele>305.58203125</ele>
      </trkpt>
      <trkpt lat="-33.94925937987864" lon="18.454262120649219">
        <ele>313.56640625</ele>
      </trkpt>
      <trkpt lat="-33.949300032109022" lon="18.453900022432208">
        <ele>324.75</ele>
      </trkpt>
      <trkpt lat="-33.94934001378715" lon="18.453689971938729">
        <ele>330.65625</ele>
      </trkpt>
      <trkpt lat="-33.949370021000504" lon="18.453600034117699">
        <ele>332.99609375</ele>
      </trkpt>
      <trkpt lat="-33.949519973248243" lon="18.453289987519383">
        <ele>340.49609375</ele>
      </trkpt>
      <trkpt lat="-33.949589962139726" lon="18.453150009736419">
        <ele>343.6875</ele>
      </trkpt>
      <trkpt lat="-33.949669171124697" lon="18.452989915385842">
        <ele>346.39453125</ele>
      </trkpt>
      <trkpt lat="-33.949720216915011" lon="18.452849937602878">
        <ele>349.609375</ele>
      </trkpt>
      <trkpt lat="-33.949809987097979" lon="18.452650029212236">
        <ele>355.8046875</ele>
      </trkpt>
      <trkpt lat="-33.949830019846559" lon="18.452520025894046">
        <ele>360.09375</ele>
      </trkpt>
      <trkpt lat="-33.949909983202815" lon="18.452439978718758">
        <ele>363.88671875</ele>
      </trkpt>
      <trkpt lat="-33.949930015951395" lon="18.452320033684373">
        <ele>367.93359375</ele>
      </trkpt>
      <trkpt lat="-33.949969997629523" lon="18.452200004830956">
        <ele>372.22265625</ele>
      </trkpt>
      <trkpt lat="-33.950039986521006" lon="18.452049968764186">
        <ele>378.4765625</ele>
      </trkpt>
      <trkpt lat="-33.950109975412488" lon="18.452019961550832">
        <ele>381.1640625</ele>
      </trkpt>
      <trkpt lat="-33.950130008161068" lon="18.451889958232641">
        <ele>387.078125</ele>
      </trkpt>
      <trkpt lat="-33.950158422812819" lon="18.45178778283298">
        <ele>392.05078125</ele>
      </trkpt>
      <trkpt lat="-33.95022002980113" lon="18.451610002666712">
        <ele>400.06640625</ele>
      </trkpt>
      <trkpt lat="-33.950239643454552" lon="18.451503217220306">
        <ele>404.8125</ele>
      </trkpt>
      <trkpt lat="-33.950279960408807" lon="18.451489973813295">
        <ele>406.0859375</ele>
      </trkpt>
      <trkpt lat="-33.95030896179378" lon="18.451477903872728">
        <ele>407.12890625</ele>
      </trkpt>
      <trkpt lat="-33.950309967622161" lon="18.451349996030331">
        <ele>412.1015625</ele>
      </trkpt>
      <trkpt lat="-33.950369982048869" lon="18.451289981603622">
        <ele>416.08203125</ele>
      </trkpt>
      <trkpt lat="-33.950423542410135" lon="18.451199540868402">
        <ele>420.83203125</ele>
      </trkpt>
      <trkpt lat="-33.950469978153706" lon="18.451129971072078">
        <ele>422.6484375</ele>
      </trkpt>
      <trkpt lat="-33.950522448867559" lon="18.451018072664738">
        <ele>425.9765625</ele>
      </trkpt>
      <trkpt lat="-33.950480036437511" lon="18.450940037146211">
        <ele>428.67578125</ele>
      </trkpt>
      <trkpt lat="-33.950490010902286" lon="18.45081003382802">
        <ele>432.109375</ele>
      </trkpt>
      <trkpt lat="-33.950550025328994" lon="18.45065999776125">
        <ele>436.04296875</ele>
      </trkpt>
      <trkpt lat="-33.950588498264551" lon="18.450568970292807">
        <ele>438.5390625</ele>
      </trkpt>
      <trkpt lat="-33.950542062520981" lon="18.450385993346572">
        <ele>442.33984375</ele>
      </trkpt>
      <trkpt lat="-33.950580032542348" lon="18.450260013341904">
        <ele>445.3359375</ele>
      </trkpt>
      <trkpt lat="-33.950721267610788" lon="18.450079131871462">
        <ele>452.99609375</ele>
      </trkpt>
      <trkpt lat="-33.950599981471896" lon="18.449790040031075">
        <ele>456.8125</ele>
      </trkpt>
      <trkpt lat="-33.950420022010803" lon="18.449270026758313">
        <ele>459.609375</ele>
      </trkpt>
      <trkpt lat="-33.950134115293622" lon="18.447757596150041">
        <ele>457.9765625</ele>
      </trkpt>
      <trkpt lat="-33.949879975989461" lon="18.447170024737716">
        <ele>454.06640625</ele>
      </trkpt>
      <trkpt lat="-33.94979003816843" lon="18.44675000756979">
        <ele>461.78515625</ele>
      </trkpt>
      <trkpt lat="-33.949448810890317" lon="18.445905027911067">
        <ele>459.6796875</ele>
      </trkpt>
      <trkpt lat="-33.949300032109022" lon="18.445549970492721">
        <ele>460.42578125</ele>
      </trkpt>
      <trkpt lat="-33.94918997772038" lon="18.445309996604919">
        <ele>461.4296875</ele>
      </trkpt>
      <trkpt lat="-33.949138093739748" lon="18.445176472887397">
        <ele>463.1875</ele>
      </trkpt>
      <trkpt lat="-33.948922930285335" lon="18.445029286667705">
        <ele>455</ele>
      </trkpt>
      <trkpt lat="-33.948429990559816" lon="18.443790022283792">
        <ele>450.64453125</ele>
      </trkpt>
      <trkpt lat="-33.948340136557817" lon="18.443346535786986">
        <ele>446.99609375</ele>
      </trkpt>
      <trkpt lat="-33.948541218414903" lon="18.442610185593367">
        <ele>453.25390625</ele>
      </trkpt>
      <trkpt lat="-33.94878001883626" lon="18.442299971356988">
        <ele>468.7578125</ele>
      </trkpt>
      <trkpt lat="-33.948559993878007" lon="18.442090004682541">
        <ele>458.44140625</ele>
      </trkpt>
      <trkpt lat="-33.948250031098723" lon="18.441839972510934">
        <ele>449.80859375</ele>
      </trkpt>
      <trkpt lat="-33.948139976710081" lon="18.441569991409779">
        <ele>454.359375</ele>
      </trkpt>
      <trkpt lat="-33.946770038455725" lon="18.439820017665625">
        <ele>451.26171875</ele>
      </trkpt>
      <trkpt lat="-33.946659984067082" lon="18.439469989389181">
        <ele>448.64453125</ele>
      </trkpt>
      <trkpt lat="-33.946729972958565" lon="18.438970008864999">
        <ele>453.5703125</ele>
      </trkpt>
      <trkpt lat="-33.946680016815662" lon="18.438359973952174">
        <ele>448.96484375</ele>
      </trkpt>
      <trkpt lat="-33.946789987385273" lon="18.437880026176572">
        <ele>454.30078125</ele>
      </trkpt>
      <trkpt lat="-33.946659984067082" lon="18.437569979578257">
        <ele>446.89453125</ele>
      </trkpt>
      <trkpt lat="-33.946970030665398" lon="18.436619974672794">
        <ele>455.6328125</ele>
      </trkpt>
      <trkpt lat="-33.9470199868083" lon="18.436040030792356">
        <ele>442.3046875</ele>
      </trkpt>
      <trkpt lat="-33.946989979594946" lon="18.435840038582683">
        <ele>431.40234375</ele>
      </trkpt>
      <trkpt lat="-33.947140015661716" lon="18.435490010306239">
        <ele>424.5</ele>
      </trkpt>
      <trkpt lat="-33.947460036724806" lon="18.435179963707924">
        <ele>423.390625</ele>
      </trkpt>
      <trkpt lat="-33.947960017248988" lon="18.435150040313601">
        <ele>447.94140625</ele>
      </trkpt>
      <trkpt lat="-33.948090020567179" lon="18.435009978711605">
        <ele>449.7734375</ele>
      </trkpt>
      <trkpt lat="-33.948125811293721" lon="18.434853153303266">
        <ele>444.3828125</ele>
      </trkpt>
      <trkpt lat="-33.948580026626587" lon="18.434640001505613">
        <ele>461.48046875</ele>
      </trkpt>
      <trkpt lat="-33.948740037158132" lon="18.434679983183742">
        <ele>469.19140625</ele>
      </trkpt>
      <trkpt lat="-33.948580026626587" lon="18.434770004823804">
        <ele>465.66796875</ele>
      </trkpt>
      <trkpt lat="-33.94878001883626" lon="18.434790037572384">
        <ele>473.7109375</ele>
      </trkpt>
      <trkpt lat="-33.948870040476322" lon="18.434860026463866">
        <ele>479.69140625</ele>
      </trkpt>
      <trkpt lat="-33.948949920013547" lon="18.434695908799767">
        <ele>479.29296875</ele>
      </trkpt>
      <trkpt lat="-33.948940029367805" lon="18.434340013191104">
        <ele>466.46875</ele>
      </trkpt>
      <trkpt lat="-33.949010018259287" lon="18.434300031512976">
        <ele>467.17578125</ele>
      </trkpt>
      <trkpt lat="-33.94921001046896" lon="18.434489965438843">
        <ele>485.26953125</ele>
      </trkpt>
      <trkpt lat="-33.94934244453907" lon="18.434552410617471">
        <ele>494.90625</ele>
      </trkpt>
      <trkpt lat="-33.949570013210177" lon="18.434579987078905">
        <ele>505.53125</ele>
      </trkpt>
      <trkpt lat="-33.949633883312345" lon="18.434504298493266">
        <ele>506.16015625</ele>
      </trkpt>
      <trkpt lat="-33.949570013210177" lon="18.434229958802462">
        <ele>498.1171875</ele>
      </trkpt>
      <trkpt lat="-33.949518632143736" lon="18.434169190004468">
        <ele>494.02734375</ele>
      </trkpt>
      <trkpt lat="-33.949500024318695" lon="18.434070032089949">
        <ele>491.59375</ele>
      </trkpt>
      <trkpt lat="-33.949501868337393" lon="18.433967437595129">
        <ele>492.25</ele>
      </trkpt>
      <trkpt lat="-33.949560038745403" lon="18.433850007131696">
        <ele>498.80078125</ele>
      </trkpt>
      <trkpt lat="-33.94955987110734" lon="18.43365135602653">
        <ele>501.45703125</ele>
      </trkpt>
      <trkpt lat="-33.949489463120699" lon="18.433454968035221">
        <ele>496.921875</ele>
      </trkpt>
      <trkpt lat="-33.949474543333054" lon="18.433342650532722">
        <ele>496.5390625</ele>
      </trkpt>
      <trkpt lat="-33.949459958821535" lon="18.433290012180805">
        <ele>495.73046875</ele>
      </trkpt>
      <trkpt lat="-33.949500024318695" lon="18.433009972795844">
        <ele>499.75390625</ele>
      </trkpt>
      <trkpt lat="-33.949590967968106" lon="18.432782990857959">
        <ele>505.23046875</ele>
      </trkpt>
      <trkpt lat="-33.949552830308676" lon="18.432647958397865">
        <ele>501.1484375</ele>
      </trkpt>
      <trkpt lat="-33.949679983779788" lon="18.432179996743798">
        <ele>511.921875</ele>
      </trkpt>
      <trkpt lat="-33.949585938826203" lon="18.432110594585538">
        <ele>506.53125</ele>
      </trkpt>
      <trkpt lat="-33.949549980461597" lon="18.431929964572191">
        <ele>508.28125</ele>
      </trkpt>
      <trkpt lat="-33.949553584679961" lon="18.431763080880046">
        <ele>512.734375</ele>
      </trkpt>
      <trkpt lat="-33.94931998103857" lon="18.4311299957335">
        <ele>522.84375</ele>
      </trkpt>
      <trkpt lat="-33.949119988828897" lon="18.430920029059052">
        <ele>521.62109375</ele>
      </trkpt>
      <trkpt lat="-33.949100039899349" lon="18.430839981883764">
        <ele>524.8984375</ele>
      </trkpt>
      <trkpt lat="-33.9488953538239" lon="18.430690867826343">
        <ele>522.48828125</ele>
      </trkpt>
      <trkpt lat="-33.948610033839941" lon="18.43024997971952">
        <ele>515.53125</ele>
      </trkpt>
      <trkpt lat="-33.948615314438939" lon="18.429630221799016">
        <ele>517.44140625</ele>
      </trkpt>
      <trkpt lat="-33.94878001883626" lon="18.42938999645412">
        <ele>532.68359375</ele>
      </trkpt>
      <trkpt lat="-33.948783790692687" lon="18.429200984537601">
        <ele>520.15234375</ele>
      </trkpt>
      <trkpt lat="-33.948829974979162" lon="18.429060000926256">
        <ele>511.22265625</ele>
      </trkpt>
      <trkpt lat="-33.949049999937415" lon="18.428990012034774">
        <ele>517.9375</ele>
      </trkpt>
      <trkpt lat="-33.949198862537742" lon="18.429060084745288">
        <ele>524.5234375</ele>
      </trkpt>
      <trkpt lat="-33.949546124786139" lon="18.429080620408058">
        <ele>520.78125</ele>
      </trkpt>
      <trkpt lat="-33.949839994311333" lon="18.429199978709221">
        <ele>517.9140625</ele>
      </trkpt>
      <trkpt lat="-33.949990030378103" lon="18.429420003667474">
        <ele>527.77734375</ele>
      </trkpt>
      <trkpt lat="-33.950239978730679" lon="18.429559981450438">
        <ele>528.8828125</ele>
      </trkpt>
      <trkpt lat="-33.95063241943717" lon="18.429584791883826">
        <ele>527.8125</ele>
      </trkpt>
      <trkpt lat="-33.950839703902602" lon="18.429474150761962">
        <ele>528.0390625</ele>
      </trkpt>
      <trkpt lat="-33.951152348890901" lon="18.429124457761645">
        <ele>513.6484375</ele>
      </trkpt>
      <trkpt lat="-33.951289979740977" lon="18.429169971495867">
        <ele>522.92578125</ele>
      </trkpt>
      <trkpt lat="-33.951444793492556" lon="18.429209031164646">
        <ele>530.55078125</ele>
      </trkpt>
      <trkpt lat="-33.951740004122257" lon="18.429129989817739">
        <ele>529.50390625</ele>
      </trkpt>
      <trkpt lat="-33.95193999633193" lon="18.42896000482142">
        <ele>516.2421875</ele>
      </trkpt>
      <trkpt lat="-33.952279966324568" lon="18.428839975968003">
        <ele>506.1328125</ele>
      </trkpt>
      <trkpt lat="-33.952989997342229" lon="18.428920023143291">
        <ele>502.65234375</ele>
      </trkpt>
      <trkpt lat="-33.953559966757894" lon="18.428699998185039">
        <ele>497.6484375</ele>
      </trkpt>
      <trkpt lat="-33.953960034996271" lon="18.42863998375833">
        <ele>489.93359375</ele>
      </trkpt>
      <trkpt lat="-33.954360019415617" lon="18.428730005398393">
        <ele>492.84375</ele>
      </trkpt>
      <trkpt lat="-33.954599993303418" lon="18.428809968754649">
        <ele>501.80859375</ele>
      </trkpt>
      <trkpt lat="-33.95469001494348" lon="18.428479973226786">
        <ele>490.2421875</ele>
      </trkpt>
      <trkpt lat="-33.954729996621609" lon="18.428060039877892">
        <ele>481.4375</ele>
      </trkpt>
      <trkpt lat="-33.954869974404573" lon="18.427640022709966">
        <ele>475.9375</ele>
      </trkpt>
      <trkpt lat="-33.95514003932476" lon="18.427440030500293">
        <ele>475.09375</ele>
      </trkpt>
      <trkpt lat="-33.955949982628226" lon="18.427069969475269">
        <ele>470.2734375</ele>
      </trkpt>
      <trkpt lat="-33.956219963729382" lon="18.427250012755394">
        <ele>487.19140625</ele>
      </trkpt>
      <trkpt lat="-33.956314092501998" lon="18.427136354148388">
        <ele>489.03125</ele>
      </trkpt>
      <trkpt lat="-33.956330018118024" lon="18.426950024440885">
        <ele>486.96875</ele>
      </trkpt>
      <trkpt lat="-33.95627997815609" lon="18.426500000059605">
        <ele>479.18359375</ele>
      </trkpt>
      <trkpt lat="-33.95627997815609" lon="18.426200011745095">
        <ele>478.37109375</ele>
      </trkpt>
      <trkpt lat="-33.956302190199494" lon="18.426071768626571">
        <ele>478.90625</ele>
      </trkpt>
      <trkpt lat="-33.956316187977791" lon="18.425744203850627">
        <ele>476.96875</ele>
      </trkpt>
      <trkpt lat="-33.956338986754417" lon="18.425642196089029">
        <ele>477.58984375</ele>
      </trkpt>
      <trkpt lat="-33.956399252638221" lon="18.425641609355807">
        <ele>481.2734375</ele>
      </trkpt>
      <trkpt lat="-33.95642414689064" lon="18.425563406199217">
        <ele>482.234375</ele>
      </trkpt>
      <trkpt lat="-33.956405036151409" lon="18.425295520573854">
        <ele>478.61328125</ele>
      </trkpt>
      <trkpt lat="-33.956444012001157" lon="18.425080105662346">
        <ele>477.984375</ele>
      </trkpt>
      <trkpt lat="-33.956381734460592" lon="18.425113549456">
        <ele>474.76953125</ele>
      </trkpt>
      <trkpt lat="-33.956349967047572" lon="18.42505001462996">
        <ele>471.51171875</ele>
      </trkpt>
      <trkpt lat="-33.956219963729382" lon="18.425240032374859">
        <ele>466.6796875</ele>
      </trkpt>
      <trkpt lat="-33.956205379217863" lon="18.42519954778254">
        <ele>465.3515625</ele>
      </trkpt>
      <trkpt lat="-33.956240834668279" lon="18.424913221970201">
        <ele>461.77734375</ele>
      </trkpt>
      <trkpt lat="-33.956309985369444" lon="18.424729993566871">
        <ele>462.65234375</ele>
      </trkpt>
      <trkpt lat="-33.956309985369444" lon="18.424239987507463">
        <ele>453.4140625</ele>
      </trkpt>
      <trkpt lat="-33.956040004268289" lon="18.424650030210614">
        <ele>444.7109375</ele>
      </trkpt>
      <trkpt lat="-33.955810004845262" lon="18.424880029633641">
        <ele>436.8515625</ele>
      </trkpt>
      <trkpt lat="-33.955888627097011" lon="18.424550956115127">
        <ele>434.5</ele>
      </trkpt>
      <trkpt lat="-33.955900026485324" lon="18.424290027469397">
        <ele>430.66015625</ele>
      </trkpt>
      <trkpt lat="-33.955840012058616" lon="18.42416999861598">
        <ele>426.3359375</ele>
      </trkpt>
      <trkpt lat="-33.95571562461555" lon="18.424459593370557">
        <ele>424.12890625</ele>
      </trkpt>
      <trkpt lat="-33.955559972673655" lon="18.424660004675388">
        <ele>420.296875</ele>
      </trkpt>
      <trkpt lat="-33.95554999820888" lon="18.424230013042688">
        <ele>413.24609375</ele>
      </trkpt>
      <trkpt lat="-33.955447990447283" lon="18.424277873709798">
        <ele>409.37890625</ele>
      </trkpt>
      <trkpt lat="-33.955340031534433" lon="18.424239987507463">
        <ele>404.24609375</ele>
      </trkpt>
      <trkpt lat="-33.955210028216243" lon="18.424479961395264">
        <ele>402.40234375</ele>
      </trkpt>
      <trkpt lat="-33.955172728747129" lon="18.42446856200695">
        <ele>400.66015625</ele>
      </trkpt>
      <trkpt lat="-33.955229977145791" lon="18.423919966444373">
        <ele>395.94921875</ele>
      </trkpt>
      <trkpt lat="-33.955259984359145" lon="18.423830028623343">
        <ele>396.16796875</ele>
      </trkpt>
      <trkpt lat="-33.955507166683674" lon="18.423413364216685">
        <ele>398.0703125</ele>
      </trkpt>
      <trkpt lat="-33.955614874139428" lon="18.423195853829384">
        <ele>398.6875</ele>
      </trkpt>
      <trkpt lat="-33.955555530264974" lon="18.422845909371972">
        <ele>397.77734375</ele>
      </trkpt>
      <trkpt lat="-33.955280017107725" lon="18.422460006549954">
        <ele>388.67578125</ele>
      </trkpt>
      <trkpt lat="-33.955189995467663" lon="18.422060022130609">
        <ele>385.7265625</ele>
      </trkpt>
      <trkpt lat="-33.955789972096682" lon="18.419159967452288">
        <ele>389.2421875</ele>
      </trkpt>
      <trkpt lat="-33.955749990418553" lon="18.418770041316748">
        <ele>383.59375</ele>
      </trkpt>
      <trkpt lat="-33.95557003095746" lon="18.418970033526421">
        <ele>380.01171875</ele>
      </trkpt>
      <trkpt lat="-33.955535413697362" lon="18.419157033786178">
        <ele>379.96484375</ele>
      </trkpt>
      <trkpt lat="-33.95547715947032" lon="18.419258119538426">
        <ele>378.06640625</ele>
      </trkpt>
      <trkpt lat="-33.955370038747787" lon="18.41927002184093">
        <ele>373.92578125</ele>
      </trkpt>
      <trkpt lat="-33.954869974404573" lon="18.418520009145141">
        <ele>355.15625</ele>
      </trkpt>
      <trkpt lat="-33.954763943329453" lon="18.418529396876693">
        <ele>352.8359375</ele>
      </trkpt>
      <trkpt lat="-33.954669982194901" lon="18.418940026313066">
        <ele>350.02734375</ele>
      </trkpt>
      <trkpt lat="-33.954669982194901" lon="18.419370017945766">
        <ele>348.22265625</ele>
      </trkpt>
      <trkpt lat="-33.954588510096073" lon="18.419522987678647">
        <ele>345.28515625</ele>
      </trkpt>
      <trkpt lat="-33.954579960554838" lon="18.419830016791821">
        <ele>345.515625</ele>
      </trkpt>
      <trkpt lat="-33.954482562839985" lon="18.420091532170773">
        <ele>344.1015625</ele>
      </trkpt>
      <trkpt lat="-33.954269997775555" lon="18.420380037277937">
        <ele>338.44921875</ele>
      </trkpt>
      <trkpt lat="-33.95410998724401" lon="18.420869959518313">
        <ele>334.26171875</ele>
      </trkpt>
      <trkpt lat="-33.954090038314462" lon="18.421149998903275">
        <ele>334.5546875</ele>
      </trkpt>
      <trkpt lat="-33.953855009749532" lon="18.421709993854165">
        <ele>328.8671875</ele>
      </trkpt>
      <trkpt lat="-33.953619981184602" lon="18.422269988805056">
        <ele>322.8671875</ele>
      </trkpt>
      <trkpt lat="-33.953640013933182" lon="18.422550028190017">
        <ele>324.04296875</ele>
      </trkpt>
      <trkpt lat="-33.953489977866411" lon="18.42272998765111">
        <ele>320.0546875</ele>
      </trkpt>
      <trkpt lat="-33.953510010614991" lon="18.422620017081499">
        <ele>319.86328125</ele>
      </trkpt>
      <trkpt lat="-33.953440021723509" lon="18.422350035980344">
        <ele>316.58203125</ele>
      </trkpt>
      <trkpt lat="-33.95341269671917" lon="18.421987518668175">
        <ele>313.734375</ele>
      </trkpt>
      <trkpt lat="-33.953329967334867" lon="18.421809989959002">
        <ele>309.51171875</ele>
      </trkpt>
      <trkpt lat="-33.953251345083117" lon="18.421840583905578">
        <ele>306.86328125</ele>
      </trkpt>
      <trkpt lat="-33.953080018982291" lon="18.422179967164993">
        <ele>303.796875</ele>
      </trkpt>
      <trkpt lat="-33.95297197625041" lon="18.422250878065825">
        <ele>301.4296875</ele>
      </trkpt>
      <trkpt lat="-33.952880026772618" lon="18.422239981591702">
        <ele>298.78515625</ele>
      </trkpt>
      <trkpt lat="-33.952844152227044" lon="18.422201341018081">
        <ele>297.3203125</ele>
      </trkpt>
      <trkpt lat="-33.952849265187979" lon="18.42214903794229">
        <ele>296.69921875</ele>
      </trkpt>
      <trkpt lat="-33.952842308208346" lon="18.422074019908905">
        <ele>295.65625</ele>
      </trkpt>
      <trkpt lat="-33.952991254627705" lon="18.421631539240479">
        <ele>296.19921875</ele>
      </trkpt>
      <trkpt lat="-33.953080018982291" lon="18.421159973368049">
        <ele>294.97265625</ele>
      </trkpt>
      <trkpt lat="-33.953072391450405" lon="18.420843975618482">
        <ele>293.85546875</ele>
      </trkpt>
      <trkpt lat="-33.952969964593649" lon="18.420439967885613">
        <ele>290.8515625</ele>
      </trkpt>
      <trkpt lat="-33.95283417776227" lon="18.420268809422851">
        <ele>287.46875</ele>
      </trkpt>
      <trkpt lat="-33.952790005132556" lon="18.42026000842452">
        <ele>286.14453125</ele>
      </trkpt>
      <trkpt lat="-33.952746503055096" lon="18.420308036729693">
        <ele>284.55078125</ele>
      </trkpt>
      <trkpt lat="-33.952639969065785" lon="18.420759988948703">
        <ele>279.98046875</ele>
      </trkpt>
      <trkpt lat="-33.952498063445091" lon="18.420810699462891">
        <ele>276.5859375</ele>
      </trkpt>
      <trkpt lat="-33.952190028503537" lon="18.420460000634193">
        <ele>269.78125</ele>
      </trkpt>
      <trkpt lat="-33.952157003805041" lon="18.420326057821512">
        <ele>269.38671875</ele>
      </trkpt>
      <trkpt lat="-33.952029766514897" lon="18.420354640111327">
        <ele>266.89453125</ele>
      </trkpt>
      <trkpt lat="-33.951900014653802" lon="18.420499982312322">
        <ele>264.55859375</ele>
      </trkpt>
      <trkpt lat="-33.95135996863246" lon="18.420659992843866">
        <ele>254.19921875</ele>
      </trkpt>
      <trkpt lat="-33.951268270611763" lon="18.420678768306971">
        <ele>252.21875</ele>
      </trkpt>
      <trkpt lat="-33.95127983763814" lon="18.420637948438525">
        <ele>252.46875</ele>
      </trkpt>
      <trkpt lat="-33.951481841504574" lon="18.420009724795818">
        <ele>256.48046875</ele>
      </trkpt>
      <trkpt lat="-33.951519979164004" lon="18.419609991833568">
        <ele>259.71875</ele>
      </trkpt>
      <trkpt lat="-33.951447810977697" lon="18.419501530006528">
        <ele>259.58984375</ele>
      </trkpt>
      <trkpt lat="-33.950869962573051" lon="18.419200032949448">
        <ele>251.56640625</ele>
      </trkpt>
      <trkpt lat="-33.950309967622161" lon="18.418929968029261">
        <ele>241.546875</ele>
      </trkpt>
      <trkpt lat="-33.950211983174086" lon="18.418839778751135">
        <ele>238.96484375</ele>
      </trkpt>
      <trkpt lat="-33.950369982048869" lon="18.41841003857553">
        <ele>237.3125</ele>
      </trkpt>
      <trkpt lat="-33.950439970940351" lon="18.418299984186888">
        <ele>236.67578125</ele>
      </trkpt>
      <trkpt lat="-33.950540972873569" lon="18.418197305873036">
        <ele>236.953125</ele>
      </trkpt>
      <trkpt lat="-33.950690003111959" lon="18.418199988082051">
        <ele>239.609375</ele>
      </trkpt>
      <trkpt lat="-33.950871303677559" lon="18.418131843209267">
        <ele>243.39453125</ele>
      </trkpt>
      <trkpt lat="-33.951050005853176" lon="18.41793998144567">
        <ele>245.828125</ele>
      </trkpt>
      <trkpt lat="-33.951032152399421" lon="18.4178745187819">
        <ele>246.53515625</ele>
      </trkpt>
      <trkpt lat="-33.950981860980392" lon="18.417843757197261">
        <ele>246.203125</ele>
      </trkpt>
      <trkpt lat="-33.950780024752021" lon="18.417839985340834">
        <ele>243.01953125</ele>
      </trkpt>
      <trkpt lat="-33.950429996475577" lon="18.417979963123798">
        <ele>234.1953125</ele>
      </trkpt>
      <trkpt lat="-33.950330168008804" lon="18.418020950630307">
        <ele>233.3984375</ele>
      </trkpt>
      <trkpt lat="-33.949969997629523" lon="18.418169980868697">
        <ele>227.70703125</ele>
      </trkpt>
      <trkpt lat="-33.949790876358747" lon="18.418200993910432">
        <ele>223.6171875</ele>
      </trkpt>
      <trkpt lat="-33.949700016528368" lon="18.418150031939149">
        <ele>222.5234375</ele>
      </trkpt>
      <trkpt lat="-33.948710029944777" lon="18.41740001924336">
        <ele>215.125</ele>
      </trkpt>
      <trkpt lat="-33.948533171787858" lon="18.417174881324172">
        <ele>213.65234375</ele>
      </trkpt>
      <trkpt lat="-33.948160009458661" lon="18.416940020397305">
        <ele>207.19921875</ele>
      </trkpt>
      <trkpt lat="-33.947990024462342" lon="18.41694999486208">
        <ele>204.13671875</ele>
      </trkpt>
      <trkpt lat="-33.947903271764517" lon="18.417046051472425">
        <ele>202.59375</ele>
      </trkpt>
      <trkpt lat="-33.947809981182218" lon="18.41737998649478">
        <ele>199.9296875</ele>
      </trkpt>
      <trkpt lat="-33.947479985654354" lon="18.417319972068071">
        <ele>193.7421875</ele>
      </trkpt>
      <trkpt lat="-33.94712844863534" lon="18.417190555483103">
        <ele>186.05078125</ele>
      </trkpt>
      <trkpt lat="-33.947056531906128" lon="18.417068347334862">
        <ele>185.38671875</ele>
      </trkpt>
      <trkpt lat="-33.947003139182925" lon="18.417110424488783">
        <ele>183.71875</ele>
      </trkpt>
      <trkpt lat="-33.946947064250708" lon="18.417107323184609">
        <ele>182.3359375</ele>
      </trkpt>
      <trkpt lat="-33.946799961850047" lon="18.417639993131161">
        <ele>174.58203125</ele>
      </trkpt>
      <trkpt lat="-33.946726536378264" lon="18.417603531852365">
        <ele>172.73046875</ele>
      </trkpt>
      <trkpt lat="-33.94661002792418" lon="18.417609985917807">
        <ele>169.79296875</ele>
      </trkpt>
      <trkpt lat="-33.946259999647737" lon="18.41753002256155">
        <ele>162.98046875</ele>
      </trkpt>
      <trkpt lat="-33.946123626083136" lon="18.417362552136183">
        <ele>161.35546875</ele>
      </trkpt>
      <trkpt lat="-33.945869989693165" lon="18.417260041460395">
        <ele>160.046875</ele>
      </trkpt>
      <trkpt lat="-33.945649964734912" lon="18.417140012606978">
        <ele>159.60546875</ele>
      </trkpt>
      <trkpt lat="-33.945230031386018" lon="18.416980002075434">
        <ele>152.6640625</ele>
      </trkpt>
      <trkpt lat="-33.944759974256158" lon="18.416940020397305">
        <ele>146.14453125</ele>
      </trkpt>
      <trkpt lat="-33.944679759442806" lon="18.416900038719177">
        <ele>145.140625</ele>
      </trkpt>
      <trkpt lat="-33.944613626226783" lon="18.416801299899817">
        <ele>144.609375</ele>
      </trkpt>
      <trkpt lat="-33.94429000094533" lon="18.415799997746944">
        <ele>146.66796875</ele>
      </trkpt>
      <trkpt lat="-33.944246834143996" lon="18.415718860924244">
        <ele>146.23046875</ele>
      </trkpt>
      <trkpt lat="-33.944169720634818" lon="18.415633365511894">
        <ele>145.3984375</ele>
      </trkpt>
      <trkpt lat="-33.944020019844174" lon="18.415560023859143">
        <ele>143.70703125</ele>
      </trkpt>
      <trkpt lat="-33.943850034847856" lon="18.415530016645789">
        <ele>141.2578125</ele>
      </trkpt>
      <trkpt lat="-33.944004932418466" lon="18.41506389901042">
        <ele>141.65625</ele>
      </trkpt>
      <trkpt lat="-33.944065030664206" lon="18.414966501295567">
        <ele>141.80859375</ele>
      </trkpt>
      <trkpt lat="-33.944199979305267" lon="18.415240002796054">
        <ele>144.98046875</ele>
      </trkpt>
      <trkpt lat="-33.944229232147336" lon="18.415318792685866">
        <ele>145.58203125</ele>
      </trkpt>
      <trkpt lat="-33.944485802203417" lon="18.415261963382363">
        <ele>147.75</ele>
      </trkpt>
      <trkpt lat="-33.944859970360994" lon="18.415149981155992">
        <ele>149.63671875</ele>
      </trkpt>
      <trkpt lat="-33.945086533203721" lon="18.415165320038795">
        <ele>153.03515625</ele>
      </trkpt>
      <trkpt lat="-33.945135651156306" lon="18.414962058886886">
        <ele>151.5078125</ele>
      </trkpt>
      <trkpt lat="-33.94510991871357" lon="18.41482300311327">
        <ele>150.01953125</ele>
      </trkpt>
      <trkpt lat="-33.945035487413406" lon="18.414731388911605">
        <ele>148.34765625</ele>
      </trkpt>
      <trkpt lat="-33.944749999791384" lon="18.414770029485226">
        <ele>145.12109375</ele>
      </trkpt>
      <trkpt lat="-33.944659978151321" lon="18.414770029485226">
        <ele>144.796875</ele>
      </trkpt>
    </trkseg>
  </trk>
</gpx>
